Time_ms,Detrended_Displacement_nm
0.0,-105.21967134723303
1.0,-420.5980710924034
2.0,-419.48047083757376
3.0,-418.3628705827441
4.0,-417.2452703279145
5.0,-416.12767007308486
6.0,-415.01006981825526
7.0,-413.8924695634256
8.0,-412.774869308596
9.0,-411.65726905376636
10.0,-410.53966879893676
11.0,-409.4220685441071
12.0,-408.30446828927745
13.0,-407.18686803444785
14.0,-406.06926777961826
15.0,-404.9516675247886
16.0,-403.83406726995895
17.0,-402.71646701512935
18.0,-85.10286676029973
19.0,-83.98526650547011
20.0,-82.86766625064048
21.0,-81.75006599581086
22.0,-80.63246574098122
23.0,-79.51486548615159
24.0,-78.39726523132197
25.0,239.21633502350764
26.0,240.33393527833726
27.0,241.4515355331669
28.0,242.56913578799652
29.0,560.1817360428262
30.0,561.2993362976558
31.0,562.4169365524854
32.0,880.030536807315
33.0,881.1481370621447
34.0,882.2657373169743
35.0,883.3833375718038
36.0,884.5009378266335
37.0,1202.1145380814633
38.0,1203.2321383362928
39.0,1204.3497385911223
40.0,1521.9623388459522
41.0,1523.0799391007818
42.0,1524.1975393556113
43.0,1525.315139610441
44.0,1526.4327398652706
45.0,1527.5503401201004
46.0,1212.1729403749298
47.0,1213.2905406297593
48.0,1214.408140884589
49.0,1215.5257411394186
50.0,1216.6433413942482
51.0,1217.760941649078
52.0,1218.8785419039075
53.0,1219.9961421587373
54.0,1221.1137424135668
55.0,905.7353426683965
56.0,906.8529429232261
57.0,907.9705431780557
58.0,592.5921434328853
59.0,593.709743687715
60.0,278.3323439425446
61.0,279.44994419737424
62.0,280.56754445220383
63.0,281.6851447070335
64.0,282.80274496186314
65.0,283.92034521669274
66.0,285.03794547152233
67.0,-30.340454273647993
68.0,-29.222854018818353
69.0,-28.105253763988728
70.0,-343.48365350915907
71.0,-342.3660532543295
72.0,-341.2484529994998
73.0,-340.1308527446702
74.0,-339.01325248984057
75.0,-337.89565223501097
76.0,-653.2730519801813
77.0,-652.1554517253517
78.0,-651.0378514705221
79.0,-333.42525121569247
80.0,-332.3076509608628
81.0,-331.19005070603316
82.0,-330.07245045120357
83.0,-328.9548501963739
84.0,-327.8372499415443
85.0,-643.2146496867147
86.0,-642.097049431885
87.0,-640.9794491770554
88.0,-323.3668489222258
89.0,-322.24924866739616
90.0,-321.1316484125665
91.0,-320.0140481577369
92.0,-318.8964479029073
93.0,-317.77884764807766
94.0,-316.661247393248
95.0,0.9523528615815877
96.0,2.069953116411213
97.0,3.1875533712408384
98.0,320.80115362607046
99.0,321.91875388090006
100.0,323.0363541357297
101.0,324.1539543905593
102.0,325.27155464538896
103.0,326.3891549002186
104.0,644.0017551550482
105.0,645.1193554098778
106.0,962.7329556647074
107.0,963.8505559195371
108.0,964.9681561743668
109.0,1282.5817564291963
110.0,1283.699356684026
111.0,1284.8169569388556
112.0,1285.9345571936851
113.0,1287.052157448515
114.0,1288.1697577033444
115.0,972.7913579581741
116.0,973.9089582130038
117.0,975.0265584678334
118.0,976.144158722663
119.0,977.2617589774926
120.0,978.3793592323223
121.0,663.0009594871519
122.0,664.1185597419815
123.0,665.2361599968111
124.0,666.3537602516408
125.0,667.4713605064704
126.0,352.0939607613
127.0,36.71556101612967
128.0,37.833161270959295
129.0,38.95076152578892
130.0,40.068361780618545
131.0,-275.31003796455184
132.0,-274.1924377097222
133.0,-273.07483745489253
134.0,-271.95723720006293
135.0,-270.8396369452333
136.0,-269.7220366904037
137.0,-268.60443643557403
138.0,-267.4868361807444
139.0,-266.3692359259148
140.0,-265.2516356710852
141.0,-580.6290354162555
142.0,-579.5114351614259
143.0,-578.3938349065963
144.0,-577.2762346517667
145.0,-576.158634396937
146.0,-575.0410341421074
147.0,-573.9234338872777
148.0,-572.8058336324482
149.0,-571.6882333776185
150.0,-570.5706331227889
151.0,-569.4530328679592
152.0,-568.3354326131296
153.0,-567.2178323583
154.0,-566.1002321034704
155.0,-564.9826318486407
156.0,-563.8650315938112
157.0,-879.2434313389815
158.0,-878.1258310841519
159.0,-877.0082308293222
160.0,-875.8906305744927
161.0,-558.277030319663
162.0,-557.1594300648334
163.0,-239.54682981000371
164.0,-238.4292295551741
165.0,-237.31162930034446
166.0,-236.19402904551484
167.0,81.41957120931477
168.0,82.5371714641444
169.0,83.65477171897402
170.0,84.77237197380364
171.0,85.88997222863327
172.0,87.0075724834629
173.0,88.12517273829255
174.0,405.73877299312215
175.0,406.85637324795175
176.0,407.9739735027814
177.0,725.5865737576111
178.0,726.7041740124407
179.0,727.8217742672703
180.0,728.9393745220999
181.0,730.0569747769296
182.0,731.1745750317591
183.0,732.2921752865888
184.0,733.4097755414184
185.0,734.5273757962481
186.0,735.6449760510777
187.0,736.7625763059073
188.0,737.8801765607369
189.0,422.50277681556656
190.0,423.6203770703962
191.0,108.24197732522583
192.0,109.35957758005546
193.0,110.47717783488508
194.0,111.59477808971471
195.0,112.71237834454433
196.0,-202.66602140062602
197.0,-201.5484211457964
198.0,-200.43082089096677
199.0,-515.8082206361371
200.0,-514.6906203813076
201.0,-513.5730201264779
202.0,-512.4554198716482
203.0,-827.8338196168186
204.0,-826.716219361989
205.0,-825.5986191071594
206.0,-824.4810188523297
207.0,-823.3634185975001
208.0,-505.7498183426705
209.0,-504.6322180878409
210.0,-503.51461783301124
211.0,-502.3970175781816
212.0,-817.7754173233519
213.0,-816.6578170685223
214.0,-1132.0362168136926
215.0,-1130.918616558863
216.0,-1129.8010163040335
217.0,-1128.6834160492037
218.0,-1127.5658157943742
219.0,-1126.4482155395444
220.0,-1125.330615284715
221.0,-1124.2130150298854
222.0,-1123.0954147750556
223.0,-1121.977814520226
224.0,-1120.8602142653963
225.0,-1119.7426140105667
226.0,-1118.6250137557372
227.0,-1434.0024135009076
228.0,-1432.884813246078
229.0,-1431.7672129912485
230.0,-1430.6496127364187
231.0,-1429.5320124815892
232.0,-1111.9194122267595
233.0,-1110.8018119719297
234.0,-1109.6842117171002
235.0,-1108.5666114622704
236.0,-1107.449011207441
237.0,-789.8354109526113
238.0,-788.7178106977817
239.0,-787.600210442952
240.0,-469.9866101881224
241.0,-468.8690099332928
242.0,-467.7514096784632
243.0,-466.6338094236335
244.0,-465.51620916880387
245.0,-147.90360891397427
246.0,-146.7860086591446
247.0,-145.66840840431502
248.0,171.94519185051462
249.0,173.06279210534422
250.0,174.18039236017387
251.0,175.29799261500347
252.0,176.41559286983312
253.0,177.53319312466272
254.0,178.65079337949237
255.0,179.76839363432197
256.0,180.88599388915162
257.0,182.00359414398127
258.0,183.12119439881087
259.0,184.23879465364053
260.0,185.35639490847012
261.0,186.47399516329978
262.0,187.59159541812937
263.0,-127.78680432704095
264.0,-126.66920407221136
265.0,-125.5516038173817
266.0,-124.4340035625521
267.0,-439.81140330772246
268.0,-438.69380305289286
269.0,-437.5762027980632
270.0,-436.45860254323355
271.0,-435.34100228840396
272.0,-750.7194020335743
273.0,-749.6018017787446
274.0,-748.4842015239151
275.0,-747.3666012690854
276.0,-1062.7450010142556
277.0,-1061.627400759426
278.0,-1060.5098005045966
279.0,-1059.392200249767
280.0,-1058.2745999949373
281.0,-1057.1569997401077
282.0,-739.5433994852781
283.0,-738.4257992304483
284.0,-1053.8041989756189
285.0,-1052.686598720789
286.0,-1051.5689984659596
287.0,-1050.4513982111298
288.0,-1049.3337979563003
289.0,-1048.2161977014707
290.0,-1363.593597446641
291.0,-1362.4759971918115
292.0,-1361.358396936982
293.0,-1360.2407966821522
294.0,-1359.1231964273227
295.0,-1358.005596172493
296.0,-1356.8879959176634
297.0,-1355.7703956628338
298.0,-1354.652795408004
299.0,-1353.5351951531745
300.0,-1352.4175948983448
301.0,-1034.804994643515
302.0,-1033.6873943886853
303.0,-1032.5697941338558
304.0,-1031.4521938790263
305.0,-713.8385936241966
306.0,-712.720993369367
307.0,-711.6033931145373
308.0,-710.4857928597078
309.0,-392.8721926048781
310.0,-391.7545923500485
311.0,-390.63699209521883
312.0,-73.02439184038923
313.0,-71.90679158555957
314.0,-70.78919133072998
315.0,-69.67159107590032
316.0,-68.55399082107073
317.0,249.0596094337589
318.0,-66.31879031141148
319.0,-65.20119005658182
320.0,-64.08358980175223
321.0,-62.96598954692257
322.0,-61.84838929209292
323.0,-60.73078903726332
324.0,256.8828112175663
325.0,258.0004114723959
326.0,259.11801172722556
327.0,260.23561198205516
328.0,261.3532122368848
329.0,-54.02518750828557
330.0,-52.907587253455915
331.0,-51.78998699862632
332.0,-50.672386743796665
333.0,-366.049786488967
334.0,-48.437186234137414
335.0,-47.31958597930776
336.0,-46.20198572447816
337.0,-45.08438546964851
338.0,-43.96678521481891
339.0,-42.84918495998926
340.0,-41.73158470515966
341.0,-40.61398445033001
342.0,-39.49638419550041
343.0,-354.87378394067076
344.0,-353.75618368584117
345.0,-352.6385834310115
346.0,-351.52098317618186
347.0,-666.8993829213523
348.0,-665.7817826665225
349.0,-664.664182411693
350.0,-663.5465821568633
351.0,-662.4289819020337
352.0,-661.3113816472041
353.0,-660.1937813923745
354.0,-975.5721811375448
355.0,-974.4545808827152
356.0,-973.3369806278856
357.0,-972.219380373056
358.0,-971.1017801182263
359.0,-969.9841798633967
360.0,-968.866579608567
361.0,-1284.2439793537376
362.0,-1283.1263790989078
363.0,-1282.0087788440783
364.0,-1280.8911785892487
365.0,-1279.773578334419
366.0,-1278.6559780795894
367.0,-1277.5383778247597
368.0,-959.92577756993
369.0,-958.8081773151005
370.0,-641.1945770602708
371.0,-640.0769768054412
372.0,-638.9593765506115
373.0,-637.841776295782
374.0,-636.7241760409522
375.0,-635.6065757861227
376.0,-634.488975531293
377.0,-633.3713752764634
378.0,-632.2537750216338
379.0,-314.6401747668042
380.0,2.972425488025465
381.0,4.090025742855062
382.0,5.2076259976847155
383.0,322.8212262525143
384.0,323.93882650734395
385.0,325.0564267621736
386.0,326.1740270170032
387.0,327.29162727183285
388.0,328.40922752666245
389.0,329.5268277814921
390.0,330.6444280363217
391.0,331.76202829115135
392.0,332.87962854598095
393.0,333.9972288008106
394.0,335.1148290556402
395.0,336.23242931046985
396.0,337.35002956529945
397.0,338.4676298201291
398.0,339.58523007495876
399.0,340.70283032978836
400.0,341.820430584618
401.0,342.9380308394476
402.0,344.05563109427726
403.0,28.677231349106876
404.0,29.79483160393653
405.0,30.912431858766126
406.0,32.03003211359578
407.0,33.14763236842538
408.0,34.26523262325503
409.0,35.38283287808463
410.0,352.99643313291426
411.0,354.1140333877439
412.0,355.2316336425735
413.0,356.34923389740317
414.0,357.46683415223276
415.0,358.5844344070624
416.0,359.702034661892
417.0,360.81963491672167
418.0,45.441235171551284
419.0,46.55883542638094
420.0,47.676435681210535
421.0,365.29003593604017
422.0,366.40763619086977
423.0,367.5252364456994
424.0,368.6428367005291
425.0,369.76043695535867
426.0,370.8780372101883
427.0,55.49963746501794
428.0,56.617237719847594
429.0,-258.7601620253228
430.0,-257.64256177049316
431.0,-573.0209615156635
432.0,-571.9033612608339
433.0,-254.2897610060043
434.0,-253.17216075117466
435.0,-252.05456049634506
436.0,65.5580397584846
437.0,66.67564001331425
438.0,384.2892402681438
439.0,385.4068405229735
440.0,386.5244407778031
441.0,387.64204103263273
442.0,705.2556412874624
443.0,706.3732415422919
444.0,707.4908417971216
445.0,708.6084420519512
446.0,1026.2210423067809
447.0,1027.3386425616104
448.0,1028.4562428164402
449.0,1346.0698430712696
450.0,1347.1874433260994
451.0,1348.305043580929
452.0,1665.9186438357585
453.0,1667.0362440905883
454.0,1668.1538443454178
455.0,1669.2714446002474
456.0,1670.3890448550771
457.0,1671.5066451099067
458.0,1672.6242453647365
459.0,1357.245845619566
460.0,1358.3634458743957
461.0,1359.4810461292252
462.0,1360.598646384055
463.0,1361.7162466388845
464.0,1362.833846893714
465.0,1680.4474471485437
466.0,1681.5650474033735
467.0,1682.682647658203
468.0,1683.8002479130325
469.0,1684.9178481678623
470.0,1369.539448422692
471.0,1370.6570486775215
472.0,1055.2786489323512
473.0,1056.3962491871807
474.0,1057.5138494420105
475.0,1058.63144969684
476.0,1059.7490499516696
477.0,1377.3626502064992
478.0,1378.480250461329
479.0,1696.0938507161586
480.0,1697.2114509709882
481.0,1698.3290512258177
482.0,1699.4466514806475
483.0,1700.564251735477
484.0,1385.1858519903067
485.0,1386.3034522451362
486.0,1070.925052499966
487.0,1072.0426527547957
488.0,1389.6562530096253
489.0,1390.7738532644548
490.0,1391.8914535192844
491.0,1393.0090537741141
492.0,1710.6226540289438
493.0,1711.7402542837733
494.0,1712.8578545386029
495.0,1713.9754547934326
496.0,1398.5970550482623
497.0,1399.7146553030918
498.0,1400.8322555579214
499.0,1085.453855812751
500.0,1086.5714560675808
501.0,771.1940563224105
502.0,772.31165657724
503.0,773.4292568320695
504.0,774.5468570868993
505.0,775.6644573417288
506.0,776.7820575965584
507.0,777.8996578513882
508.0,779.0172581062177
509.0,1096.6298583610474
510.0,1097.747458615877
511.0,782.3700588707065
512.0,783.4876591255363
513.0,784.6052593803659
514.0,1102.2178596351955
515.0,1103.335459890025
516.0,1104.4530601448548
517.0,1105.5706603996844
518.0,1423.184260654514
519.0,1424.3018609093435
520.0,1741.9154611641732
521.0,1743.033061419003
522.0,1744.1506616738325
523.0,2061.7632619286624
524.0,2062.880862183492
525.0,2063.9984624383214
526.0,2065.116062693151
527.0,2066.233662947981
528.0,1750.8562632028102
529.0,1751.97386345764
530.0,1753.0914637124695
531.0,1754.2090639672992
532.0,1755.3266642221288
533.0,1756.4442644769583
534.0,1757.561864731788
535.0,1758.6794649866176
536.0,1759.7970652414472
537.0,1760.914665496277
538.0,1762.0322657511065
539.0,1763.1498660059362
540.0,1764.2674662607658
541.0,1765.3850665155953
542.0,1450.006666770425
543.0,1451.1242670252548
544.0,1452.2418672800843
545.0,1453.3594675349138
546.0,1454.4770677897436
547.0,1772.0906680445732
548.0,1773.2082682994028
549.0,1774.3258685542323
550.0,2091.938468809062
551.0,2093.0560690638918
552.0,2094.1736693187213
553.0,2095.2912695735513
554.0,1779.9138698283805
555.0,1781.0314700832103
556.0,1782.1490703380398
557.0,1783.2666705928696
558.0,1467.888270847699
559.0,1469.0058711025285
560.0,1470.1234713573585
561.0,1471.241071612188
562.0,1472.3586718670176
563.0,1473.4762721218472
564.0,1158.0978723766768
565.0,1159.2154726315066
566.0,1160.3330728863361
567.0,1161.4506731411657
568.0,1162.5682733959954
569.0,1163.685873650825
570.0,848.3084739056548
571.0,849.4260741604843
572.0,850.5436744153138
573.0,851.6612746701436
574.0,1169.2738749249731
575.0,1170.3914751798027
576.0,1171.5090754346325
577.0,1172.626675689462
578.0,1490.2402759442916
579.0,1491.3578761991212
580.0,1492.4754764539507
581.0,1493.5930767087807
582.0,1494.7106769636102
583.0,1495.8282772184398
584.0,1496.9458774732693
585.0,1498.0634777280989
586.0,1499.1810779829289
587.0,1500.2986782377584
588.0,1817.9122784925878
589.0,1819.0298787474176
590.0,2136.6424790022475
591.0,2137.760079257077
592.0,2138.8776795119065
593.0,2139.995279766736
594.0,2141.1128800215656
595.0,2142.2304802763956
596.0,2143.348080531225
597.0,2460.961680786055
598.0,2462.079281040884
599.0,2463.196881295714
600.0,2464.3144815505434
601.0,2465.432081805373
602.0,2466.549682060203
603.0,2467.667282315032
604.0,2468.784882569862
605.0,2469.9024828246916
606.0,2154.524083079521
607.0,2155.641683334351
608.0,2156.7592835891805
609.0,2157.87688384401
610.0,1842.4994840988397
611.0,2160.112084353669
612.0,2161.229684608499
613.0,2162.3472848633287
614.0,2163.4648851181582
615.0,2164.5824853729882
616.0,2165.7000856278173
617.0,2166.8176858826473
618.0,1851.4402861374767
619.0,1852.5578863923063
620.0,1853.675486647136
621.0,1854.7930869019656
622.0,1855.9106871567953
623.0,1857.028287411625
624.0,1858.1458876664544
625.0,1859.2634879212842
626.0,1860.3810881761137
627.0,1861.4986884309433
628.0,1546.1202886857732
629.0,1547.2378889406027
630.0,1548.3554891954323
631.0,1549.4730894502618
632.0,1550.5906897050913
633.0,1551.7082899599213
634.0,1552.8258902147509
635.0,1553.9434904695804
636.0,1555.06109072441
637.0,1556.1786909792395
638.0,1240.8002912340694
639.0,1241.917891488899
640.0,1243.0354917437285
641.0,1244.1530919985582
642.0,1245.2706922533878
643.0,1246.3882925082175
644.0,1564.0018927630472
645.0,1565.1194930178767
646.0,1566.2370932727063
647.0,1567.3546935275358
648.0,1884.9682937823657
649.0,1886.0858940371952
650.0,1887.2034942920247
651.0,1888.3210945468545
652.0,1889.438694801684
653.0,1890.5562950565138
654.0,1891.6738953113434
655.0,2209.286495566173
656.0,2210.4040958210026
657.0,2211.5216960758326
658.0,2529.1352963306617
659.0,2530.2528965854917
660.0,2214.874496840321
661.0,2215.9920970951507
662.0,2217.1096973499807
663.0,1901.73229760481
664.0,1902.8498978596397
665.0,1903.9674981144692
666.0,1905.085098369299
667.0,1906.2026986241285
668.0,1590.824298878958
669.0,1591.941899133788
670.0,1593.0594993886175
671.0,1594.177099643447
672.0,1595.2946998982766
673.0,1596.4123001531061
674.0,1597.529900407936
675.0,1598.6475006627657
676.0,1599.7651009175952
677.0,1600.8827011724247
678.0,1602.0003014272543
679.0,1603.1179016820843
680.0,1604.2355019369138
681.0,1605.3531021917433
682.0,1606.470702446573
683.0,1607.5883027014024
684.0,1608.705902956232
685.0,1293.3275032110619
686.0,1294.4451034658914
687.0,1295.5627037207212
688.0,1613.1763039755506
689.0,1614.2939042303801
690.0,1298.91550448521
691.0,1300.0331047400396
692.0,1301.1507049948693
693.0,1302.2683052496989
694.0,986.8909055045284
695.0,988.0085057593582
696.0,989.1261060141877
697.0,990.2437062690173
698.0,991.361306523847
699.0,992.4789067786766
700.0,993.5965070335063
701.0,678.2181072883359
702.0,679.3357075431654
703.0,680.4533077979952
704.0,681.5709080528247
705.0,682.6885083076545
706.0,683.806108562484
707.0,684.9237088173136
708.0,686.0413090721433
709.0,687.1589093269729
710.0,688.2765095818024
711.0,689.3941098366322
712.0,690.5117100914617
713.0,691.6293103462915
714.0,692.746910601121
715.0,693.8645108559506
716.0,1011.4781111107803
717.0,1012.5957113656099
718.0,1013.7133116204396
719.0,1014.8309118752692
720.0,1015.9485121300987
721.0,1333.5611123849285
722.0,1334.678712639758
723.0,1335.7963128945876
724.0,1336.9139131494173
725.0,1338.0315134042469
726.0,1339.1491136590766
727.0,1340.2667139139062
728.0,1657.8803141687358
729.0,1658.9979144235654
730.0,1660.115514678395
731.0,1661.233114933225
732.0,1662.3507151880544
733.0,1663.468315442884
734.0,1664.5859156977135
735.0,1349.2075159525432
736.0,1350.3251162073727
737.0,1351.4427164622025
738.0,1036.0653167170321
739.0,1037.1829169718617
740.0,1038.3005172266912
741.0,1039.4181174815208
742.0,1040.5357177363508
743.0,1041.6533179911803
744.0,1359.26591824601
745.0,1360.3835185008395
746.0,1045.006118755669
747.0,1046.123719010499
748.0,1047.2413192653285
749.0,1048.358919520158
750.0,1049.4765197749875
751.0,1050.594120029817
752.0,1051.711720284647
753.0,1052.8293205394766
754.0,1053.9469207943062
755.0,1055.0645210491357
756.0,1056.1821213039652
757.0,1373.7947215587951
758.0,1374.9123218136247
759.0,1376.0299220684542
760.0,1060.6525223232838
761.0,1061.7701225781134
762.0,1062.887722832943
763.0,747.5093230877728
764.0,748.6269233426024
765.0,749.7445235974321
766.0,434.3661238522617
767.0,435.48372410709123
768.0,436.601324361921
769.0,437.71892461675054
770.0,438.8365248715803
771.0,439.95412512640985
772.0,124.57672538123938
773.0,125.69432563606915
774.0,126.81192589089869
775.0,127.92952614572823
776.0,129.047126400558
777.0,130.16472665538754
778.0,131.2823269102173
779.0,132.39992716504685
780.0,133.5175274198764
781.0,134.63512767470615
782.0,452.2477279295357
783.0,453.36532818436547
784.0,770.978928439195
785.0,772.0965286940245
786.0,1089.7101289488542
787.0,1090.8277292036837
788.0,1091.9453294585132
789.0,1093.0629297133432
790.0,1094.1805299681728
791.0,1095.2981302230023
792.0,1096.4157304778319
793.0,1097.5333307326614
794.0,1415.1459309874913
795.0,1416.2635312423208
796.0,1417.3811314971506
797.0,1418.4987317519801
798.0,1736.1123320068095
799.0,1737.2299322616395
800.0,1738.347532516469
801.0,1739.4651327712986
802.0,1740.5827330261282
803.0,1741.7003332809577
804.0,1426.3219335357876
805.0,1427.4395337906171
806.0,1428.5571340454467
807.0,1429.6747343002764
808.0,1114.2973345551059
809.0,1115.4149348099359
810.0,1116.5325350647654
811.0,1117.650135319595
812.0,1118.7677355744245
813.0,1119.885335829254
814.0,1121.0029360840836
815.0,1122.1205363389136
816.0,1123.238136593743
817.0,807.8597368485728
818.0,808.9773371034023
819.0,810.0949373582318
820.0,811.2125376130616
821.0,812.3301378678912
822.0,813.4477381227209
823.0,814.5653383775505
824.0,815.68293863238
825.0,816.8005388872098
826.0,817.9181391420393
827.0,819.0357393968688
828.0,820.1533396516986
829.0,821.2709399065282
830.0,822.3885401613579
831.0,823.5061404161875
832.0,508.127740671017
833.0,509.2453409258468
834.0,193.86794118067633
835.0,194.9855414355061
836.0,196.10314169033563
837.0,197.22074194516517
838.0,198.33834219999494
839.0,-117.0400575451755
840.0,-115.92245729034596
841.0,201.6911429644838
842.0,202.80874321931333
843.0,203.9263434741431
844.0,205.04394372897264
845.0,206.16154398380218
846.0,-109.21685576136804
847.0,-108.0992555065385
848.0,-106.98165525170873
849.0,-105.86405499687919
850.0,-104.74645474204965
851.0,-103.62885448721988
852.0,213.98474576760964
853.0,215.10234602243918
854.0,532.714946277269
855.0,533.8325465320985
856.0,851.4461467869282
857.0,852.5637470417578
858.0,853.6813472965873
859.0,1171.294947551417
860.0,1172.4125478062465
861.0,1173.5301480610765
862.0,1174.647748315906
863.0,1175.7653485707356
864.0,1176.882948825565
865.0,1494.4955490803948
866.0,1495.6131493352243
867.0,1496.730749590054
868.0,1497.8483498448836
869.0,1815.4619500997132
870.0,1816.5795503545428
871.0,1817.6971506093723
872.0,1818.8147508642023
873.0,1819.9323511190319
874.0,1821.0499513738614
875.0,1822.167551628691
876.0,1823.2851518835205
877.0,1507.9067521383504
878.0,1509.02435239318
879.0,1510.1419526480095
880.0,1511.2595529028392
881.0,1828.8731531576686
882.0,1829.9907534124986
883.0,1831.1083536673282
884.0,1832.2259539221577
885.0,1833.3435541769873
886.0,1834.4611544318168
887.0,1835.5787546866468
888.0,1836.6963549414763
889.0,1521.3179551963058
890.0,1522.4355554511355
891.0,1523.553155705965
892.0,1208.1757559607945
893.0,1209.2933562156245
894.0,1210.410956470454
895.0,1211.5285567252836
896.0,1212.6461569801131
897.0,1213.7637572349427
898.0,898.3853574897726
899.0,899.5029577446021
900.0,900.6205579994319
901.0,901.7381582542614
902.0,586.359758509091
903.0,587.4773587639207
904.0,588.5949590187503
905.0,589.7125592735798
906.0,274.3351595284096
907.0,275.4527597832391
908.0,276.5703600380689
909.0,277.6879602928984
910.0,278.80556054772796
911.0,279.92316080255773
912.0,281.0407610573873
913.0,282.15836131221704
914.0,283.2759615670466
915.0,284.3935618218761
916.0,602.0061620767059
917.0,603.1237623315354
918.0,604.241362586365
919.0,605.3589628411947
920.0,606.4765630960243
921.0,607.5941633508538
922.0,925.2077636056836
923.0,926.3253638605131
924.0,1243.938964115343
925.0,1245.0565643701725
926.0,1246.174164625002
927.0,1563.7867648798317
928.0,1564.9043651346612
929.0,1566.0219653894908
930.0,1567.1395656443206
931.0,1568.25716589915
932.0,1569.3747661539799
933.0,1570.4923664088094
934.0,1571.609966663639
935.0,1889.2235669184688
936.0,1890.3411671732983
937.0,1891.4587674281279
938.0,1892.5763676829574
939.0,1893.693967937787
940.0,1894.811568192617
941.0,1895.9291684474465
942.0,1897.046768702276
943.0,1898.1643689571056
944.0,1899.2819692119351
945.0,1583.903569466765
946.0,1585.0211697215946
947.0,1586.138769976424
948.0,1587.2563702312539
949.0,1588.3739704860834
950.0,1905.9875707409133
951.0,1907.1051709957428
952.0,1908.2227712505724
953.0,1909.340371505402
954.0,1910.4579717602314
955.0,1595.079572015061
956.0,1596.1971722698909
957.0,1280.8197725247205
958.0,1281.93737277955
959.0,1283.0549730343796
960.0,1284.1725732892091
961.0,1285.2901735440391
962.0,1286.4077737988687
963.0,1287.5253740536982
964.0,1288.6429743085278
965.0,1289.7605745633573
966.0,974.3821748181872
967.0,975.4997750730167
968.0,976.6173753278463
969.0,661.2389755826761
970.0,662.3565758375056
971.0,346.97917609233536
972.0,348.0967763471649
973.0,349.21437660199445
974.0,350.3319768568242
975.0,34.95357711165377
976.0,36.07117736648354
977.0,37.18877762131308
978.0,38.30637787614262
979.0,39.42397813097239
980.0,40.54157838580193
981.0,41.65917864063147
982.0,42.776778895461234
983.0,43.894379150290774
984.0,45.01197940512054
985.0,46.12957965995008
986.0,47.24717991477962
987.0,48.36478016960939
988.0,365.9783804244389
989.0,367.0959806792687
990.0,368.2135809340982
991.0,685.8261811889278
992.0,686.9437814437575
993.0,688.0613816985871
994.0,1005.6749819534166
995.0,1006.7925822082464
996.0,1007.9101824630759
997.0,1009.0277827179057
998.0,1010.1453829727352
999.0,1011.2629832275647
1000.0,1012.3805834823945
1001.0,697.0021837372241
1002.0,698.1197839920538
1003.0,1015.7333842468834
1004.0,1016.8509845017129
1005.0,1017.9685847565427
1006.0,1019.0861850113722
1007.0,1020.2037852662017
1008.0,1021.3213855210315
1009.0,1022.438985775861
1010.0,1023.5565860306908
1011.0,1024.6741862855204
1012.0,1025.79178654035
1013.0,1026.9093867951797
1014.0,1028.0269870500092
1015.0,1029.144587304839
1016.0,713.7661875596685
1017.0,1031.379787814498
1018.0,1032.4973880693278
1019.0,1033.6149883241574
1020.0,1034.732588578987
1021.0,1035.8501888338167
1022.0,1353.463789088646
1023.0,1354.581389343476
1024.0,1355.6989895983056
1025.0,1356.8165898531352
1026.0,1674.4291901079648
1027.0,1359.0517903627942
1028.0,1360.1693906176242
1029.0,1044.7909908724537
1030.0,1045.9085911272832
1031.0,1047.026191382113
1032.0,1048.1437916369425
1033.0,1049.261391891772
1034.0,1050.3789921466018
1035.0,1051.4965924014314
1036.0,1052.6141926562611
1037.0,1053.7317929110907
1038.0,1054.8493931659202
1039.0,739.47099342075
1040.0,740.5885936755795
1041.0,425.2111939304093
1042.0,426.32879418523885
1043.0,110.95039444006841
1044.0,112.06799469489818
1045.0,113.18559494972772
1046.0,114.30319520455726
1047.0,115.42079545938702
1048.0,116.53839571421656
1049.0,117.65599596904633
1050.0,435.26959622387585
1051.0,436.3871964787054
1052.0,437.50479673353516
1053.0,438.6223969883647
1054.0,439.73999724319447
1055.0,440.857597498024
1056.0,441.97519775285355
1057.0,443.0927980076833
1058.0,760.7053982625129
1059.0,761.8229985173424
1060.0,1079.4365987721721
1061.0,1080.5541990270017
1062.0,1398.1677992818313
1063.0,1399.2853995366609
1064.0,1400.4029997914904
1065.0,1718.0156000463203
1066.0,1719.1332003011498
1067.0,1720.2508005559796
1068.0,2037.864400810809
1069.0,2038.9820010656385
1070.0,2040.0996013204685
1071.0,2041.217201575298
1072.0,2042.3348018301276
1073.0,1726.9564020849573
1074.0,1728.0740023397868
1075.0,1729.1916025946166
1076.0,1730.3092028494461
1077.0,1731.4268031042757
1078.0,1732.5444033591054
1079.0,2050.158003613935
1080.0,1734.7796038687648
1081.0,1735.8972041235943
1082.0,1737.0148043784238
1083.0,1738.1324046332536
1084.0,1422.755004888083
1085.0,1423.8726051429126
1086.0,1424.9902053977426
1087.0,1426.107805652572
1088.0,1427.2254059074016
1089.0,1428.3430061622312
1090.0,1429.4606064170607
1091.0,1430.5782066718907
1092.0,1431.6958069267203
1093.0,1432.8134071815498
1094.0,1433.9310074363793
1095.0,1435.0486076912089
1096.0,1119.6702079460388
1097.0,1120.7878082008683
1098.0,1121.9054084556979
1099.0,1123.0230087105276
1100.0,1124.1406089653572
1101.0,1125.258209220187
1102.0,1126.3758094750165
1103.0,1127.493409729846
1104.0,812.1150099846758
1105.0,813.2326102395053
1106.0,814.3502104943351
1107.0,498.97281074916464
1108.0,500.0904110039942
1109.0,501.20801125882394
1110.0,502.3256115136535
1111.0,503.443211768483
1112.0,504.5608120233128
1113.0,505.67841227814233
1114.0,190.30001253297212
1115.0,191.41761278780166
1116.0,192.5352130426312
1117.0,-122.84318670253901
1118.0,-121.72558644770947
1119.0,-120.60798619287971
1120.0,-119.49038593805017
1121.0,-118.37278568322063
1122.0,-117.25518542839086
1123.0,200.35841482643866
1124.0,201.4760150812682
1125.0,202.59361533609797
1126.0,203.7112155909275
1127.0,204.82881584575728
1128.0,205.94641610058682
1129.0,207.06401635541636
1130.0,208.18161661024612
1131.0,209.29921686507566
1132.0,210.41681711990543
1133.0,211.53441737473497
1134.0,529.1480176295645
1135.0,530.2656178843943
1136.0,531.3832181392238
1137.0,532.5008183940533
1138.0,533.6184186488831
1139.0,534.7360189037126
1140.0,535.8536191585424
1141.0,536.971219413372
1142.0,854.5838196682015
1143.0,855.7014199230313
1144.0,856.8190201778608
1145.0,857.9366204326906
1146.0,859.0542206875201
1147.0,860.1718209423497
1148.0,1177.7854211971794
1149.0,1178.903021452009
1150.0,1180.0206217068385
1151.0,864.6422219616683
1152.0,865.7598222164978
1153.0,866.8774224713276
1154.0,1184.491022726157
1155.0,1185.6086229809866
1156.0,1186.7262232358164
1157.0,1504.3398234906458
1158.0,1505.4574237454758
1159.0,1506.5750240003053
1160.0,1507.692624255135
1161.0,1508.8102245099644
1162.0,1509.927824764794
1163.0,1827.5404250196236
1164.0,1828.6580252744534
1165.0,2146.271625529283
1166.0,2147.3892257841126
1167.0,2148.506826038942
1168.0,2149.6244262937716
1169.0,2467.2380265486017
1170.0,2468.355626803431
1171.0,2469.473227058261
1172.0,2470.5908273130904
1173.0,2471.70842756792
1174.0,2472.82602782275
1175.0,2473.943628077579
1176.0,2475.061228332409
1177.0,2476.1788285872385
1178.0,2793.791428842068
1179.0,2794.909029096898
1180.0,2796.0266293517275
1181.0,2480.649229606557
1182.0,2481.7668298613867
1183.0,2482.884430116216
1184.0,2484.002030371046
1185.0,2168.6236306258756
1186.0,2169.741230880705
1187.0,2170.8588311355347
1188.0,2171.9764313903643
1189.0,2489.590031645194
1190.0,2174.211631900024
1191.0,2175.3292321548533
1192.0,2176.446832409683
1193.0,2177.5644326645124
1194.0,2178.682032919342
1195.0,1863.3036331741719
1196.0,1864.4212334290014
1197.0,1865.5388336838312
1198.0,2183.1524339386606
1199.0,2184.27003419349
1200.0,2185.38763444832
1201.0,2186.5052347031497
1202.0,2187.622834957979
1203.0,2188.7404352128087
1204.0,2189.8580354676383
1205.0,2190.9756357224683
1206.0,2192.093235977298
1207.0,2193.2108362321273
1208.0,2510.824436486957
1209.0,2511.9420367417865
1210.0,2513.059636996616
1211.0,2514.177237251446
1212.0,2515.294837506275
1213.0,2516.412437761105
1214.0,2517.5300380159347
1215.0,2518.647638270764
1216.0,2519.765238525594
1217.0,2520.8828387804233
1218.0,2522.0004390352533
1219.0,2523.118039290083
1220.0,2524.2356395449124
1221.0,2525.3532397997424
1222.0,2526.4708400545715
1223.0,2527.5884403094014
1224.0,2528.706040564231
1225.0,2529.8236408190605
1226.0,2214.4452410738904
1227.0,2215.56284132872
1228.0,2216.6804415835495
1229.0,2217.798041838379
1230.0,2218.9156420932086
1231.0,2220.0332423480386
1232.0,2221.150842602868
1233.0,2222.2684428576977
1234.0,2223.386043112527
1235.0,2224.5036433673567
1236.0,2225.6212436221867
1237.0,2226.7388438770163
1238.0,2227.856444131846
1239.0,1912.4780443866755
1240.0,1913.595644641505
1241.0,1914.7132448963346
1242.0,1915.8308451511643
1243.0,1916.9484454059939
1244.0,1918.0660456608236
1245.0,1919.1836459156532
1246.0,1920.3012461704827
1247.0,1921.4188464253125
1248.0,1922.536446680142
1249.0,1923.6540469349718
1250.0,1924.7716471898013
1251.0,1925.8892474446309
1252.0,1610.5118476994608
1253.0,1611.6294479542903
1254.0,1612.7470482091198
1255.0,1613.8646484639494
1256.0,1614.982248718779
1257.0,1616.099848973609
1258.0,1617.2174492284385
1259.0,1618.335049483268
1260.0,1619.4526497380975
1261.0,1620.570249992927
1262.0,1621.687850247757
1263.0,1622.8054505025866
1264.0,1623.9230507574161
1265.0,1308.5446510122458
1266.0,1309.6622512670754
1267.0,994.2838515219049
1268.0,995.4014517767347
1269.0,680.0240520315642
1270.0,681.141652286394
1271.0,682.2592525412235
1272.0,683.3768527960531
1273.0,684.4944530508828
1274.0,685.6120533057124
1275.0,370.23365356054217
1276.0,371.3512538153717
1277.0,372.46885407020125
1278.0,57.09045432503103
1279.0,-258.28694542013955
1280.0,-257.16934516531
1281.0,-256.05174491048024
1282.0,-571.4301446556506
1283.0,-570.3125444008208
1284.0,-569.1949441459913
1285.0,-568.0773438911617
1286.0,-566.959743636332
1287.0,-565.8421433815024
1288.0,-564.7245431266726
1289.0,-563.6069428718431
1290.0,-562.4893426170136
1291.0,-561.3717423621838
1292.0,-876.7501421073541
1293.0,-875.6325418525244
1294.0,-874.5149415976948
1295.0,-873.3973413428653
1296.0,-872.2797410880355
1297.0,-871.162140833206
1298.0,-870.0445405783764
1299.0,-868.9269403235467
1300.0,-867.8093400687171
1301.0,-866.6917398138874
1302.0,-865.5741395590578
1303.0,-864.4565393042283
1304.0,-863.3389390493985
1305.0,-862.221338794569
1306.0,-861.1037385397392
1307.0,-859.9861382849097
1308.0,-858.8685380300801
1309.0,-857.7509377752503
1310.0,-856.6333375204208
1311.0,-855.5157372655913
1312.0,-854.3981370107615
1313.0,-853.280536755932
1314.0,-852.1629365011022
1315.0,-1167.540336246273
1316.0,-849.9277359914431
1317.0,-848.8101357366133
1318.0,-847.6925354817838
1319.0,-846.574935226954
1320.0,-1161.9523349721248
1321.0,-1160.8347347172953
1322.0,-1476.2131344624652
1323.0,-1475.0955342076356
1324.0,-1473.977933952806
1325.0,-1789.3563336979764
1326.0,-1788.2387334431469
1327.0,-1470.625133188317
1328.0,-1469.5075329334875
1329.0,-1468.389932678658
1330.0,-1467.2723324238282
1331.0,-1466.1547321689986
1332.0,-1781.533131914169
1333.0,-1780.4155316593394
1334.0,-1779.2979314045099
1335.0,-1778.1803311496801
1336.0,-2093.5587308948507
1337.0,-2092.441130640021
1338.0,-2091.3235303851916
1339.0,-2090.2059301303616
1340.0,-2089.088329875532
1341.0,-2087.9707296207025
1342.0,-2086.853129365873
1343.0,-2085.7355291110434
1344.0,-2084.6179288562134
1345.0,-2083.500328601384
1346.0,-2398.8777283465542
1347.0,-2397.7601280917247
1348.0,-2396.642527836895
1349.0,-2395.524927582065
1350.0,-2394.407327327236
1351.0,-2709.7857270724066
1352.0,-2708.668126817577
1353.0,-2707.550526562747
1354.0,-3022.928926307917
1355.0,-3021.811326053087
1356.0,-3020.6937257982577
1357.0,-2703.080125543429
1358.0,-2701.962525288599
1359.0,-2384.348925033769
1360.0,-2383.23132477894
1361.0,-2382.11372452411
1362.0,-2064.5011242692804
1363.0,-2063.383524014451
1364.0,-2378.7609237596207
1365.0,-2377.6433235047916
1366.0,-2376.5257232499616
1367.0,-2058.913122995132
1368.0,-2057.7955227403027
1369.0,-2056.6779224854727
1370.0,-1739.0643222306433
1371.0,-1737.9467219758135
1372.0,-1736.829121720984
1373.0,-1419.2155214661543
1374.0,-1418.0979212113245
1375.0,-1416.980320956495
1376.0,-1415.8627207016655
1377.0,-1414.7451204468357
1378.0,-1413.6275201920062
1379.0,-1729.0059199371765
1380.0,-1727.888319682347
1381.0,-1726.7707194275174
1382.0,-1409.1571191726875
1383.0,-1408.039518917858
1384.0,-1406.9219186630282
1385.0,-1405.8043184081987
1386.0,-1088.1907181533695
1387.0,-1403.5691178985394
1388.0,-1402.4515176437098
1389.0,-1401.3339173888803
1390.0,-1400.2163171340505
1391.0,-1399.098716879221
1392.0,-1397.9811166243912
1393.0,-1713.3595163695618
1394.0,-1712.2419161147322
1395.0,-1711.1243158599025
1396.0,-1710.006715605073
1397.0,-1708.8891153502432
1398.0,-1707.7715150954136
1399.0,-1706.653914840584
1400.0,-1705.5363145857543
1401.0,-1704.4187143309248
1402.0,-1703.3011140760952
1403.0,-1702.1835138212655
1404.0,-1701.065913566436
1405.0,-1699.9483133116062
1406.0,-2015.3267130567767
1407.0,-2014.2091128019472
1408.0,-2013.0915125471174
1409.0,-2328.4689122922878
1410.0,-2327.3513120374582
1411.0,-2326.2337117826282
1412.0,-2325.116111527799
1413.0,-2323.998511272969
1414.0,-2322.8809110181396
1415.0,-2321.76331076331
1416.0,-2320.64571050848
1417.0,-2636.024110253651
1418.0,-2634.9065099988215
1419.0,-2950.284909743991
1420.0,-3265.6623094891625
1421.0,-3264.544709234333
1422.0,-3579.923108979502
1423.0,-3578.8055087246726
1424.0,-3577.687908469843
1425.0,-3576.5703082150135
1426.0,-3575.452707960184
1427.0,-3574.335107705354
1428.0,-3573.217507450525
1429.0,-3572.099907195695
1430.0,-3570.9823069408653
1431.0,-3569.864706686036
1432.0,-3568.747106431206
1433.0,-3567.6295061763767
1434.0,-3566.5119059215467
1435.0,-3565.394305666717
1436.0,-3564.2767054118876
1437.0,-3563.1591051570576
1438.0,-3562.0415049022286
1439.0,-3244.4279046473994
1440.0,-3243.31030439257
1441.0,-3242.1927041377403
1442.0,-3241.0751038829103
1443.0,-2923.4625036280804
1444.0,-2922.3449033732504
1445.0,-2921.227303118421
1446.0,-2920.1097028635913
1447.0,-2918.9921026087613
1448.0,-2917.8745023539323
1449.0,-2916.7569020991023
1450.0,-2915.6393018442727
1451.0,-2914.521701589443
1452.0,-2913.404101334613
1453.0,-2912.286501079784
1454.0,-2911.168900824954
1455.0,-2910.0513005701246
1456.0,-2908.933700315295
1457.0,-2591.320100060466
1458.0,-2590.2024998056368
1459.0,-2589.0848995508068
1460.0,-2904.4632992959764
1461.0,-2903.345699041147
1462.0,-2902.228098786317
1463.0,-2901.110498531488
1464.0,-2899.992898276658
1465.0,-3215.370298021829
1466.0,-3214.2526977669995
1467.0,-3213.13509751217
1468.0,-3212.0174972573404
1469.0,-3210.8998970025104
1470.0,-3209.782296747681
1471.0,-3208.6646964928514
1472.0,-3207.547096238022
1473.0,-3206.4294959831923
1474.0,-3205.3118957283623
1475.0,-3204.1942954735327
1476.0,-3203.076695218703
1477.0,-3201.9590949638737
1478.0,-2884.3464947090433
1479.0,-2883.2288944542133
1480.0,-2882.1112941993842
1481.0,-2880.9936939445543
1482.0,-2879.8760936897247
1483.0,-2878.758493434895
1484.0,-2877.640893180065
1485.0,-2876.523292925236
1486.0,-2558.909692670407
1487.0,-2557.7920924155774
1488.0,-2556.674492160748
1489.0,-2555.556891905918
1490.0,-2554.4392916510888
1491.0,-2553.3216913962588
1492.0,-2552.204091141429
1493.0,-2551.0864908865997
1494.0,-2549.9688906317697
1495.0,-2865.34729037694
1496.0,-2864.22969012211
1497.0,-2863.1120898672802
1498.0,-2861.9944896124507
1499.0,-2544.3808893576215
1500.0,-2543.2632891027924
1501.0,-2542.1456888479624
1502.0,-2541.028088593133
1503.0,-2539.9104883383034
1504.0,-2538.7928880834734
1505.0,-2537.6752878286443
1506.0,-2220.061687573814
1507.0,-2218.944087318984
1508.0,-2217.8264870641547
1509.0,-1900.213886809325
1510.0,-1899.0962865544955
1511.0,-1897.978686299666
1512.0,-1896.8610860448362
1513.0,-1895.7434857900066
1514.0,-1894.6258855351768
1515.0,-1893.5082852803473
1516.0,-1892.3906850255178
1517.0,-1891.273084770688
1518.0,-1573.6594845158584
1519.0,-1572.5418842610288
1520.0,-1571.424284006199
1521.0,-1570.3066837513695
1522.0,-1569.1890834965398
1523.0,-1568.0714832417102
1524.0,-1566.9538829868807
1525.0,-1565.836282732051
1526.0,-1564.7186824772214
1527.0,-1563.6010822223916
1528.0,-1562.483481967562
1529.0,-1244.8698817127324
1530.0,-1243.7522814579027
1531.0,-1242.6346812030731
1532.0,-1241.5170809482436
1533.0,-1240.3994806934138
1534.0,-1239.2818804385843
1535.0,-1238.1642801837545
1536.0,-1237.046679928925
1537.0,-1235.9290796740954
1538.0,-1551.3074794192657
1539.0,-1550.1898791644362
1540.0,-1549.0722789096064
1541.0,-1547.954678654777
1542.0,-1546.8370783999474
1543.0,-1545.7194781451176
1544.0,-1544.601877890288
1545.0,-1543.4842776354585
1546.0,-1542.3666773806287
1547.0,-1541.2490771257992
1548.0,-1540.1314768709694
1549.0,-1539.01387661614
1550.0,-1537.8962763613104
1551.0,-1536.7786761064806
1552.0,-1535.661075851651
1553.0,-1534.5434755968213
1554.0,-1849.9218753419918
1555.0,-1848.8042750871623
1556.0,-1847.6866748323325
1557.0,-1846.569074577503
1558.0,-1845.4514743226734
1559.0,-1844.3338740678437
1560.0,-1843.2162738130141
1561.0,-1525.6026735581843
1562.0,-1524.4850733033547
1563.0,-1523.3674730485252
1564.0,-1522.2498727936954
1565.0,-1521.132272538866
1566.0,-1520.0146722840361
1567.0,-1518.8970720292066
1568.0,-1834.2754717743771
1569.0,-1833.1578715195474
1570.0,-1832.0402712647178
1571.0,-1514.4266710098882
1572.0,-1513.3090707550584
1573.0,-1512.191470500229
1574.0,-1511.0738702453991
1575.0,-1193.4602699905695
1576.0,-1192.34266973574
1577.0,-1191.2250694809102
1578.0,-1190.1074692260806
1579.0,-872.4938689712512
1580.0,-871.3762687164217
1581.0,-870.2586684615922
1582.0,-869.1410682067624
1583.0,-551.5284679519325
1584.0,-550.410867697103
1585.0,-549.2932674422732
1586.0,-548.1756671874437
1587.0,-230.56206693261402
1588.0,-229.44446667778448
1589.0,-228.32686642295494
1590.0,-227.20926616812517
1591.0,-226.09166591329563
1592.0,-224.97406565846586
1593.0,-223.85646540363632
1594.0,-222.73886514880678
1595.0,-221.621264893977
1596.0,-220.50366463914747
1597.0,-219.38606438431793
1598.0,-218.26846412948817
1599.0,-217.15086387465863
1600.0,-532.5292636198287
1601.0,-531.4116633649992
1602.0,-530.2940631101696
1603.0,-529.1764628553399
1604.0,-528.0588626005103
1605.0,-210.4452623456807
1606.0,-209.32766209085116
1607.0,-208.21006183602162
1608.0,-207.09246158119186
1609.0,-205.97486132636232
1610.0,-204.85726107153278
1611.0,-203.739660816703
1612.0,-202.62206056187347
1613.0,-201.5044603070437
1614.0,-200.38686005221416
1615.0,-515.7652597973845
1616.0,-514.6476595425547
1617.0,-513.5300592877252
1618.0,-512.4124590328954
1619.0,-511.2948587780659
1620.0,-510.17725852323633
1621.0,-192.5636582684067
1622.0,-191.44605801357716
1623.0,-506.8244577587475
1624.0,-505.7068575039177
1625.0,-504.5892572490882
1626.0,-503.4716569942584
1627.0,-502.35405673942887
1628.0,-501.23645648459933
1629.0,-500.11885622976956
1630.0,-499.00125597494
1631.0,-497.88365572011026
1632.0,-496.7660554652807
1633.0,-495.6484552104512
1634.0,-494.5308549556214
1635.0,-493.41325470079187
1636.0,-492.2956544459623
1637.0,-174.6820541911327
1638.0,-173.56445393630315
1639.0,-172.44685368147339
1640.0,-171.32925342664385
1641.0,-170.2116531718143
1642.0,-169.09405291698454
1643.0,-167.976452662155
1644.0,-166.85885240732523
1645.0,-165.7412521524957
1646.0,151.87234810233372
1647.0,152.98994835716348
1648.0,154.10754861199302
1649.0,471.7201488668227
1650.0,472.83774912165245
1651.0,473.955349376482
1652.0,791.5689496313117
1653.0,792.6865498861413
1654.0,793.8041501409708
1655.0,794.9217503958006
1656.0,479.54335065063015
1657.0,480.6609509054599
1658.0,481.77855116028945
1659.0,482.896151415119
1660.0,800.5097516699487
1661.0,801.6273519247783
1662.0,802.7449521796078
1663.0,803.8625524344376
1664.0,804.9801526892671
1665.0,806.0977529440969
1666.0,807.2153531989264
1667.0,808.332953453756
1668.0,809.4505537085857
1669.0,810.5681539634153
1670.0,811.685754218245
1671.0,1129.2993544730746
1672.0,1130.416954727904
1673.0,1131.5345549827339
1674.0,1132.6521552375634
1675.0,1450.2647554923929
1676.0,1451.3823557472228
1677.0,1452.4999560020524
1678.0,1453.617556256882
1679.0,1771.2311565117116
1680.0,1772.348756766541
1681.0,1773.4663570213709
1682.0,1774.5839572762004
1683.0,1775.7015575310302
1684.0,1776.8191577858597
1685.0,1777.9367580406893
1686.0,1779.054358295519
1687.0,1780.1719585503486
1688.0,1781.289558805178
1689.0,1782.4071590600079
1690.0,1783.5247593148374
1691.0,1468.1463595696673
1692.0,1469.2639598244969
1693.0,1470.3815600793264
1694.0,1471.499160334156
1695.0,1472.6167605889855
1696.0,1473.7343608438155
1697.0,1474.851961098645
1698.0,1159.4745613534744
1699.0,1160.5921616083042
1700.0,1161.7097618631337
1701.0,846.3313621179633
1702.0,847.4489623727931
1703.0,848.5665626276226
1704.0,849.6841628824524
1705.0,850.8017631372819
1706.0,1168.4153633921114
1707.0,1169.5329636469412
1708.0,1170.6505639017707
1709.0,1171.7681641566005
1710.0,1172.88576441143
1711.0,1174.0033646662596
1712.0,1175.1209649210894
1713.0,1176.238565175919
1714.0,1493.8511654307486
1715.0,1494.968765685578
1716.0,1812.5823659404077
1717.0,1813.6999661952375
1718.0,1814.817566450067
1719.0,1815.9351667048966
1720.0,2133.5487669597264
1721.0,2134.666367214556
1722.0,2135.7839674693855
1723.0,2136.901567724215
1724.0,2138.0191679790446
1725.0,2139.1367682338746
1726.0,2140.254368488704
1727.0,2141.3719687435337
1728.0,2142.489568998363
1729.0,2143.6071692531928
1730.0,2144.7247695080227
1731.0,2145.8423697628523
1732.0,2146.959970017682
1733.0,2148.0775702725114
1734.0,1832.699170527341
1735.0,1833.8167707821708
1736.0,1834.9343710370003
1737.0,1836.05197129183
1738.0,1837.1695715466597
1739.0,1838.2871718014892
1740.0,1839.4047720563187
1741.0,1524.0263723111484
1742.0,1525.143972565978
1743.0,1526.261572820808
1744.0,1527.3791730756375
1745.0,1212.001773330467
1746.0,1213.1193735852967
1747.0,1214.2369738401262
1748.0,1215.354574094956
1749.0,1532.9671743497856
1750.0,1534.0847746046152
1751.0,1535.2023748594447
1752.0,1536.3199751142743
1753.0,1220.942575369104
1754.0,1222.0601756239337
1755.0,1223.1777758787632
1756.0,1224.295376133593
1757.0,1225.4129763884225
1758.0,1226.530576643252
1759.0,1227.6481768980818
1760.0,1228.7657771529114
1761.0,1229.8833774077411
1762.0,1231.0009776625707
1763.0,915.6225779174002
1764.0,916.74017817223
1765.0,917.8577784270595
1766.0,602.4793786818891
1767.0,603.5969789367189
1768.0,604.7145791915484
1769.0,605.8321794463782
1770.0,606.9497797012077
1771.0,608.0673799560373
1772.0,609.184980210867
1773.0,610.3025804656966
1774.0,611.4201807205263
1775.0,612.5377809753559
1776.0,613.6553812301854
1777.0,614.7729814850152
1778.0,615.8905817398447
1779.0,617.0081819946743
1780.0,618.125782249504
1781.0,935.7393825043335
1782.0,936.8569827591633
1783.0,1254.4705830139928
1784.0,1255.5881832688224
1785.0,1573.2007835236523
1786.0,1574.3183837784818
1787.0,1575.4359840333113
1788.0,1576.5535842881409
1789.0,1577.6711845429704
1790.0,1578.7887847978004
1791.0,1579.90638505263
1792.0,1581.0239853074595
1793.0,1582.141585562289
1794.0,1583.2591858171186
1795.0,1900.8727860719484
1796.0,1901.990386326778
1797.0,1903.1079865816075
1798.0,1587.7295868364372
1799.0,1588.8471870912667
1800.0,1589.9647873460967
1801.0,1591.0823876009263
1802.0,1592.1999878557558
1803.0,1593.3175881105853
1804.0,1594.435188365415
1805.0,1595.5527886202449
1806.0,1596.6703888750744
1807.0,1597.787989129904
1808.0,1598.9055893847335
1809.0,1600.023189639563
1810.0,1284.6457898943927
1811.0,1602.2583901492226
1812.0,1603.3759904040521
1813.0,1604.4935906588817
1814.0,1605.6111909137112
1815.0,1606.7287911685407
1816.0,1607.8463914233707
1817.0,1292.4689916782002
1818.0,1293.58659193303
1819.0,1294.7041921878595
1820.0,979.325792442689
1821.0,980.4433926975188
1822.0,981.5609929523483
1823.0,982.6785932071779
1824.0,983.7961934620076
1825.0,984.9137937168372
1826.0,986.031393971667
1827.0,987.1489942264965
1828.0,988.266594481326
1829.0,672.8881947361558
1830.0,674.0057949909854
1831.0,358.628395245815
1832.0,359.74599550064454
1833.0,44.36759575547444
1834.0,45.48519601030398
1835.0,-269.89320373486635
1836.0,-268.7756034800368
1837.0,-267.65800322520727
1838.0,-266.5404029703773
1839.0,-581.9178027155481
1840.0,-580.8002024607185
1841.0,-579.682602205889
1842.0,-578.5650019510595
1843.0,-577.4474016962295
1844.0,-892.8258014413996
1845.0,-891.70820118657
1846.0,-890.5906009317405
1847.0,-889.4730006769109
1848.0,-888.355400422081
1849.0,-887.2378001672514
1850.0,-886.1201999124219
1851.0,-568.5065996575927
1852.0,-567.3889994027631
1853.0,-566.2713991479336
1854.0,-565.1537988931036
1855.0,-247.54119863827373
1856.0,-246.4235983834442
1857.0,-245.30599812861465
1858.0,72.30760212621476
1859.0,73.42520238104476
1860.0,74.5428026358743
1861.0,-240.83559710929603
1862.0,-239.7179968544665
1863.0,-238.60039659963695
1864.0,-237.48279634480696
1865.0,-236.36519608997742
1866.0,-235.24759583514788
1867.0,-234.12999558031834
1868.0,-233.0123953254888
1869.0,84.60120492934107
1870.0,85.7188051841706
1871.0,-229.65959456099972
1872.0,-228.54199430617018
1873.0,-227.42439405134064
1874.0,-542.801793796511
1875.0,-541.6841935416815
1876.0,-857.0625932868516
1877.0,-855.944993032022
1878.0,-854.8273927771925
1879.0,-853.7097925223629
1880.0,-852.5921922675329
1881.0,-851.4745920127034
1882.0,-850.3569917578739
1883.0,-849.2393915030443
1884.0,-848.1217912482148
1885.0,-847.0041909933848
1886.0,-845.8865907385552
1887.0,-1161.2649904837258
1888.0,-1160.1473902288963
1889.0,-1159.0297899740667
1890.0,-1474.4081897192368
1891.0,-1473.2905894644073
1892.0,-1788.6679892095776
1893.0,-1787.550388954748
1894.0,-1786.4327886999185
1895.0,-1785.3151884450886
1896.0,-2100.6935881902596
1897.0,-2099.57598793543
1898.0,-2098.4583876806005
1899.0,-2097.340787425771
1900.0,-2412.71918717094
1901.0,-2411.6015869161106
1902.0,-2410.483986661281
1903.0,-2725.8613864064523
1904.0,-2724.7437861516228
1905.0,-2723.6261858967932
1906.0,-2722.5085856419632
1907.0,-2721.3909853871337
1908.0,-2720.273385132304
1909.0,-2719.1557848774746
1910.0,-2718.038184622645
1911.0,-2716.920584367815
1912.0,-2715.8029841129855
1913.0,-2714.685383858156
1914.0,-2397.0727836033257
1915.0,-2395.955183348496
1916.0,-2394.837583093666
1917.0,-2393.7199828388366
1918.0,-2392.602382584007
1919.0,-2391.4847823291775
1920.0,-2390.367182074348
1921.0,-2389.249581819518
1922.0,-2388.1319815646884
1923.0,-2387.014381309859
1924.0,-2069.40078105503
1925.0,-2068.2831808002006
1926.0,-2067.1655805453706
1927.0,-2066.047980290541
1928.0,-2064.9303800357116
1929.0,-2063.812779780882
1930.0,-2062.6951795260525
1931.0,-2061.577579271223
1932.0,-2060.459979016393
1933.0,-2375.8383787615626
1934.0,-2374.720778506733
1935.0,-2373.6031782519035
1936.0,-2372.485577997074
1937.0,-2687.8629777422448
1938.0,-2686.745377487415
1939.0,-2685.6277772325857
1940.0,-2684.510176977756
1941.0,-2683.3925767229266
1942.0,-2682.2749764680966
1943.0,-2681.157376213267
1944.0,-2680.0397759584375
1945.0,-2678.922175703608
1946.0,-2677.8045754487785
1947.0,-2676.6869751939485
1948.0,-2675.569374939119
1949.0,-2674.4517746842894
1950.0,-2673.33417442946
1951.0,-2672.2165741746303
1952.0,-2671.0989739198003
1953.0,-2669.9813736649708
1954.0,-2668.863773410141
1955.0,-2351.251173155311
1956.0,-2350.1335729004813
1957.0,-2349.015972645652
1958.0,-2664.3933723908226
1959.0,-2663.275772135993
1960.0,-2662.1581718811635
1961.0,-2661.040571626334
1962.0,-2976.4189713715036
1963.0,-2975.3013711166736
1964.0,-2974.183770861844
1965.0,-2973.0661706070146
1966.0,-2971.948570352185
1967.0,-2970.8309700973555
1968.0,-3286.2093698425256
1969.0,-3285.091769587696
1970.0,-3283.9741693328665
1971.0,-3282.856569078037
1972.0,-3598.2339688232073
1973.0,-3597.1163685683773
1974.0,-3595.9987683135478
1975.0,-3911.3771680587183
1976.0,-3910.259567803889
1977.0,-3909.1419675490592
1978.0,-3591.528367294229
1979.0,-3590.4107670393996
1980.0,-3589.29316678457
1981.0,-3588.1755665297405
1982.0,-3587.057966274911
1983.0,-3269.4453660200816
1984.0,-3268.3277657652516
1985.0,-3267.210165510422
1986.0,-2949.5965652555924
1987.0,-2948.478965000763
1988.0,-2630.865364745934
1989.0,-2629.747764491104
1990.0,-2628.6301642362746
1991.0,-2627.512563981445
1992.0,-2626.3949637266155
1993.0,-2625.277363471786
1994.0,-2307.664763216955
1995.0,-2306.5471629621256
1996.0,-1988.933562707297
1997.0,-1987.8159624524674
1998.0,-1670.2023621976373
1999.0,-1669.0847619428073
2000.0,-1667.9671616879778
2001.0,-1666.8495614331482
2002.0,-1665.7319611783187
2003.0,-1664.6143609234891
2004.0,-1663.4967606686591
2005.0,-1662.3791604138296
2006.0,-1661.261560159
2007.0,-1660.1439599041705
2008.0,-1659.026359649341
2009.0,-1657.9087593945114
2010.0,-1340.2961591396815
2011.0,-1339.178558884852
2012.0,-1338.0609586300225
2013.0,-1336.943358375193
2014.0,-1335.8257581203634
2015.0,-1334.7081578655334
2016.0,-1333.5905576107039
2017.0,-1648.9679573558742
2018.0,-1647.8503571010447
2019.0,-1646.7327568462151
2020.0,-1645.6151565913851
2021.0,-1644.4975563365556
2022.0,-1643.379956081726
2023.0,-1642.2623558268965
2024.0,-1324.649755572067
2025.0,-1640.027155317237
2026.0,-1638.9095550624074
2027.0,-1637.791954807578
2028.0,-1636.6743545527484
2029.0,-1952.0527542979194
2030.0,-1950.9351540430894
2031.0,-2266.313553788259
2032.0,-2581.6909535334303
2033.0,-2580.5733532786007
2034.0,-2895.9517530237704
2035.0,-2894.834152768941
2036.0,-3210.212552514111
2037.0,-3209.0949522592814
2038.0,-3207.977352004452
2039.0,-3523.354751749622
2040.0,-3522.2371514947927
2041.0,-3521.1195512399627
2042.0,-3836.4979509851332
2043.0,-3835.3803507303037
2044.0,-3834.262750475474
2045.0,-4149.641150220645
2046.0,-4148.523549965815
2047.0,-4147.405949710985
2048.0,-4146.288349456156
2049.0,-4145.1707492013265
2050.0,-4144.053148946497
2051.0,-3826.4395486916665
2052.0,-3825.321948436837
2053.0,-3824.2043481820074
2054.0,-3823.086747927178
2055.0,-3505.473147672348
2056.0,-3504.355547417518
2057.0,-3503.2379471626887
2058.0,-3502.120346907859
2059.0,-3184.5077466530297
2060.0,-3183.3901463982
2061.0,-3182.27254614337
2062.0,-2864.6589458885405
2063.0,-2863.541345633711
2064.0,-2862.4237453788814
2065.0,-2861.306145124052
2066.0,-2860.1885448692224
2067.0,-2542.574944614393
2068.0,-2541.4573443595636
2069.0,-2540.339744104734
2070.0,-2539.2221438499046
2071.0,-2221.6095435950742
2072.0,-2220.4919433402442
2073.0,-2219.3743430854147
2074.0,-2218.256742830585
2075.0,-2217.1391425757556
2076.0,-2216.021542320926
2077.0,-2214.903942066096
2078.0,-2213.7863418112665
2079.0,-2212.668741556437
2080.0,-2211.5511413016075
2081.0,-1893.9375410467787
2082.0,-1892.8199407919487
2083.0,-1575.2063405371186
2084.0,-1574.088740282289
2085.0,-1572.9711400274596
2086.0,-1571.85353977263
2087.0,-1570.7359395178
2088.0,-1886.114339262971
2089.0,-1884.9967390081415
2090.0,-1567.3831387533114
2091.0,-1566.2655384984819
2092.0,-1565.1479382436523
2093.0,-1564.0303379888223
2094.0,-1246.417737733993
2095.0,-1245.3001374791634
2096.0,-1244.1825372243338
2097.0,-1243.0649369695043
2098.0,-1241.9473367146743
2099.0,-1557.3247364598446
2100.0,-1556.207136205015
2101.0,-1555.0895359501856
2102.0,-1870.4679356953566
2103.0,-1869.3503354405266
2104.0,-1868.232735185697
2105.0,-1867.1151349308675
2106.0,-1865.997534676038
2107.0,-1864.8799344212084
2108.0,-1863.7623341663784
2109.0,-2179.140733911548
2110.0,-2178.0231336567185
2111.0,-2176.905533401889
2112.0,-2175.7879331470594
2113.0,-2174.6703328922295
2114.0,-2173.5527326374
2115.0,-2172.4351323825704
2116.0,-2171.317532127741
2117.0,-2170.1999318729113
2118.0,-2169.0823316180818
2119.0,-1851.4687313632526
2120.0,-1850.351131108423
2121.0,-1532.737530853593
2122.0,-1531.6199305987634
2123.0,-1530.5023303439339
2124.0,-1212.889730089104
2125.0,-1211.7721298342744
2126.0,-894.1585295794448
2127.0,-893.0409293246153
2128.0,-891.9233290697857
2129.0,-890.8057288149557
2130.0,-889.6881285601262
2131.0,-1205.0665283052967
2132.0,-1203.9489280504672
2133.0,-1202.8313277956377
2134.0,-885.2177275408076
2135.0,-884.100127285978
2136.0,-882.9825270311485
2137.0,-881.864926776319
2138.0,-880.7473265214894
2139.0,-879.6297262666594
2140.0,-878.5121260118299
2141.0,-877.3945257570003
2142.0,-1192.772925502171
2143.0,-1191.6553252473414
2144.0,-1190.5377249925118
2145.0,-1189.4201247376818
2146.0,-871.8065244828522
2147.0,-870.6889242280226
2148.0,-869.5713239731931
2149.0,-868.4537237183636
2150.0,-867.3361234635336
2151.0,-866.218523208704
2152.0,-865.1009229538745
2153.0,-863.983322699045
2154.0,-1179.3617224442155
2155.0,-1178.2441221893855
2156.0,-1177.126521934556
2157.0,-1176.0089216797264
2158.0,-1491.3863214248968
2159.0,-1490.2687211700672
2160.0,-1489.1511209152372
2161.0,-1488.0335206604077
2162.0,-1803.4119204055787
2163.0,-1802.2943201507492
2164.0,-1801.1767198959196
2165.0,-1800.0591196410896
2166.0,-2115.4375193862593
2167.0,-2114.3199191314297
2168.0,-2113.2023188766
2169.0,-2112.0847186217707
2170.0,-2427.462118366942
2171.0,-2426.344518112112
2172.0,-2741.7229178572816
2173.0,-3057.101317602452
2174.0,-3055.9837173476226
2175.0,-3054.866117092793
2176.0,-3370.243516837963
2177.0,-3369.1259165831334
2178.0,-3368.008316328304
2179.0,-3366.8907160734743
2180.0,-3365.773115818645
2181.0,-3048.160515563815
2182.0,-3047.0429153089854
2183.0,-3045.925315054156
2184.0,-3044.8077147993263
2185.0,-3043.6901145444967
2186.0,-2726.0765142896666
2187.0,-2724.958914034837
2188.0,-2723.8413137800076
2189.0,-2406.227713525179
2190.0,-2405.1101132703493
2191.0,-2403.9925130155193
2192.0,-2086.379912760689
2193.0,-1768.7663125058602
2194.0,-1767.6487122510307
2195.0,-1450.0351119962006
2196.0,-1448.917511741371
2197.0,-1131.3049114865412
2198.0,-1130.1873112317116
2199.0,-812.573710976882
2200.0,-811.4561107220525
2201.0,-810.3385104672229
2202.0,-809.2209102123929
2203.0,-808.1033099575634
2204.0,-806.9857097027339
2205.0,-805.8681094479043
2206.0,-488.2545091930747
2207.0,-487.1369089382447
2208.0,-486.01930868341515
2209.0,-168.40570842858597
2210.0,-167.28810817375643
2211.0,-166.1705079189269
2212.0,-165.0529076640969
2213.0,-163.93530740926735
2214.0,-162.8177071544378
2215.0,-161.70010689960827
2216.0,-160.58250664477873
2217.0,-159.46490638994874
2218.0,-158.3473061351192
2219.0,-157.22970588028966
2220.0,160.38289437454023
2221.0,161.50049462936977
2222.0,479.1140948841992
2223.0,480.23169513902917
2224.0,797.8452953938586
2225.0,798.9628956486881
2226.0,800.0804959035177
2227.0,484.70209615834733
2228.0,485.8196964131773
2229.0,486.93729666800687
2230.0,488.0548969228364
2231.0,489.17249717766595
2232.0,173.79409743249562
2233.0,174.9116976873256
2234.0,176.02929794215515
2235.0,177.1468981969847
2236.0,-138.2305015481861
2237.0,-453.6089012933562
2238.0,-452.4913010385262
2239.0,-767.8697007836968
2240.0,-766.7521005288672
2241.0,-1082.1305002740378
2242.0,-1397.5079000192081
2243.0,-1396.3902997643781
2244.0,-1395.2726995095486
2245.0,-1710.6510992547196
2246.0,-2026.0294989998893
2247.0,-2024.9118987450597
2248.0,-2023.7942984902302
2249.0,-2022.6766982354002
2250.0,-2021.5590979805706
2251.0,-2020.441497725741
2252.0,-2019.3238974709116
2253.0,-2018.206297216082
2254.0,-2017.088696961252
2255.0,-1699.4750967064233
2256.0,-2014.853496451593
2257.0,-2013.7358961967634
2258.0,-2012.6182959419339
2259.0,-2011.5006956871039
2260.0,-2010.3830954322743
2261.0,-2009.2654951774448
2262.0,-1691.651894922616
2263.0,-1690.5342946677865
2264.0,-1372.920694412956
2265.0,-1371.8030941581264
2266.0,-1054.190493903297
2267.0,-1053.0728936484675
2268.0,-735.4592933936378
2269.0,-1050.837693138808
2270.0,-1049.7200928839784
2271.0,-1048.6024926291489
2272.0,-1047.4848923743193
2273.0,-1046.3672921194898
2274.0,-728.7536918646601
2275.0,-727.6360916098301
2276.0,-726.5184913550006
2277.0,-725.4008911001711
2278.0,-407.78729084534143
2279.0,-406.6696905905119
2280.0,-89.05609033568226
2281.0,-87.93849008085272
2282.0,-86.82088982602318
2283.0,-85.70328957119364
2284.0,-84.5856893163641
2285.0,-83.4680890615341
2286.0,-82.35048880670456
2287.0,235.26211144812532
2288.0,236.37971170295486
2289.0,237.4973119577844
2290.0,555.1109122126143
2291.0,556.2285124674438
2292.0,557.3461127222733
2293.0,874.9597129771028
2294.0,1192.5723132319324
2295.0,1510.1859134867623
2296.0,1511.3035137415918
2297.0,1512.4211139964214
2298.0,1513.538714251251
2299.0,1514.6563145060804
2300.0,1515.77391476091
2301.0,1200.39551501574
2302.0,1201.5131152705696
2303.0,1202.6307155253992
2304.0,1203.7483157802287
2305.0,1204.8659160350583
2306.0,1205.9835162898883
2307.0,1207.1011165447178
2308.0,1524.7147167995472
2309.0,1209.3363170543769
2310.0,1210.4539173092064
2311.0,895.0765175640363
2312.0,896.1941178188658
2313.0,580.8157180736955
2314.0,265.4373183285252
2315.0,266.5549185833547
2316.0,-48.82248116181563
2317.0,-47.70488090698609
2318.0,-46.58728065215655
2319.0,-45.46968039732701
2320.0,272.1429198575029
2321.0,273.26052011233287
2322.0,274.3781203671624
2323.0,275.49572062199195
2324.0,276.6133208768215
2325.0,277.73092113165103
2326.0,278.84852138648057
2327.0,279.96612164131056
2328.0,597.57972189614
2329.0,598.6973221509695
2330.0,599.814922405799
2331.0,600.9325226606286
2332.0,918.5461229154585
2333.0,919.663723170288
2334.0,920.7813234251175
2335.0,921.8989236799471
2336.0,1239.5115239347767
2337.0,1240.6291241896067
2338.0,1241.7467244444363
2339.0,1242.8643246992658
2340.0,1243.9819249540953
2341.0,928.6045252089248
2342.0,929.7221254637548
2343.0,614.3437257185844
2344.0,615.461325973414
2345.0,300.08292622824365
2346.0,301.2005264830732
2347.0,302.3181267379032
2348.0,303.4357269927327
2349.0,621.0493272475621
2350.0,622.1669275023917
2351.0,623.2845277572212
2352.0,624.4021280120508
2353.0,625.5197282668807
2354.0,626.6373285217103
2355.0,311.25892877653996
2356.0,312.3765290313695
2357.0,-3.000870713801305
2358.0,-1.8832704589713103
2359.0,-0.7656702041417702
2360.0,0.35193005068776984
2361.0,1.46953030551731
2362.0,319.0821305603472
2363.0,320.1997308151772
2364.0,321.31733107000673
2365.0,5.939931324835925
2366.0,7.057531579665465
2367.0,-308.32086816550463
2368.0,-307.20326791067464
2369.0,-622.5816676558452
2370.0,-621.4640674010157
2371.0,-936.8424671461862
2372.0,-935.7248668913567
2373.0,-934.6072666365267
2374.0,-933.4896663816971
2375.0,-1248.8670661268675
2376.0,-1247.749465872038
2377.0,-1246.6318656172084
2378.0,-1562.0102653623794
2379.0,-1560.8926651075494
2380.0,-1876.271064852719
2381.0,-1875.1534645978895
2382.0,-2190.530864343061
2383.0,-2189.4132640882312
2384.0,-2504.7916638334004
2385.0,-2503.674063578571
2386.0,-2502.5564633237414
2387.0,-2501.438863068912
2388.0,-2500.3212628140823
2389.0,-2499.2036625592523
2390.0,-2498.0860623044227
2391.0,-2180.472462049594
2392.0,-2179.3548617947645
2393.0,-2178.237261539935
2394.0,-2177.119661285105
2395.0,-2176.0020610302754
2396.0,-2174.884460775446
2397.0,-2173.7668605206163
2398.0,-2172.649260265787
2399.0,-1855.036660010956
2400.0,-1853.9190597561264
2401.0,-1852.801459501297
2402.0,-1535.1878592464682
2403.0,-1217.574258991638
2404.0,-1216.4566587368085
2405.0,-898.8440584819787
2406.0,-581.230458227149
2407.0,-580.1128579723195
2408.0,-578.99525771749
2409.0,-577.8776574626604
2410.0,-576.7600572078304
2411.0,-575.6424569530009
2412.0,-574.5248566981713
2413.0,-256.9112564433417
2414.0,-255.79365618851216
2415.0,-254.67605593368216
2416.0,62.937544321147016
2417.0,64.05514457597656
2418.0,65.1727448308061
2419.0,382.785345085636
2420.0,383.902945340466
2421.0,385.0205455952955
2422.0,386.13814585012506
2423.0,387.2557461049546
2424.0,388.37334635978414
2425.0,389.49094661461413
2426.0,390.60854686944367
2427.0,708.2221471242731
2428.0,709.3397473791026
2429.0,710.4573476339322
2430.0,711.5749478887617
2431.0,712.6925481435917
2432.0,713.8101483984212
2433.0,714.9277486532508
2434.0,716.0453489080803
2435.0,717.1629491629099
2436.0,401.78454941774
2437.0,402.9021496725695
2438.0,87.52474992739872
2439.0,-227.85364981777138
2440.0,-226.73604956294184
2441.0,-542.114449308112
2442.0,-857.4928490532825
2443.0,-856.375248798453
2444.0,-855.2576485436234
2445.0,-854.1400482887939
2446.0,-1169.5174480339638
2447.0,-1168.3998477791342
2448.0,-1483.7782475243052
2449.0,-1482.6606472694757
2450.0,-1798.0390470146453
2451.0,-2113.416446759816
2452.0,-2112.2988465049866
2453.0,-2427.6772462501563
2454.0,-2743.055645995327
2455.0,-2741.9380457404973
2456.0,-2740.8204454856677
2457.0,-2739.7028452308377
2458.0,-2422.089244976008
2459.0,-2420.9716447211786
2460.0,-2419.854044466349
2461.0,-2418.7364442115195
2462.0,-2417.6188439566895
2463.0,-2732.99724370186
2464.0,-2731.8796434470305
2465.0,-2730.762043192201
2466.0,-3046.1394429373713
2467.0,-3045.0218426825413
2468.0,-3043.904242427712
2469.0,-3042.7866421728822
2470.0,-3041.6690419180527
2471.0,-3040.551441663223
2472.0,-2722.9388414083933
2473.0,-2721.8212411535637
2474.0,-2720.703640898734
2475.0,-3036.0810406439045
2476.0,-3034.963440389075
2477.0,-3033.845840134245
2478.0,-3032.7282398794155
2479.0,-3348.106639624586
2480.0,-3346.9890393697565
2481.0,-3345.871439114927
2482.0,-3344.7538388600974
2483.0,-3343.6362386052674
2484.0,-3342.518638350438
2485.0,-3341.4010380956083
2486.0,-3340.283437840779
2487.0,-3022.669837585949
2488.0,-3021.552237331119
2489.0,-3020.4346370762896
2490.0,-2702.82203682146
2491.0,-2701.7044365666306
2492.0,-2700.586836311801
2493.0,-2699.469236056971
2494.0,-3014.8466358021415
2495.0,-3013.729035547312
2496.0,-3012.6114352924824
2497.0,-2694.998835037653
2498.0,-2693.881234782823
2499.0,-2376.2676345279933
2500.0,-2375.150034273164
2501.0,-2057.536434018335
2502.0,-2056.4188337635055
2503.0,-2055.3012335086755
2504.0,-2054.183633253846
2505.0,-2053.0660329990164
2506.0,-2368.444432744186
2507.0,-2367.3268324893565
2508.0,-2682.705232234527
2509.0,-2681.587631979697
2510.0,-2996.9650317248675
2511.0,-2995.847431470038
2512.0,-2678.2348312152085
2513.0,-2677.117230960379
2514.0,-2675.999630705549
2515.0,-2674.8820304507194
2516.0,-2673.76443019589
2517.0,-2672.6468299410603
2518.0,-2988.0242296862307
2519.0,-2986.9066294314007
2520.0,-2985.789029176571
2521.0,-3301.1674289217417
2522.0,-3300.049828666912
2523.0,-3298.9322284120826
2524.0,-3297.8146281572526
2525.0,-2980.201027902423
2526.0,-2979.0834276475935
2527.0,-2661.470827392764
2528.0,-2660.3532271379345
2529.0,-2659.2356268831045
2530.0,-2341.622026628275
2531.0,-2340.5044263734453
2532.0,-2339.3868261186158
2533.0,-2338.2692258637862
2534.0,-2337.1516256089567
2535.0,-2336.0340253541267
2536.0,-2334.916425099297
2537.0,-2333.7988248444676
2538.0,-2332.681224589638
2539.0,-2331.5636243348085
2540.0,-2330.4460240799785
2541.0,-2329.328423825149
2542.0,-2011.7148235703203
2543.0,-2327.09322331549
2544.0,-2325.9756230606604
2545.0,-2324.8580228058304
2546.0,-2323.740422551001
2547.0,-2322.6228222961713
2548.0,-2638.001222041342
2549.0,-2636.8836217865123
2550.0,-2635.7660215316823
2551.0,-2951.1434212768527
2552.0,-2950.025821022023
2553.0,-2632.4132207671937
2554.0,-2631.295620512364
2555.0,-2313.682020257534
2556.0,-2312.5644200027045
2557.0,-2311.446819747875
2558.0,-2310.3292194930455
2559.0,-2309.211619238216
2560.0,-2624.5900189833865
2561.0,-2623.4724187285565
2562.0,-2622.354818473727
2563.0,-2621.2372182188974
2564.0,-2936.6146179640677
2565.0,-2935.497017709238
2566.0,-2617.8844174544083
2567.0,-2616.766817199579
2568.0,-2615.6492169447492
2569.0,-2614.5316166899197
2570.0,-2613.41401643509
2571.0,-2612.29641618026
2572.0,-2927.6738159254305
2573.0,-2926.556215670601
2574.0,-2925.4386154157714
2575.0,-3240.817015160942
2576.0,-3239.699414906112
2577.0,-3555.0778146512826
2578.0,-3553.960214396453
2579.0,-3552.8426141416235
2580.0,-3868.220013886794
2581.0,-3867.102413631964
2582.0,-3865.9848133771343
2583.0,-4181.363213122305
2584.0,-4180.245612867475
2585.0,-4495.624012612646
2586.0,-4811.001412357816
2587.0,-4809.883812102986
2588.0,-5125.262211848157
2589.0,-5124.144611593327
2590.0,-5123.027011338498
2591.0,-5121.909411083669
2592.0,-5120.791810828838
2593.0,-5119.674210574009
2594.0,-5118.5566103191795
2595.0,-5117.4390100643495
2596.0,-4799.82540980952
2597.0,-4798.707809554689
2598.0,-4481.0952092998605
2599.0,-4479.9776090450305
2600.0,-4478.860008790201
2601.0,-4477.742408535372
2602.0,-4476.624808280541
2603.0,-4159.011208025712
2604.0,-4157.893607770882
2605.0,-4156.776007516053
2606.0,-4155.658407261224
2607.0,-3838.0448070063935
2608.0,-3836.927206751564
2609.0,-3519.3146064967345
2610.0,-3518.197006241905
2611.0,-3200.5834059870754
2612.0,-3199.4658057322454
2613.0,-2881.8522054774157
2614.0,-2880.734605222586
2615.0,-2879.6170049677567
2616.0,-2878.499404712927
2617.0,-3193.8778044580977
2618.0,-3192.7602042032677
2619.0,-2875.146603948438
2620.0,-2874.0290036936085
2621.0,-2872.911403438779
2622.0,-2555.2988031839495
2623.0,-2554.1812029291195
2624.0,-2236.56760267429
2625.0,-1918.9540024194612
2626.0,-1917.8364021646316
2627.0,-1916.718801909802
2628.0,-1599.1062016549713
2629.0,-1597.9886014001418
2630.0,-1596.8710011453122
2631.0,-1279.2574008904835
2632.0,-1278.139800635654
2633.0,-960.5262003808234
2634.0,-959.4086001259939
2635.0,-958.2909998711643
2636.0,-640.6783996163349
2637.0,-639.5607993615054
2638.0,-638.4431991066754
2639.0,-637.3255988518458
2640.0,-319.7119985970162
2641.0,-318.59439834218665
2642.0,-633.9727980873572
2643.0,-632.8551978325277
2644.0,-631.7375975776977
2645.0,-630.6199973228681
2646.0,-629.5023970680386
2647.0,-628.384796813209
2648.0,-943.7621965583794
2649.0,-942.6445963035494
2650.0,-941.5269960487199
2651.0,-940.4093957938903
2652.0,-939.2917955390608
2653.0,-938.1741952842312
2654.0,-620.5615950294014
2655.0,-619.4439947745718
2656.0,-934.8213945197422
2657.0,-933.7037942649126
2658.0,-1249.0821940100836
2659.0,-1247.9645937552536
2660.0,-1563.3429935004233
2661.0,-1562.2253932455938
2662.0,-1561.1077929907642
2663.0,-1559.9901927359347
2664.0,-1558.8725924811047
2665.0,-1241.258992226276
2666.0,-1240.1413919714464
2667.0,-1239.0237917166169
2668.0,-1237.9061914617873
2669.0,-1553.284591206957
2670.0,-1552.166990952127
2671.0,-1551.0493906972974
2672.0,-1866.4267904424687
2673.0,-1865.3091901876392
2674.0,-1864.1915899328096
2675.0,-1863.0739896779796
2676.0,-1545.4613894231493
2677.0,-1544.3437891683197
2678.0,-1543.2261889134902
2679.0,-1225.6125886586615
2680.0,-1224.4949884038315
2681.0,-1223.377388149002
2682.0,-1538.7557878941716
2683.0,-1537.638187639342
2684.0,-1536.5205873845125
2685.0,-1851.8979871296833
2686.0,-1850.7803868748538
2687.0,-1849.6627866200242
2688.0,-1848.5451863651947
2689.0,-1847.4275861103652
2690.0,-1846.3099858555352
2691.0,-1845.1923856007056
2692.0,-1844.074785345876
2693.0,-1842.9571850910465
2694.0,-1841.839584836217
2695.0,-1524.2269845813867
2696.0,-1523.1093843265567
2697.0,-1521.9917840717271
2698.0,-1520.8741838168976
2699.0,-1519.756583562068
2700.0,-1518.6389833072385
2701.0,-1517.5213830524085
2702.0,-1516.403782797579
2703.0,-1515.2861825427494
2704.0,-1514.16858228792
2705.0,-1513.0509820330903
2706.0,-1511.9333817782604
2707.0,-1194.3197815234316
2708.0,-1193.202181268602
2709.0,-875.588581013772
2710.0,-874.4709807589425
2711.0,-873.3533805041125
2712.0,-872.2357802492829
2713.0,-1187.614179994454
2714.0,-1186.4965797396244
2715.0,-1185.3789794847949
2716.0,-1500.757379229964
2717.0,-1499.6397789751345
2718.0,-1498.522178720305
2719.0,-1180.9085784654762
2720.0,-1179.7909782106467
2721.0,-1178.6733779558172
2722.0,-1177.5557777009872
2723.0,-1176.4381774461576
2724.0,-858.8245771913275
2725.0,-857.706976936498
2726.0,-1173.085376681669
2727.0,-1171.967776426839
2728.0,-854.3541761720089
2729.0,-853.2365759171794
2730.0,-852.1189756623498
2731.0,-851.0013754075203
2732.0,-533.3887751526904
2733.0,-215.77517489786078
2734.0,-214.65757464303124
2735.0,-213.5399743882017
2736.0,104.07362586662794
2737.0,105.19122612145793
2738.0,106.30882637628747
2739.0,107.42642663111701
2740.0,108.54402688594655
2741.0,426.15762714077573
2742.0,427.2752273956057
2743.0,428.39282765043527
2744.0,429.5104279052648
2745.0,430.62802816009435
2746.0,431.7456284149239
2747.0,432.8632286697534
2748.0,433.9808289245834
2749.0,435.09842917941296
2750.0,752.7110294342428
2751.0,753.8286296890724
2752.0,754.9462299439019
2753.0,756.0638301987319
2754.0,1073.6774304535613
2755.0,1074.7950307083909
2756.0,1075.9126309632204
2757.0,1077.03023121805
2758.0,1078.14783147288
2759.0,1079.2654317277095
2760.0,1080.383031982539
2761.0,1081.5006322373686
2762.0,1399.114232492198
2763.0,1400.231832747028
2764.0,1401.3494330018575
2765.0,1402.467033256687
2766.0,1403.5846335115166
2767.0,1404.7022337663461
2768.0,1089.3238340211763
2769.0,1090.4414342760058
2770.0,1091.5590345308353
2771.0,1092.6766347856649
2772.0,1093.7942350404944
2773.0,1094.911835295324
2774.0,1096.029435550154
2775.0,1097.1470358049835
2776.0,1098.264636059813
2777.0,1099.3822363146426
2778.0,784.0038365694722
2779.0,785.1214368243022
2780.0,469.74403707913143
2781.0,154.36563733396133
2782.0,155.48323758879087
2783.0,-159.89516215637968
2784.0,-158.7775619015497
2785.0,-474.15596164672024
2786.0,-473.0383613918907
2787.0,-471.92076113706116
2788.0,-470.8031608822316
2789.0,-786.1805606274015
2790.0,-785.062960372572
2791.0,-783.9453601177424
2792.0,-1099.3237598629134
2793.0,-1098.206159608084
2794.0,-1413.584559353253
2795.0,-1412.4669590984236
2796.0,-1411.349358843594
2797.0,-1410.2317585887645
2798.0,-1409.114158333935
2799.0,-1407.9965580791054
2800.0,-1406.8789578242754
2801.0,-1405.7613575694459
2802.0,-1404.6437573146163
2803.0,-1403.5261570597868
2804.0,-1402.4085568049572
2805.0,-1401.2909565501272
2806.0,-1083.6773562952985
2807.0,-1082.559756040469
2808.0,-1081.4421557856394
2809.0,-1080.32455553081
2810.0,-1079.20695527598
2811.0,-1078.0893550211504
2812.0,-1076.9717547663208
2813.0,-1392.3501545114905
2814.0,-1391.232554256661
2815.0,-1073.6189540018318
2816.0,-1072.5013537470022
2817.0,-754.8877534921721
2818.0,-753.7701532373426
2819.0,-436.15755298251315
2820.0,-435.03995272768316
2821.0,-117.42635247285352
2822.0,-116.30875221802398
2823.0,-115.19115196319444
2824.0,-430.569551708365
2825.0,-429.45195145353546
2826.0,-428.33435119870546
2827.0,-427.2167509438759
2828.0,-109.60315068904629
2829.0,-108.48555043421675
2830.0,209.1280498206129
2831.0,526.7416500754425
2832.0,844.3542503302724
2833.0,1161.9678505851018
2834.0,1163.0854508399314
2835.0,1480.6990510947608
2836.0,1481.8166513495908
2837.0,1482.9342516044203
2838.0,1484.0518518592498
2839.0,1485.1694521140794
2840.0,1486.287052368909
2841.0,1803.899652623739
2842.0,1805.0172528785686
2843.0,1806.134853133398
2844.0,2123.7484533882275
2845.0,2124.866053643057
2846.0,2442.479653897887
2847.0,2443.5972541527167
2848.0,2444.714854407546
2849.0,2445.8324546623758
2850.0,2446.9500549172053
2851.0,2448.067655172035
2852.0,2449.185255426865
2853.0,2133.8068556816943
2854.0,2134.924455936524
2855.0,1819.5460561913535
2856.0,1820.663656446183
2857.0,1821.781256701013
2858.0,1822.8988569558426
2859.0,1824.0164572106721
2860.0,1825.1340574655017
2861.0,1826.2516577203312
2862.0,1827.3692579751612
2863.0,1828.4868582299907
2864.0,1829.6044584848203
2865.0,1830.7220587396498
2866.0,1831.8396589944794
2867.0,1516.4622592493092
2868.0,1517.5798595041388
2869.0,1518.6974597589683
2870.0,1519.8150600137978
2871.0,1520.9326602686274
2872.0,1838.5452605234575
2873.0,1839.662860778287
2874.0,2157.2764610331164
2875.0,2158.394061287946
2876.0,2159.5116615427755
2877.0,2160.629261797605
2878.0,2161.746862052435
2879.0,2162.8644623072646
2880.0,2163.982062562094
2881.0,1848.6036628169238
2882.0,1849.7212630717534
2883.0,1534.3438633265832
2884.0,1535.4614635814128
2885.0,1536.5790638362423
2886.0,1537.6966640910719
2887.0,1538.8142643459014
2888.0,1539.9318646007314
2889.0,1541.049464855561
2890.0,1542.1670651103905
2891.0,1543.28466536522
2892.0,1544.4022656200495
2893.0,1545.5198658748795
2894.0,1230.1414661297092
2895.0,1231.2590663845388
2896.0,1232.3766666393683
2897.0,916.998266894198
2898.0,918.115867149028
2899.0,1235.7294674038574
2900.0,1236.847067658687
2901.0,1237.9646679135165
2902.0,1555.5782681683459
2903.0,1556.6958684231754
2904.0,1874.3084686780055
2905.0,1875.426068932835
2906.0,1876.5436691876646
2907.0,1877.6612694424941
2908.0,1562.2838696973236
2909.0,1563.4014699521535
2910.0,1564.519070206983
2911.0,1249.1406704618128
2912.0,1250.2582707166423
2913.0,1251.3758709714718
2914.0,1252.4934712263018
2915.0,1570.1070714811312
2916.0,1571.2246717359608
2917.0,1572.3422719907903
2918.0,1573.4598722456199
2919.0,1574.5774725004499
2920.0,1575.6950727552794
2921.0,1576.812673010109
2922.0,1261.4342732649386
2923.0,1262.5518735197682
2924.0,1263.6694737745981
2925.0,1264.7870740294277
2926.0,949.4086742842574
2927.0,950.5262745390869
2928.0,1268.1398747939163
2929.0,1269.2574750487458
2930.0,1586.8710753035757
2931.0,1587.9886755584052
2932.0,1589.1062758132348
2933.0,1590.2238760680643
2934.0,1591.3414763228939
2935.0,1592.4590765777239
2936.0,1277.0806768325535
2937.0,1278.198277087383
2938.0,1279.3158773422126
2939.0,1280.4334775970422
2940.0,1281.5510778518722
2941.0,1282.6686781067017
2942.0,1600.282278361531
2943.0,1601.3998786163606
2944.0,1919.0124788711903
2945.0,2236.62607912602
2946.0,2554.23967938085
2947.0,2555.3572796356793
2948.0,2556.474879890509
2949.0,2557.5924801453384
2950.0,2558.7100804001684
2951.0,2559.827680654998
2952.0,2560.9452809098275
2953.0,2562.062881164657
2954.0,2563.1804814194866
2955.0,2880.793081674316
2956.0,2881.910681929146
2957.0,2883.0282821839755
2958.0,3200.641882438805
2959.0,3201.7594826936347
2960.0,3202.8770829484642
2961.0,2887.498683203294
2962.0,2888.6162834581237
2963.0,2889.7338837129532
2964.0,2574.356483967783
2965.0,2575.4740842226124
2966.0,2576.5916844774424
2967.0,2577.709284732272
2968.0,2578.8268849871015
2969.0,2579.944485241931
2970.0,2581.0620854967606
2971.0,2898.6746857515905
2972.0,2899.79228600642
2973.0,2900.9098862612495
2974.0,3218.523486516079
2975.0,3219.6410867709087
2976.0,2904.2626870257386
2977.0,2905.380287280568
2978.0,2590.002887535398
2979.0,2591.1204877902273
2980.0,2275.742088045057
2981.0,2276.8596882998863
2982.0,2277.9772885547163
2983.0,1962.598888809546
2984.0,1963.7164890643755
2985.0,2281.330089319205
2986.0,2282.4476895740345
2987.0,2283.5652898288645
2988.0,2284.682890083694
2989.0,1969.3044903385237
2990.0,1970.4220905933532
2991.0,1655.0446908481827
2992.0,1339.6662911030128
2993.0,1024.2878913578425
2994.0,708.9104916126716
2995.0,393.53209186750155
2996.0,394.6496921223311
2997.0,395.7672923771611
2998.0,396.8848926319906
2999.0,398.00249288682016
3000.0,399.1200931416497
3001.0,400.23769339647924
3002.0,401.35529365130924
3003.0,85.97689390613868
3004.0,87.09449416096822
3005.0,-228.28390558420233
3006.0,-543.6613053293727
3007.0,-859.0397050745437
3008.0,-857.9221048197137
3009.0,-1173.3005045648833
3010.0,-1172.1829043100538
3011.0,-1171.0653040552243
3012.0,-853.4517038003955
3013.0,-852.3341035455655
3014.0,-851.216503290736
3015.0,-1166.5949030359056
3016.0,-1165.477302781076
3017.0,-1164.3597025262466
3018.0,-1479.7371022714174
3019.0,-1478.6195020165878
3020.0,-1793.9979017617575
3021.0,-1792.880301506928
3022.0,-2108.2587012520985
3023.0,-2107.1411009972685
3024.0,-2106.023500742439
3025.0,-2104.9059004876094
3026.0,-2103.78830023278
3027.0,-1786.1746999779502
3028.0,-1785.0570997231202
3029.0,-1467.4434994682915
3030.0,-1466.325899213462
3031.0,-1465.2082989586324
3032.0,-1464.090698703803
3033.0,-1462.9730984489734
3034.0,-1461.8554981941434
3035.0,-1777.233897939313
3036.0,-1776.1162976844835
3037.0,-1774.998697429654
3038.0,-1773.8810971748244
3039.0,-1456.2674969199952
3040.0,-1455.1498966651657
3041.0,-1137.5372964103353
3042.0,-819.9236961555066
3043.0,-502.3100959006765
3044.0,-184.69749564584663
3045.0,-183.5798953910171
3046.0,-182.46229513618755
3047.0,-181.344694881358
3048.0,-180.22709462652847
3049.0,-179.10949437169847
3050.0,-177.99189411686893
3051.0,-176.8742938620394
3052.0,-175.75669360720985
3053.0,141.85690664761978
3054.0,459.47050690244987
3055.0,460.5881071572794
3056.0,778.2017074121086
3057.0,779.3193076669381
3058.0,780.4369079217677
3059.0,781.5545081765972
3060.0,466.17610843142756
3061.0,467.2937086862571
3062.0,151.91530894108655
3063.0,153.0329091959161
3064.0,154.15050945074563
3065.0,-161.22789029442447
3066.0,-160.11029003959493
3067.0,-158.9926897847654
3068.0,-157.87508952993585
3069.0,-156.7574892751063
3070.0,-155.6398890202763
3071.0,-154.52228876544677
3072.0,-469.8996885106171
3073.0,-468.7820882557876
3074.0,-467.66448800095804
3075.0,-783.0428877461286
3076.0,-781.9252874912991
3077.0,-1097.3036872364687
3078.0,-1096.1860869816392
3079.0,-1095.0684867268096
3080.0,-1410.4458864719804
3081.0,-1409.328286217151
3082.0,-1408.2106859623213
3083.0,-1407.0930857074918
3084.0,-1089.4804854526615
3085.0,-1088.3628851978315
3086.0,-1403.7402849430027
3087.0,-1402.6226846881732
3088.0,-1401.5050844333437
3089.0,-1400.3874841785141
3090.0,-1715.7658839236838
3091.0,-2031.1442836688539
3092.0,-2030.0266834140243
3093.0,-2345.4040831591947
3094.0,-2344.286482904365
3095.0,-2026.6738826495357
3096.0,-2025.5562823947057
3097.0,-2024.4386821398762
3098.0,-1706.8250818850465
3099.0,-1705.707481630217
3100.0,-1704.5898813753874
3101.0,-1703.4722811205575
3102.0,-1702.354680865728
3103.0,-1701.2370806108984
3104.0,-1700.1194803560688
3105.0,-1699.0018801012393
3106.0,-1381.3882798464101
3107.0,-1380.2706795915806
3108.0,-1379.153079336751
3109.0,-1061.5404790819207
3110.0,-1060.4228788270912
3111.0,-1059.3052785722612
3112.0,-1058.1876783174316
3113.0,-1057.070078062602
3114.0,-1055.9524778077725
3115.0,-1054.834877552943
3116.0,-1053.7172772981135
3117.0,-1052.5996770432835
3118.0,-1051.482076788454
3119.0,-1050.3644765336244
3120.0,-1049.2468762787948
3121.0,-1364.624276023966
3122.0,-1363.506675769136
3123.0,-1362.3890755143066
3124.0,-1361.271475259477
3125.0,-1360.1538750046475
3126.0,-1359.036274749818
3127.0,-1357.918674494988
3128.0,-1356.8010742401584
3129.0,-1672.179473985328
3130.0,-1671.0618737304985
3131.0,-1669.944273475669
3132.0,-1985.322673220839
3133.0,-1984.2050729660095
3134.0,-1983.08747271118
3135.0,-1981.9698724563505
3136.0,-2297.347272201521
3137.0,-1979.734671946691
3138.0,-1978.6170716918614
3139.0,-1977.4994714370318
3140.0,-1659.8858711822022
3141.0,-1658.7682709273727
3142.0,-1657.6506706725431
3143.0,-1656.5330704177131
3144.0,-1655.4154701628836
3145.0,-1654.297869908054
3146.0,-1653.1802696532245
3147.0,-1652.062669398395
3148.0,-1650.945069143565
3149.0,-1333.3314688887363
3150.0,-1332.2138686339067
3151.0,-1331.0962683790772
3152.0,-1013.4836681242468
3153.0,-1012.3660678694168
3154.0,-1011.2484676145873
3155.0,-693.6348673597586
3156.0,-692.517267104929
3157.0,-691.3996668500995
3158.0,-690.2820665952695
3159.0,-689.16446634044
3160.0,-688.0468660856104
3161.0,-686.9292658307809
3162.0,-685.8116655759513
3163.0,-684.6940653211213
3164.0,-683.5764650662918
3165.0,-682.4588648114623
3166.0,-681.3412645566327
3167.0,-363.72766430180263
3168.0,-362.6100640469731
3169.0,-361.4924637921431
3170.0,-360.37486353731356
3171.0,-359.257263282484
3172.0,-41.64466302765459
3173.0,-40.52706277282505
3174.0,-39.40946251799505
3175.0,-38.29186226316551
3176.0,-37.17426200833597
3177.0,-36.05666175350643
3178.0,-34.93906149867689
3179.0,282.6745387561532
3180.0,283.79213901098274
3181.0,601.4057392658124
3182.0,919.0193395206416
3183.0,920.1369397754711
3184.0,921.2545400303011
3185.0,922.3721402851306
3186.0,923.4897405399602
3187.0,608.1113407947901
3188.0,609.2289410496196
3189.0,293.8505413044495
3190.0,294.96814155927905
3191.0,296.0857418141086
3192.0,297.2033420689381
3193.0,298.32094232376767
3194.0,299.4385425785972
3195.0,300.5561428334272
3196.0,301.67374308825674
3197.0,302.7913433430863
3198.0,-12.587056402084272
3199.0,-327.9644561472546
3200.0,-326.8468558924246
3201.0,-642.2252556375956
3202.0,-957.6036553827653
3203.0,-956.4860551279357
3204.0,-955.3684548731062
3205.0,-1270.745854618277
3206.0,-1269.6282543634475
3207.0,-1268.510654108618
3208.0,-1583.8890538537876
3209.0,-1582.771453598958
3210.0,-1898.1498533441281
3211.0,-1897.0322530892986
3212.0,-1895.914652834469
3213.0,-2211.2920525796394
3214.0,-2210.17445232481
3215.0,-2525.55285206998
3216.0,-2524.4352518151504
3217.0,-2523.317651560321
3218.0,-2838.6960513054914
3219.0,-2837.578451050662
3220.0,-2836.4608507958324
3221.0,-2835.3432505410024
3222.0,-2517.7296502861727
3223.0,-2516.612050031343
3224.0,-2831.9904497765137
3225.0,-2830.872849521684
3226.0,-2829.755249266854
3227.0,-2828.6376490120247
3228.0,-2827.520048757195
3229.0,-2826.4024485023656
3230.0,-3141.779848247536
3231.0,-3140.662247992706
3232.0,-3139.5446477378764
3233.0,-3138.427047483047
3234.0,-2820.8144472282174
3235.0,-2819.696846973388
3236.0,-2502.083246718558
3237.0,-2500.9656464637283
3238.0,-2499.8480462088987
3239.0,-2498.730445954069
3240.0,-2497.6128456992396
3241.0,-2496.4952454444096
3242.0,-2178.88164518958
3243.0,-2177.7640449347505
3244.0,-1860.151444679921
3245.0,-1542.5378444250914
3246.0,-1541.4202441702619
3247.0,-1223.8066439154327
3248.0,-1222.6890436606031
3249.0,-905.0764434057728
3250.0,-903.9588431509433
3251.0,-902.8412428961137
3252.0,-585.2276426412845
3253.0,-584.110042386455
3254.0,-582.9924421316255
3255.0,-265.3788418767954
3256.0,-264.26124162196584
3257.0,53.35135863286405
3258.0,54.46895888769359
3259.0,372.0825591425232
3260.0,373.20015939735276
3261.0,690.8137596521824
3262.0,691.9313599070124
3263.0,376.55296016184184
3264.0,377.6705604166714
3265.0,378.7881606715009
3266.0,379.90576092633046
3267.0,381.02336118116045
3268.0,382.14096143599
3269.0,383.25856169081953
3270.0,384.3761619456491
3271.0,385.4937622004786
3272.0,386.61136245530815
3273.0,71.23296271013805
3274.0,72.3505629649676
3275.0,73.46816321979713
3276.0,74.58576347462667
3277.0,75.70336372945621
3278.0,76.82096398428621
3279.0,77.93856423911575
3280.0,79.05616449394529
3281.0,80.17376474877483
3282.0,81.29136500360437
3283.0,398.90496525843446
3284.0,83.5265655132639
3285.0,84.64416576809344
3286.0,85.76176602292298
3287.0,86.87936627775252
3288.0,87.99696653258252
3289.0,89.11456678741206
3290.0,90.2321670422416
3291.0,91.34976729707114
3292.0,92.46736755190068
3293.0,93.58496780673067
3294.0,94.70256806156021
3295.0,95.82016831638975
3296.0,96.9377685712193
3297.0,-218.43963117395106
3298.0,99.17296908087837
3299.0,100.29056933570837
3300.0,101.40816959053791
3301.0,102.52576984536745
3302.0,103.64337010019699
3303.0,104.76097035502653
3304.0,105.87857060985652
3305.0,106.99617086468606
3306.0,108.1137711195156
3307.0,-207.26362862565475
3308.0,-206.1460283708252
3309.0,-205.0284281159952
3310.0,-203.91082786116567
3311.0,-519.2892276063367
3312.0,-518.1716273515071
3313.0,-517.0540270966776
3314.0,-199.44042684184706
3315.0,-198.32282658701752
3316.0,-197.20522633218798
3317.0,-196.08762607735844
3318.0,121.524974177471
3319.0,122.64257443230099
3320.0,123.76017468713053
3321.0,124.87777494196007
3322.0,125.99537519678961
3323.0,127.11297545161915
3324.0,128.2305757064487
3325.0,129.34817596127868
3326.0,130.46577621610822
3327.0,131.58337647093776
3328.0,132.7009767257673
3329.0,450.31457698059694
3330.0,451.43217723542693
3331.0,452.5497774902565
3332.0,453.667377745086
3333.0,454.78497799991555
3334.0,455.9025782547451
3335.0,457.0201785095751
3336.0,141.64177876440453
3337.0,142.75937901923407
3338.0,143.87697927406361
3339.0,144.99457952889315
3340.0,146.11217978372315
3341.0,147.2297800385527
3342.0,148.34738029338223
3343.0,149.46498054821177
3344.0,150.5825808030413
3345.0,151.7001810578713
3346.0,152.81778131270084
3347.0,-162.5596184324695
3348.0,-161.44201817763997
3349.0,-160.32441792281043
3350.0,-159.20681766798089
3351.0,-474.58521741315144
3352.0,-473.4676171583219
3353.0,-472.35001690349236
3354.0,-471.2324166486628
3355.0,-470.1148163938333
3356.0,-468.9972161390033
3357.0,-151.3836158841732
3358.0,-150.26601562934366
3359.0,-149.14841537451412
3360.0,-148.03081511968458
3361.0,-146.91321486485458
3362.0,-145.79561461002504
3363.0,-144.6780143551955
3364.0,-143.56041410036596
3365.0,174.05218615446347
3366.0,-141.32521359070643
3367.0,-140.20761333587689
3368.0,-139.09001308104735
3369.0,178.52258717378209
3370.0,179.64018742861163
3371.0,497.2537876834417
3372.0,498.37138793827125
3373.0,815.9849881931009
3374.0,1133.59858844793
3375.0,1134.7161887027596
3376.0,1452.3287889575895
3377.0,1769.9423892124194
3378.0,1771.059989467249
3379.0,1772.1775897220784
3380.0,2089.791189976908
3381.0,2090.9087902317374
3382.0,2092.0263904865674
3383.0,2409.638990741397
3384.0,2410.756590996227
3385.0,2728.370191251056
3386.0,2729.4877915058855
3387.0,3047.1013917607156
3388.0,3048.218992015545
3389.0,3049.3365922703747
3390.0,3050.4541925252042
3391.0,3051.571792780034
3392.0,3052.6893930348638
3393.0,2737.310993289693
3394.0,2738.4285935445228
3395.0,2739.5461937993523
3396.0,2740.663794054182
3397.0,2741.781394309012
3398.0,2742.8989945638414
3399.0,2744.016594818671
3400.0,2745.1341950735005
3401.0,2746.25179532833
3402.0,2747.3693955831595
3403.0,2431.9909958379894
3404.0,2433.1085960928194
3405.0,2117.7311963476486
3406.0,1802.3527966024783
3407.0,1803.4703968573078
3408.0,1488.091997112138
3409.0,1172.7145973669672
3410.0,1173.8321976217967
3411.0,1174.9497978766262
3412.0,1176.0673981314558
3413.0,860.6889983862861
3414.0,861.8065986411157
3415.0,862.9241988959452
3416.0,864.0417991507748
3417.0,865.1593994056043
3418.0,866.2769996604343
3419.0,867.3945999152638
3420.0,552.0162001700933
3421.0,553.1338004249228
3422.0,554.2514006797524
3423.0,555.3690009345823
3424.0,556.4866011894119
3425.0,241.10820144424133
3426.0,242.22580169907087
3427.0,559.8394019539005
3428.0,560.95700220873
3429.0,562.07460246356
3430.0,563.1922027183896
3431.0,564.3098029732191
3432.0,565.4274032280487
3433.0,566.5450034828782
3434.0,567.6626037377082
3435.0,568.7802039925377
3436.0,253.40180424736718
3437.0,254.51940450219672
3438.0,255.63700475702626
3439.0,573.2506050118564
3440.0,574.3682052666859
3441.0,575.4858055215154
3442.0,893.0994057763451
3443.0,894.2170060311746
3444.0,1211.8306062860042
3445.0,1212.9482065408338
3446.0,1214.0658067956633
3447.0,1531.6784070504932
3448.0,1532.7960073053227
3449.0,1533.9136075601527
3450.0,1535.0312078149823
3451.0,1852.6448080698117
3452.0,1853.7624083246412
3453.0,2171.3760085794706
3454.0,2172.4936088343
3455.0,2490.10620908913
3456.0,2807.7198093439597
3457.0,2808.8374095987892
3458.0,3126.451009853619
3459.0,3127.5686101084484
3460.0,3128.6862103632784
3461.0,3129.803810618108
3462.0,3130.9214108729375
3463.0,3132.039011127767
3464.0,3133.1566113825966
3465.0,3134.2742116374266
3466.0,2818.895811892256
3467.0,2820.0134121470855
3468.0,3137.627012401915
3469.0,3138.7446126567447
3470.0,3139.8622129115747
3471.0,3140.9798131664043
3472.0,3142.097413421234
3473.0,3143.2150136760633
3474.0,3144.332613930893
3475.0,3145.450214185723
3476.0,2830.0718144405523
3477.0,2831.189414695382
3478.0,2832.3070149502114
3479.0,2516.928615205041
3480.0,2518.046215459871
3481.0,2519.163815714701
3482.0,2520.28141596953
3483.0,2521.39901622436
3484.0,2522.516616479189
3485.0,2840.1302167340186
3486.0,2841.2478169888486
3487.0,2842.365417243678
3488.0,2843.4830174985077
3489.0,2844.6006177533372
3490.0,2529.222218008167
3491.0,2530.339818262997
3492.0,2531.457418517826
3493.0,2216.080018772656
3494.0,2217.1976190274854
3495.0,2218.315219282315
3496.0,2219.432819537145
3497.0,2220.5504197919745
3498.0,2538.1630200468044
3499.0,2539.2806203016335
3500.0,2540.3982205564635
3501.0,2541.5158208112935
3502.0,2542.6334210661225
3503.0,2227.256021320952
3504.0,2228.3736215757817
3505.0,2229.4912218306113
3506.0,1914.112822085441
3507.0,1915.230422340271
3508.0,1916.3480225951005
3509.0,1600.9696228499301
3510.0,1602.0872231047597
3511.0,1919.700823359589
3512.0,1920.818423614419
3513.0,1921.9360238692486
3514.0,1923.0536241240782
3515.0,1924.1712243789077
3516.0,1925.2888246337372
3517.0,1926.4064248885672
3518.0,1927.5240251433968
3519.0,1928.6416253982263
3520.0,1929.7592256530559
3521.0,1930.8768259078854
3522.0,1931.9944261627154
3523.0,1933.112026417545
3524.0,1934.2296266723745
3525.0,2251.843226927204
3526.0,2252.9608271820334
3527.0,2254.0784274368634
3528.0,2571.6910276916933
3529.0,2572.8086279465224
3530.0,2573.9262282013524
3531.0,2575.0438284561815
3532.0,2576.1614287110115
3533.0,2260.784028965841
3534.0,1945.4056292206708
3535.0,1946.5232294755003
3536.0,1631.14482973033
3537.0,1632.2624299851595
3538.0,1316.8850302399892
3539.0,1318.0026304948187
3540.0,1319.1202307496483
3541.0,1320.2378310044778
3542.0,1321.3554312593074
3543.0,1322.4730315141373
3544.0,1323.590631768967
3545.0,1008.2122320237968
3546.0,1009.3298322786263
3547.0,693.9514325334558
3548.0,695.0690327882858
3549.0,379.6906330431152
3550.0,380.80823329794475
3551.0,381.9258335527743
3552.0,383.04343380760383
3553.0,700.6570340624339
3554.0,701.7746343172635
3555.0,702.892234572093
3556.0,1020.5058348269226
3557.0,1021.6234350817522
3558.0,1022.7410353365817
3559.0,1023.8586355914117
3560.0,1024.9762358462413
3561.0,1026.0938361010708
3562.0,1027.2114363559003
3563.0,1028.3290366107299
3564.0,1345.9426368655595
3565.0,1347.060237120389
3566.0,1348.1778373752186
3567.0,1349.2954376300481
3568.0,1666.908037884878
3569.0,1984.5216381397079
3570.0,1985.6392383945374
3571.0,2303.252838649367
3572.0,2304.3704389041964
3573.0,2621.983039159026
3574.0,2306.605639413856
3575.0,2307.7232396686854
3576.0,2308.840839923515
3577.0,2309.9584401783445
3578.0,1994.5800404331742
3579.0,2312.193640688004
3580.0,2313.3112409428336
3581.0,2630.923841197663
3582.0,2632.041441452493
3583.0,2949.655041707322
3584.0,3267.2686419621523
3585.0,3268.386242216982
3586.0,3269.5038424718114
3587.0,3270.621442726641
3588.0,2955.2430429814704
3589.0,2956.3606432363
3590.0,2640.9822434911302
3591.0,2642.0998437459593
3592.0,2643.2174440007893
3593.0,2644.3350442556184
3594.0,2961.948644510448
3595.0,3279.562244765278
3596.0,3280.6798450201077
3597.0,3598.292445274937
3598.0,3599.4100455297666
3599.0,3600.527645784596
3600.0,3285.1502460394263
3601.0,3286.267846294256
3602.0,2970.8894465490853
3603.0,2972.007046803915
3604.0,2973.1246470587444
3605.0,2974.2422473135744
3606.0,2658.863847568404
3607.0,2659.981447823234
3608.0,2661.099048078063
3609.0,2662.216648332893
3610.0,2346.8392485877225
3611.0,2347.956848842552
3612.0,2349.0744490973816
3613.0,2033.6960493522113
3614.0,2034.8136496070408
3615.0,2035.9312498618704
3616.0,2037.0488501167004
3617.0,1721.67045037153
3618.0,1722.7880506263596
3619.0,1407.4106508811888
3620.0,1408.5282511360183
3621.0,1093.1498513908487
3622.0,1094.2674516456782
3623.0,1095.3850519005077
3624.0,1096.5026521553373
3625.0,1097.6202524101668
3626.0,1098.7378526649968
3627.0,1099.8554529198263
3628.0,1100.973053174656
3629.0,785.5946534294853
3630.0,786.7122536843149
3631.0,471.3338539391448
3632.0,155.95645419397442
3633.0,157.07405444880396
3634.0,-158.30434529636705
3635.0,-157.1867450415375
3636.0,-156.0691447867075
3637.0,-154.95154453187797
3638.0,162.66205572295212
3639.0,163.77965597778166
3640.0,164.8972562326112
3641.0,166.01485648744074
3642.0,167.13245674227073
3643.0,168.25005699710027
3644.0,-147.12834274807074
3645.0,-146.0107424932412
3646.0,-144.89314223841166
3647.0,-143.77554198358166
3648.0,-142.65794172875212
3649.0,-141.54034147392258
3650.0,176.0732587809075
3651.0,177.19085903573705
3652.0,494.80345929056693
3653.0,812.4170595453966
3654.0,813.5346598002261
3655.0,814.6522600550556
3656.0,1132.2658603098853
3657.0,1133.3834605647153
3658.0,1134.5010608195448
3659.0,1452.114661074374
3660.0,1453.2322613292035
3661.0,1454.349861584033
3662.0,1455.467461838863
3663.0,1456.5850620936926
3664.0,1457.7026623485222
3665.0,1458.8202626033517
3666.0,1459.9378628581817
3667.0,1777.5504631130111
3668.0,1778.6680633678411
3669.0,1779.7856636226702
3670.0,1780.9032638775002
3671.0,1782.0208641323302
3672.0,1783.1384643871593
3673.0,1467.761064641989
3674.0,1468.878664896818
3675.0,1469.996265151648
3676.0,1154.6178654064784
3677.0,1155.7354656613074
3678.0,1473.349065916137
3679.0,1474.4666661709662
3680.0,1475.5842664257962
3681.0,1476.7018666806262
3682.0,1477.8194669354552
3683.0,1478.9370671902852
3684.0,1480.0546674451143
3685.0,1164.6762676999447
3686.0,1165.7938679547747
3687.0,850.4154682096037
3688.0,535.0370684644336
3689.0,536.1546687192626
3690.0,537.2722689740926
3691.0,854.8858692289227
3692.0,856.0034694837518
3693.0,1173.617069738582
3694.0,1174.734669993411
3695.0,1175.852270248241
3696.0,1176.969870503071
3697.0,1178.0874707579
3698.0,862.70907101273
3699.0,863.826671267559
3700.0,864.944271522389
3701.0,866.061871777219
3702.0,867.1794720320481
3703.0,868.2970722868781
3704.0,1185.9106725417073
3705.0,1187.0282727965373
3706.0,1188.1458730513664
3707.0,1189.2634733061964
3708.0,873.8850735610263
3709.0,875.0026738158554
3710.0,876.1202740706854
3711.0,877.2378743255144
3712.0,878.3554745803444
3713.0,879.4730748351744
3714.0,880.5906750900035
3715.0,881.7082753448335
3716.0,1199.3218755996627
3717.0,1200.4394758544927
3718.0,1201.5570761093227
3719.0,1202.6746763641518
3720.0,1203.7922766189818
3721.0,1521.4058768738105
3722.0,1522.5234771286405
3723.0,1523.6410773834705
3724.0,1841.2536776383
3725.0,1842.37127789313
3726.0,1843.488878147959
3727.0,1844.606478402789
3728.0,1529.2290786576186
3729.0,1530.3466789124477
3730.0,1531.4642791672777
3731.0,1532.5818794221068
3732.0,1533.6994796769368
3733.0,1534.8170799317668
3734.0,1535.9346801865959
3735.0,1537.0522804414259
3736.0,1538.169880696255
3737.0,1222.7914809510853
3738.0,1223.9090812059153
3739.0,908.5306814607443
3740.0,909.6482817155743
3741.0,594.2698819704033
3742.0,278.8924822252334
3743.0,-36.485917519937175
3744.0,-35.36831726510809
3745.0,-350.7467170102773
3746.0,-349.6291167554482
3747.0,-348.5115165006182
3748.0,-347.3939162457882
3749.0,-346.2763159909591
3750.0,-661.6537157361299
3751.0,-660.5361154813008
3752.0,-659.4185152264708
3753.0,-658.3009149716409
3754.0,-657.1833147168118
3755.0,-656.0657144619818
3756.0,-654.9481142071527
3757.0,-653.8305139523227
3758.0,-969.2089136974928
3759.0,-968.0913134426628
3760.0,-966.9737131878328
3761.0,-965.8561129330037
3762.0,-964.7385126781737
3763.0,-647.1249124233454
3764.0,-646.0073121685155
3765.0,-328.39471191368466
3766.0,-327.2771116588556
3767.0,-326.1595114040256
3768.0,-325.0419111491965
3769.0,-323.9243108943665
3770.0,-322.8067106395365
3771.0,-321.6891103847074
3772.0,-320.5715101298774
3773.0,-319.45390987504834
3774.0,-1.8403096202191591
3775.0,-0.7227093653891643
3776.0,0.394890889439921
3777.0,318.00849114427047
3778.0,319.12609139909955
3779.0,636.7386916539294
3780.0,637.8562919087594
3781.0,638.9738921635885
3782.0,640.0914924184185
3783.0,324.7140926732477
3784.0,325.8316929280777
3785.0,326.9492931829077
3786.0,328.0668934377368
3787.0,645.6794936925667
3788.0,646.7970939473958
3789.0,964.4106942022258
3790.0,965.5282944570558
3791.0,1283.141894711885
3792.0,1284.259494966715
3793.0,1601.8730952215437
3794.0,1602.9906954763737
3795.0,1604.1082957312037
3796.0,1921.7208959860332
3797.0,1922.8384962408632
3798.0,1923.9560964956922
3799.0,2241.569696750522
3800.0,2242.687297005352
3801.0,2243.804897260181
3802.0,2244.922497515011
3803.0,2246.04009776984
3804.0,2247.15769802467
3805.0,2248.2752982795
3806.0,1932.8968985343295
3807.0,1934.0144987891595
3808.0,1935.1320990439885
3809.0,1936.2496992988185
3810.0,1620.8722995536473
3811.0,1621.9898998084773
3812.0,1623.1075000633073
3813.0,1307.7291003181367
3814.0,1308.8467005729667
3815.0,993.4683008277957
3816.0,994.5859010826257
3817.0,679.2075013374556
3818.0,680.3251015922847
3819.0,364.9477018471148
3820.0,366.06530210194387
3821.0,367.18290235677387
3822.0,368.30050261160386
3823.0,52.9221028664324
3824.0,54.03970312126239
3825.0,55.15730337609148
3826.0,-260.2210963690777
3827.0,-259.1034961142477
3828.0,-257.98589585941863
3829.0,-256.86829560458864
3830.0,-255.75069534975955
3831.0,-254.63309509492956
3832.0,-253.51549484009956
3833.0,-252.39789458527048
3834.0,-251.28029433044048
3835.0,-250.1626940756114
3836.0,-249.0450938207814
3837.0,-247.9274935659514
3838.0,-246.80989331112232
3839.0,-245.69229305629233
3840.0,-244.57469280146324
3841.0,-243.45709254663325
3842.0,-242.33949229180325
3843.0,-241.22189203697417
3844.0,-240.10429178214417
3845.0,-238.9866915273151
3846.0,-237.8690912724851
3847.0,-236.7514910176551
3848.0,-235.633890762826
3849.0,-234.51629050799602
3850.0,-233.39869025316693
3851.0,-232.28108999833694
3852.0,-231.16348974350694
3853.0,86.45011051132133
3854.0,87.56771076615132
3855.0,88.68531102098041
3856.0,89.8029112758104
3857.0,90.9205115306404
3858.0,92.03811178546948
3859.0,93.15571204029948
3860.0,94.27331229512856
3861.0,411.8869125499591
3862.0,413.0045128047882
3863.0,414.1221130596182
3864.0,415.2397133144482
3865.0,732.8523135692772
3866.0,417.47491382410726
3867.0,418.59251407893635
3868.0,419.71011433376634
3869.0,737.3227145885962
3870.0,738.4403148434253
3871.0,739.5579150982553
3872.0,740.6755153530844
3873.0,1058.2891156079145
3874.0,1059.4067158627445
3875.0,1060.5243161175736
3876.0,1061.6419163724036
3877.0,1379.2555166272327
3878.0,1063.8771168820626
3879.0,1064.9947171368926
3880.0,1066.1123173917217
3881.0,1067.2299176465517
3882.0,1068.3475179013808
3883.0,1069.4651181562108
3884.0,1070.5827184110408
3885.0,1071.7003186658699
3886.0,1389.3139189207
3887.0,1390.431519175529
3888.0,1391.549119430359
3889.0,1392.666719685189
3890.0,1393.7843199400181
3891.0,1394.9019201948481
3892.0,1396.0195204496772
3893.0,1397.1371207045072
3894.0,1714.7507209593368
3895.0,1715.868321214166
3896.0,1716.985921468996
3897.0,1718.103521723825
3898.0,1719.221121978655
3899.0,1720.338722233485
3900.0,1721.456322488314
3901.0,1722.573922743144
3902.0,1723.6915229979732
3903.0,2041.3041232528035
3904.0,2042.4217235076335
3905.0,2043.5393237624626
3906.0,1728.1619240172922
3907.0,1729.2795242721213
3908.0,1730.3971245269513
3909.0,1731.5147247817813
3910.0,1732.6323250366104
3911.0,1733.7499252914404
3912.0,1734.8675255462695
3913.0,1735.9851258010995
3914.0,1737.1027260559285
3915.0,1738.2203263107585
3916.0,1739.3379265655885
3917.0,2056.950526820418
3918.0,2058.068127075248
3919.0,2059.185727330077
3920.0,2060.303327584907
3921.0,1744.9259278397367
3922.0,1429.5475280945661
3923.0,797.6731283493959
3924.0,798.790728604225
3925.0,799.908328859055
3926.0,1117.521929113885
3927.0,1118.6395293687142
3928.0,1752.749129623544
3929.0,1753.866729878373
3930.0,1754.984330133203
3931.0,2705.588930388033
3932.0,2706.706530642862
3933.0,3657.3111308976922
3934.0,3658.4287311525213
3935.0,3976.041331407351
3936.0,3977.158931662181
3937.0,3028.78953191701
3938.0,2080.4201321718406
3939.0,1132.0507324266696
3940.0,183.68133268149904
3941.0,-131.69706706367015
3942.0,185.91653319115812
3943.0,2086.0081334459887
3944.0,3353.1087337008175
3945.0,3354.2263339556475
3946.0,4304.830934210478
3947.0,3989.4525344653066
3948.0,3674.0751347201367
3949.0,5574.166734974966
3950.0,-243.4138145362267
3951.0,-6060.994364047419
3952.0,-11878.574913558612
3953.0,-10750.043888852724
3954.0,-9621.512864146836
3955.0,-7543.494839441066
3956.0,-6098.467814735181
3957.0,-4969.936790029293
3958.0,-2258.9277653234058
3959.0,-180.90974061751876
3960.0,2055.3562840883687
3961.0,4291.622308794256
3962.0,4470.666333500143
3963.0,2434.2403582060288
3964.0,1030.8063829119146
3965.0,1209.8504076178015
3966.0,755.9034323236883
3967.0,2833.921457029577
3968.0,4911.939481735462
3969.0,5407.478506441348
3970.0,2105.0705311472357
3971.0,701.6355558531232
3972.0,-2284.27641944099
3973.0,-2738.2243947351035
3974.0,-2875.6753700292174
3975.0,-3013.12734532333
3976.0,-2201.092320617443
3977.0,-1705.552295911557
3978.0,-4374.969271205669
3979.0,-5778.404246499783
3980.0,-6232.351221793896
3981.0,-3204.846197088009
3982.0,-810.3321723821227
3983.0,1900.6768523237643
3984.0,1446.729877029651
3985.0,43.29590173553879
3986.0,-3259.113073558575
3987.0,-7194.513048852688
3988.0,-8597.9470241468
3989.0,-6836.424999440915
3990.0,-5074.901974735028
3991.0,-2680.3889500291407
3992.0,-2184.8489253232538
3993.0,-739.8219006173658
3994.0,1654.6921240885204
3995.0,3732.710148794291
3996.0,6760.215173500177
3997.0,9154.729198206063
3998.0,10283.260222911951
3999.0,9829.31224761784
4000.0,10008.356272323726
4001.0,9237.913297029612
4002.0,11315.931321735497
4003.0,11494.975346441384
4004.0,12623.507371147272
4005.0,12486.05539585316
4006.0,13298.090420559045
4007.0,14110.126445264934
4008.0,14922.161469970819
4009.0,14151.718494676705
4010.0,13697.771519382593
4011.0,12610.83254408848
4012.0,10257.910568794367
4013.0,8221.484593500254
4014.0,8400.52861820614
4015.0,7946.581642912028
4016.0,7176.138667617914
4017.0,4506.721692323801
4018.0,1837.3047170296877
4019.0,-2098.0952582644254
4020.0,-5400.5042335585385
4021.0,-7436.930208852651
4022.0,-7574.381184146765
4023.0,-5179.867159440878
4024.0,-3101.849134734991
4025.0,-707.336110029104
4026.0,-528.2920853232172
4027.0,-1298.7350606173304
4028.0,-4284.647035911444
4029.0,-8536.543011205556
4030.0,-12155.44698649967
4031.0,-12609.394961793783
4032.0,-11797.358937087896
4033.0,-8136.862912382009
4034.0,-4159.869887676123
4035.0,-2398.347862970236
4036.0,-1586.3128382644654
4037.0,-2356.7558135585787
4038.0,-3443.693788852692
4039.0,-2631.658764146805
4040.0,-1503.127739440918
4041.0,-1324.0837147350312
4042.0,-2094.5266900291444
4043.0,-4763.943665323258
4044.0,-8699.343640617371
4045.0,-11368.760615911484
4046.0,-11189.716591205597
4047.0,-7529.220566499711
4048.0,-8247.733495611947
4049.0,-8966.246424724182
4050.0,-9684.75935383642
4051.0,-10403.272282948656
4052.0,-11121.785212060891
4053.0,-11840.298141173127
4054.0,-13059.846886249263
4055.0,-11114.438631325398
4056.0,-6953.560376401524
4057.0,-2792.68212147765
4058.0,1368.1961334462248
4059.0,465.14338837008836
4060.0,-2020.3873567060473
4061.0,-4189.423101782182
4062.0,-5092.4758468582895
4063.0,-3463.5635919344245
4064.0,-1201.6593370105602
4065.0,1060.2449179133055
4066.0,1739.67017283717
4067.0,203.62642776103348
4068.0,-2598.400317315073
4069.0,-4450.941062391208
4070.0,-5670.488807467344
4071.0,-4674.56755254348
4072.0,-4311.638297619615
4073.0,-3632.2120426957213
4074.0,-4218.7697877718565
4075.0,-5438.317532847992
4076.0,-6657.866277924128
4077.0,-6927.928023000263
4078.0,-5299.014768076369
4079.0,-2087.6235131525054
4080.0,2073.2547417713595
4081.0,5917.636996695224
4082.0,9129.02825161909
4083.0,8858.966506542982
4084.0,7639.417761466846
4085.0,5470.382016390711
4086.0,3934.3382713145747
4087.0,3980.7725262384392
4088.0,5293.189781162304
4089.0,7555.0930360861985
4090.0,10766.484291010063
4091.0,11762.405545933929
4092.0,11175.848800857792
4093.0,10589.292055781658
4094.0,9686.23931070555
4095.0,9416.177565629414
4096.0,10095.602820553278
4097.0,11091.524075477144
4098.0,11137.958330401008
4099.0,9601.914585324901
4100.0,6799.887840248766
4101.0,5263.84309517263
4102.0,4677.286350096494
4103.0,5989.703605020359
4104.0,8251.606859944253
4105.0,9247.529114868117
4106.0,8977.467369791982
4107.0,6808.431624715846
4108.0,2740.421879639711
4109.0,887.8821345635752
4110.0,617.8203894874687
4111.0,1297.2466444113334
4112.0,3875.645899335199
4113.0,5504.559154259063
4114.0,5550.993409182927
4115.0,4647.94066410682
4116.0,1529.417919030685
4117.0,-1589.1048260454504
4118.0,-2175.6625711215856
4119.0,-2445.7233161977215
4120.0,-2399.289061273828
4121.0,-1403.3678063499633
4122.0,-2306.420551426099
4123.0,-2892.978296502234
4124.0,-3479.5350415783696
4125.0,-5332.074786654476
4126.0,-5918.631531730612
4127.0,-6505.189276806746
4128.0,-7408.242021882883
4129.0,-7678.303766959018
4130.0,-9214.347512035154
4131.0,-11699.87825711126
4132.0,-12602.932002187395
4133.0,-13189.488747263531
4134.0,-12193.567492339667
4135.0,-8665.680237415803
4136.0,-5137.7939824919085
4137.0,-2242.898727568044
4138.0,-297.4894726441794
4139.0,-1517.038217720315
4140.0,-3686.0739627964504
4141.0,-6171.604707872557
4142.0,-7391.153452948693
4143.0,-6395.232198024827
4144.0,-4133.327943100963
4145.0,-1871.4246881770987
4146.0,-559.0074332532345
4147.0,-829.0691783293405
4148.0,-2048.616923405476
4149.0,-2002.1826684816117
4150.0,-1955.7484135577472
4151.0,306.15584136611733
4152.0,2251.5640962900106
4153.0,3563.980351213875
4154.0,2977.4236061377396
4155.0,2074.370861061604
4156.0,-94.66488401453125
4157.0,-48.23062909063765
4158.0,631.195625833227
4159.0,1943.611880757092
4160.0,3256.0291356809557
4161.0,3935.45439060482
4162.0,3348.897645528714
4163.0,2129.348900452579
4164.0,593.305155376443
4165.0,323.24341030030746
4166.0,1635.6606652241726
4167.0,2315.085920148037
4168.0,2678.01617507193
4169.0,-1066.3550140039752
4170.0,-4810.72620307988
4171.0,-8555.097392155785
4172.0,-11009.937488443724
4173.0,-13148.281584731663
4174.0,-13387.6506810196
4175.0,-12677.53377730748
4176.0,-12600.407873595419
4177.0,-11890.290969883357
4178.0,-12129.660066171295
4179.0,-12052.534162459233
4180.0,-11342.417258747173
4181.0,-10948.795355035112
4182.0,-9922.18245132305
4183.0,-9212.065547610988
4184.0,-8818.443643898925
4185.0,-9057.813740186864
4186.0,-8347.695836474802
4187.0,-8270.56993276274
4188.0,-7560.453029050679
4189.0,-5267.857125338617
4190.0,-2975.2622216265554
4191.0,1216.3076820855058
4192.0,4774.886585797567
4193.0,8649.960489509629
4194.0,10626.06039322169
4195.0,11336.178296933755
4196.0,10780.312200645814
4197.0,10540.943104357877
4198.0,11567.55600806994
4199.0,12910.663911782001
4200.0,15519.75581549406
4201.0,16229.872719206123
4202.0,16939.990622918183
4203.0,16067.629526630248
4204.0,15511.763430342307
4205.0,15272.39433405437
4206.0,16299.007237766491
4207.0,18275.10714147855
4208.0,18985.224045190615
4209.0,18112.862948902675
4210.0,15974.518852614736
4211.0,13836.1747563268
4212.0,12647.318660038862
4213.0,11458.461563750921
4214.0,11219.091467462984
4215.0,11612.713371175045
4216.0,11373.343274887107
4217.0,10817.478178599169
4218.0,9628.62108231123
4219.0,7806.772986023292
4220.0,6934.411889735353
4221.0,6695.041793447415
4222.0,5506.185697159477
4223.0,5899.80660087154
4224.0,4394.4545045836
4225.0,2889.1014082956617
4226.0,750.7583120077238
4227.0,-1071.0907842802144
4228.0,-3525.929880568153
4229.0,-4714.78697685609
4230.0,-7486.122073144029
4231.0,-8991.474169431967
4232.0,-9230.844265719905
4233.0,-9786.709362007845
4234.0,-8760.096458295782
4235.0,-8682.97055458372
4236.0,-8922.340650871658
4237.0,-9161.71074715954
4238.0,-9084.584843447477
4239.0,-9640.449939735416
4240.0,-8297.341036023354
4241.0,-8220.215132311292
4242.0,-8776.08122859923
4243.0,-10281.43332488717
4244.0,-11786.786421175108
4245.0,-12026.155517463045
4246.0,-10683.047613750983
4247.0,-8706.946710038923
4248.0,-5781.359806326861
4249.0,-3488.763902614799
4250.0,-2462.1509989027372
4251.0,-2385.0250951906755
4252.0,-2624.395191478614
4253.0,-3813.252287766552
4254.0,-4052.6223840544903
4255.0,-4608.487480342429
4256.0,-4214.865576630367
4257.0,-3821.2446729183052
4258.0,-2794.6307692062437
4259.0,-1451.5228654941818
4260.0,524.5770382178798
4261.0,2500.6769419299417
4262.0,3527.290845642003
4263.0,4553.9037493540645
4264.0,3048.5506530661264
4265.0,1543.1985567781883
4266.0,-595.1455395097499
4267.0,-1467.5066357976882
4268.0,-1390.3807320855683
4269.0,-680.2638283735066
4270.0,-286.64192466144493
4271.0,739.9709790506167
4272.0,500.60088276267845
4273.0,261.23178647474015
4274.0,-294.6343098131981
4275.0,-1166.9954061011363
4276.0,-1406.364502389075
4277.0,-1329.2385986770132
4278.0,-1252.1126949649515
4279.0,-1174.9867912528898
4280.0,-1097.8608875408281
4281.0,245.24701617123378
4282.0,1904.8519198832955
4283.0,3247.959823595357
4284.0,3325.085727307419
4285.0,3085.7166310194807
4286.0,1896.8595347315422
4287.0,1340.994438443604
4288.0,2051.1113421556656
4289.0,-835.44043285116
4290.0,-3721.9922078579857
4291.0,-6608.543982864813
4292.0,-3250.3310670698265
4293.0,-525.1101512748392
4294.0,617.6327645201491
4295.0,177.8976803151363
4296.0,687.6485961101225
4297.0,-385.0774880948902
4298.0,-508.31757229990217
4299.0,317.92934349508505
4300.0,1144.1772592900725
4301.0,3869.39817508506
4302.0,4695.646090880047
4303.0,6471.380006675034
4304.0,7614.122922470022
4305.0,7807.378838265009
4306.0,7051.147754059995
4307.0,7560.899669854982
4308.0,6804.668585649972
4309.0,6048.437501444958
4310.0,4342.718417239945
4311.0,2004.0093330349318
4312.0,1247.778248829918
4313.0,-774.435835375094
4314.0,-581.1799195801068
4315.0,1194.5549962148798
4316.0,2020.801912009867
4317.0,2214.0578278048542
4318.0,2407.3137435998415
4319.0,68.60365939482926
4320.0,-2903.0964248101836
4321.0,-4608.815509015196
4322.0,-6631.028593220209
4323.0,-4538.798677425222
4324.0,-4345.542761630351
4325.0,-3519.2958458353637
4326.0,-3959.0309300403765
4327.0,-5348.254014245389
4328.0,-8319.954098450402
4329.0,-10025.673182655413
4330.0,-12047.886266860427
4331.0,-12171.126351065439
4332.0,-9762.400435270454
4333.0,-9569.144519475467
4334.0,-7476.914603680478
4335.0,-7600.1546878854915
4336.0,-7406.898772090504
4337.0,-8163.129856295517
4338.0,-8286.369940500528
4339.0,-9042.601024705542
4340.0,-7266.866108910555
4341.0,-5807.627193115568
4342.0,-4031.8932773205806
4343.0,-2889.1503615255933
4344.0,-1746.407445730606
4345.0,-1869.6475299356189
4346.0,-726.9046141406316
4347.0,1048.8303016543555
4348.0,4090.5472174493425
4349.0,6815.76913324433
4350.0,8907.999049039317
4351.0,10050.741964834304
4352.0,9927.501880629292
4353.0,8538.279796424278
4354.0,7465.552712219267
4355.0,7342.312628014253
4356.0,9118.04754380924
4357.0,12159.764459604228
4358.0,14251.994375399216
4359.0,15078.241291194203
4360.0,14955.00220698919
4361.0,13565.779122784177
4362.0,11543.565038579163
4363.0,9521.351954374151
4364.0,7499.137870169138
4365.0,8008.888785964125
4366.0,6936.162701759113
4367.0,5863.435617554101
4368.0,4474.212533349088
4369.0,1819.0074491440746
4370.0,429.785364939062
4371.0,-1592.4287192659513
4372.0,-3298.1468034709633
4373.0,-3421.386887675976
4374.0,-2911.634971880989
4375.0,-3351.3700560860016
4376.0,-3474.6101402910144
4377.0,-3597.8502244960273
4378.0,-6886.046308701039
4379.0,-7642.277392906053
4380.0,-9664.491477111065
4381.0,-8205.252561316078
4382.0,-6746.014645521091
4383.0,-4337.288729726104
4384.0,-3827.5368139311176
4385.0,-3317.7858981361296
4386.0,-5023.503982341143
4387.0,-5146.743066546154
4388.0,-4004.000150751168
4389.0,-4326.514425283863
4390.0,-4649.0286998165575
4391.0,-4971.542974349253
4392.0,-5294.057248881948
4393.0,-5616.571523414643
4394.0,-5906.935351965247
4395.0,-8729.26418051585
4396.0,-6487.662009066453
4397.0,-3402.071504283723
4398.0,-316.48099950099277
4399.0,2769.109505281738
4400.0,6276.693676731151
4401.0,7568.808848180548
4402.0,7278.445019629944
4403.0,6355.090191079342
4404.0,5431.735362528738
4405.0,7356.841533978135
4406.0,8648.956705427532
4407.0,10890.55887687693
4408.0,11549.682048326325
4409.0,10942.823219775724
4410.0,9702.972391225121
4411.0,7197.139562674518
4412.0,6590.279734123915
4413.0,5983.420905573312
4414.0,7908.527077022709
4415.0,9833.633248472106
4416.0,11758.739419921501
4417.0,12101.367591370898
4418.0,10228.525762820296
4419.0,7089.700934269693
4420.0,4583.8671057190895
4421.0,4293.5042771684875
4422.0,4952.6274486178845
4423.0,8460.212620067297
4424.0,9435.831791516692
4425.0,8828.97196296609
4426.0,5690.147134415487
4427.0,2234.827305864883
4428.0,361.9854773142815
4429.0,1337.6046487636777
4430.0,3262.710820213075
4431.0,5504.312991662471
4432.0,6479.932163111869
4433.0,4290.594334561265
4434.0,1468.2655060106626
4435.0,-1354.0633225399406
4436.0,-2593.914151090544
4437.0,-1301.7989796411466
4438.0,-959.1718081917497
4439.0,-1249.5346367423526
4440.0,-3438.872465292955
4441.0,-4995.219293843558
4442.0,-6868.061122394161
4443.0,-6525.432950944764
4444.0,-6815.796779495367
4445.0,-6473.168608045956
4446.0,-8029.514436596559
4447.0,-9902.356265147162
4448.0,-10509.216093697765
4449.0,-9533.596922248367
4450.0,-8557.977750798971
4451.0,-8531.845579349574
4452.0,-9771.695407900177
4453.0,-12277.52923645078
4454.0,-14466.867065001383
4455.0,-13491.247893551987
4456.0,-11882.63672210259
4457.0,-8691.547550653191
4458.0,-7715.928379203795
4459.0,-8955.779207754398
4460.0,-12094.604036305002
4461.0,-13650.949864855604
4462.0,-15207.296693406208
4463.0,-13915.181521956809
4464.0,-11357.084350507412
4465.0,-10064.969179058016
4466.0,-10038.83700760862
4467.0,-12228.174836159222
4468.0,-15050.503664709811
4469.0,-16290.354493260413
4470.0,-14998.239321811017
4471.0,-13389.62815036162
4472.0,-11148.026978912221
4473.0,-10172.407807462825
4474.0,-11095.762636013427
4475.0,-12652.108464564031
4476.0,-12625.976293114634
4477.0,-11333.861121665239
4478.0,-9092.25895021584
4479.0,-6217.6657787664435
4480.0,-6508.029607317047
4481.0,-5848.90643586765
4482.0,-7088.756264418253
4483.0,-5796.642092968856
4484.0,-3871.5359215194585
4485.0,-47.45475007006189
4486.0,1561.1554213793352
4487.0,4119.2535928287325
4488.0,4145.3857642781295
4489.0,5121.004935727526
4490.0,6413.119107176937
4491.0,8338.226278626335
4492.0,10579.827450075732
4493.0,12188.438621525129
4494.0,13164.057792974527
4495.0,12240.702964423923
4496.0,12266.83513587332
4497.0,12609.462307322716
4498.0,14851.064478772114
4499.0,15826.683650221512
4500.0,17435.29482167091
4501.0,17461.426993120305
4502.0,16538.0721645697
4503.0,15298.221336019098
4504.0,14058.370507468495
4505.0,12502.024678917893
4506.0,11895.164850367291
4507.0,11288.306021816687
4508.0,10997.942193266084
4509.0,10074.58736471548
4510.0,8834.737536164877
4511.0,6961.894707614274
4512.0,5722.044879063671
4513.0,4482.194050513082
4514.0,3558.83922196248
4515.0,2318.988393411877
4516.0,1079.1375648612739
4517.0,788.774736310671
4518.0,181.91490776006776
4519.0,208.04707920946475
4520.0,-1031.8027493411382
4521.0,-1638.662577891741
4522.0,-2878.5134064423437
4523.0,-4118.363234992947
4524.0,-3775.73606354355
4525.0,-2800.1168920941527
4526.0,-1508.001720644756
4527.0,-2431.356549195359
4528.0,-2721.7203777459617
4529.0,-4594.562206296565
4530.0,-3935.4380348471677
4531.0,-4225.801863397771
4532.0,-2617.191691948374
4533.0,-692.0845204989773
4534.0,600.0296509504196
4535.0,309.6668223998313
4536.0,-930.184006150771
4537.0,-3119.5218347013742
4538.0,-3409.8856632519773
4539.0,-2434.2664918025803
4540.0,822.3536921787072
4541.0,4078.9738761599947
4542.0,7335.594060141282
4543.0,8500.525605346213
4544.0,6816.997150551144
4545.0,7032.442695756074
4546.0,5981.904240961004
4547.0,7463.3327861659345
4548.0,7045.786331370866
4549.0,7894.222876575795
4550.0,7476.677421780783
4551.0,8325.113966985715
4552.0,7591.071512190645
4553.0,7490.021057395576
4554.0,7705.466602600505
4555.0,7920.912147805437
4556.0,10035.330693010366
4557.0,8984.793238215298
4558.0,9516.734783420228
4559.0,7200.214328625216
4560.0,8048.650873830147
4561.0,6048.626419035078
4562.0,6264.071964240007
4563.0,3947.5515094449383
4564.0,4479.492054649869
4565.0,4378.441599854799
4566.0,4593.887145059731
4567.0,4492.836690264719
4568.0,2492.812235469649
4569.0,1125.7787806745791
4570.0,-3406.21167412049
4571.0,-3823.7571289155594
4572.0,-6456.773583710628
4573.0,-5924.832038505699
4574.0,-6342.378493300768
4575.0,-6443.42894809578
4576.0,-6227.983402890849
4577.0,-8228.008857685918
4578.0,-10544.528312480987
4579.0,-14443.527767276057
4580.0,-16127.056222071127
4581.0,-16228.106676866197
4582.0,-15696.166131661266
4583.0,-15797.216586456336
4584.0,-15581.771041251346
4585.0,-15366.325496046416
4586.0,-15467.375950841486
4587.0,-14935.435405636556
4588.0,-15985.972860431624
4589.0,-14504.545315226695
4590.0,-13339.612770021764
4591.0,-12491.176224816834
4592.0,-11326.243679611845
4593.0,-10794.303134406913
4594.0,-10895.353589201983
4595.0,-10996.404043997052
4596.0,-10464.462498792123
4597.0,-8244.544620253859
4598.0,-6024.626741715596
4599.0,-3804.7088631773318
4600.0,-2323.2813179723425
4601.0,-1791.3397727674128
4602.0,-1575.8952275624824
4603.0,-2309.936682357552
4604.0,-3993.465137152621
4605.0,-4727.507591947691
4606.0,-2613.0880467427605
4607.0,-182.1735015378299
4608.0,666.2640436671591
4609.0,881.7085888720903
4610.0,2363.13713407702
4611.0,363.1126792819505
4612.0,-54.433775513118235
4613.0,-1421.4672303081888
4614.0,376.4563148967427
4615.0,2174.3798601016715
4616.0,3339.312405306602
4617.0,2921.7659505115917
4618.0,5985.6724957165225
4619.0,4935.135040921452
4620.0,4201.093586126382
4621.0,2834.0601313313127
4622.0,3998.9926765362434
4623.0,6429.907221741174
4624.0,7278.3437669461055
4625.0,6860.798312151095
4626.0,7709.234857356023
4627.0,8557.671402560954
4628.0,6557.646947765887
4629.0,6773.091492970816
4630.0,7305.033038175745
4631.0,8786.460583380678
4632.0,9318.402128585607
4633.0,9850.342673790594
4634.0,8166.813218995525
4635.0,7432.771764200457
4636.0,2900.781309405387
4637.0,1533.7488546103177
4638.0,483.2113998152472
4639.0,2281.134945020178
4640.0,2496.579490225109
4641.0,3661.5120354300398
4642.0,1661.4875806350283
4643.0,4626.011756452288
4644.0,7590.535932269548
4645.0,10555.060108086807
4646.0,6761.441249167329
4647.0,8348.248390247845
4648.0,6770.099531328365
4649.0,7407.419672408882
4650.0,5196.2788134894
4651.0,4567.616954569918
4652.0,2989.4680956504353
4653.0,1411.3182367309566
4654.0,-799.8226221885257
4655.0,-1744.9804811080076
4656.0,-158.17234002749
4657.0,-1419.826198946973
4658.0,-3630.9670578664545
4659.0,-5525.611916785938
4660.0,-7103.760775705416
4661.0,-9314.901634624897
4662.0,-11209.54649354438
4663.0,-12787.696352463863
4664.0,-12466.871211383344
4665.0,-10563.568070302827
4666.0,-11508.72592922231
4667.0,-13086.874788141788
4668.0,-14348.52864706127
4669.0,-16559.669505980753
4670.0,-17504.827364900233
4671.0,-17500.498223819715
4672.0,-16230.186082739201
4673.0,-15592.865941658682
4674.0,-12423.57980057816
4675.0,-13052.241659497642
4676.0,-13997.399518417125
4677.0,-14942.557377336609
4678.0,-15887.715236256088
4679.0,-14933.899095175573
4680.0,-14296.578954095054
4681.0,-12393.275813014532
4682.0,-9856.980671934014
4683.0,-7637.182530853497
4684.0,-7632.853389772979
4685.0,-6995.5322486924615
4686.0,-6041.716107611945
4687.0,-3505.421966531426
4688.0,-2551.6058254509044
4689.0,-964.7976843703868
4690.0,622.009456710131
4691.0,3158.3045977906486
4692.0,3479.128738871166
4693.0,4432.944879951684
4694.0,5703.257021032201
4695.0,6340.578162112723
4696.0,7927.38530319324
4697.0,9514.192444273758
4698.0,11417.496585354276
4699.0,12687.807726434794
4700.0,13958.119867515312
4701.0,13645.953008595829
4702.0,13966.778149676351
4703.0,12388.629290756868
4704.0,11759.966431837387
4705.0,11447.800572917904
4706.0,13667.59871399842
4707.0,14937.910855078939
4708.0,15575.230996159456
4709.0,14313.578137239978
4710.0,13368.420278320496
4711.0,11790.270419401015
4712.0,10528.616560481532
4713.0,10216.45070156205
4714.0,10537.274842642568
4715.0,11491.091983723085
4716.0,11811.916124803603
4717.0,11183.254265884125
4718.0,9605.104406964641
4719.0,7710.45954804516
4720.0,6765.3016891256775
4721.0,7086.126830206195
4722.0,8039.942971286712
4723.0,8677.263112367229
4724.0,8681.59225344775
4725.0,7419.939394528269
4726.0,5525.293535608787
4727.0,5529.622676689305
4728.0,4900.960817769823
4729.0,4272.298958850341
4730.0,4593.123099930858
4731.0,4597.45224101138
4732.0,4285.286382091897
4733.0,3340.128523172415
4734.0,2078.4746642529326
4735.0,183.82980533345062
4736.0,-1077.8240535860323
4737.0,-2655.9729125055137
4738.0,-752.6697714249926
4739.0,517.6423696555248
4740.0,1154.9625107360428
4741.0,526.3006518165603
4742.0,214.13379289707837
4743.0,-414.5290660224041
4744.0,-1359.686924941886
4745.0,-1988.3487838613646
4746.0,-2617.010642780847
4747.0,-1030.20350170033
4748.0,873.0996393801884
4749.0,1826.915780460706
4750.0,1514.7499215412236
4751.0,2152.0700626217413
4752.0,2156.3992037022626
4753.0,2160.7283447827804
4754.0,2798.048485863298
4755.0,3751.864626943816
4756.0,4705.680768024334
4757.0,5659.4969091048515
4758.0,5347.331050185368
4759.0,3769.1811912658904
4760.0,3457.0153323464083
4761.0,3461.344473426926
4762.0,3465.6736145074437
4763.0,4419.489755587962
4764.0,5689.800896668479
4765.0,6327.122037748997
4766.0,5065.468178829518
4767.0,4120.310319910036
4768.0,2542.1614609905537
4769.0,1280.5076020710715
4770.0,651.845743151589
4771.0,23.18288423210697
4772.0,-288.9839746873754
4773.0,-1550.6368336068545
4774.0,-2179.299692526336
4775.0,-3440.9525514458182
4776.0,-5652.093410365302
4777.0,-7863.234269284783
4778.0,-9441.383128204265
4779.0,-11019.532987123748
4780.0,-11331.699846043226
4781.0,-11327.370704962708
4782.0,-11639.536563882191
4783.0,-12584.694422801673
4784.0,-14162.844281721154
4785.0,-15108.002140640638
4786.0,-16369.65599956012
4787.0,-16998.317858479597
4788.0,-16360.997717399081
4789.0,-15723.676576318565
4790.0,-15402.851435238044
4791.0,-16031.514294157529
4792.0,-16027.18515307701
4793.0,-17921.83001199649
4794.0,-17284.509870915976
4795.0,-15697.701729835455
4796.0,-13477.902588754936
4797.0,-11891.095447674417
4798.0,-11570.2703065939
4799.0,-10932.950165513383
4800.0,-11878.108024432864
4801.0,-12190.274883352347
4802.0,-11236.458742271825
4803.0,-9966.146601191307
4804.0,-7746.34746011079
4805.0,-6792.531319030271
4806.0,-5205.724177949754
4807.0,-4568.4030368692365
4808.0,-4247.577895788719
4809.0,-3926.7537547081974
4810.0,-2972.9376136276796
4811.0,-1069.6344725471617
4812.0,200.6776685333557
4813.0,2103.980809613873
4814.0,2424.805950694391
4815.0,3695.118091774909
4816.0,4648.93423285543
4817.0,5286.254373935948
4818.0,6240.070515016465
4819.0,6877.391656096983
4820.0,8780.6947971775
4821.0,9734.51093825802
4822.0,10688.327079338536
4823.0,10692.656220419058
4824.0,11646.472361499576
4825.0,12600.288502580093
4826.0,12604.617643660611
4827.0,14191.424784741128
4828.0,14512.249925821647
4829.0,16415.553066902165
4830.0,15786.891207982686
4831.0,16424.211349063204
4832.0,15795.549490143721
4833.0,15483.382631224238
4834.0,14538.224772304757
4835.0,13909.562913385274
4836.0,15179.874054465792
4837.0,14867.708195546313
4838.0,16454.51533662683
4839.0,15825.85347770735
4840.0,16146.677618787866
4841.0,15518.015759868384
4842.0,14889.353900948901
4843.0,14893.683042029419
4844.0,14581.516183109941
4845.0,14585.845324190459
4846.0,14906.670465270976
4847.0,13645.016606351493
4848.0,12383.362747432013
4849.0,11754.70088851253
4850.0,11126.038029593048
4851.0,10180.880170673569
4852.0,9552.218311754086
4853.0,8607.060452834605
4854.0,8611.389593915123
4855.0,6083.75273499564
4856.0,3556.1168760761575
4857.0,2610.959017156675
4858.0,716.3141582371968
4859.0,-545.3397006822861
4860.0,-2123.4885596017675
4861.0,-3385.14241852125
4862.0,-5596.2832774407325
4863.0,-6541.441136360214
4864.0,-8752.581995279697
4865.0,-10014.234854199176
4866.0,-11908.880713118659
4867.0,-12221.04657203814
4868.0,-13166.204430957623
4869.0,-14111.362289877106
4870.0,-14740.025148796587
4871.0,-15052.191007716068
4872.0,-16946.83686663555
4873.0,-17891.99472555503
4874.0,-18520.656584474513
4875.0,-18832.823443393994
4876.0,-19144.989302313475
4877.0,-19457.15616123296
4878.0,-19136.33102015244
4879.0,-18815.506879071923
4880.0,-19444.168737991404
4881.0,-20389.326596910883
4882.0,-19119.014455830365
4883.0,-19114.685314749848
4884.0,-16894.887173669333
4885.0,-16890.558032588815
4886.0,-15936.741891508296
4887.0,-16881.899750427776
4888.0,-15928.083609347257
4889.0,-15607.25846826674
4890.0,-15286.433327186223
4891.0,-13066.634186105704
4892.0,-11479.827045025186
4893.0,-9260.027903944669
4894.0,-9572.194762864146
4895.0,-7352.395621783629
4896.0,-5765.588480703111
4897.0,-4811.772339622594
4898.0,-2275.4771985420757
4899.0,-372.17405746155873
4900.0,2164.1210836189593
4901.0,3434.4322246994807
4902.0,4704.744365779999
4903.0,5658.560506860516
4904.0,7245.3686479410335
4905.0,9148.671789021551
4906.0,10102.48793010207
4907.0,12322.287071182587
4908.0,11693.624212263108
4909.0,13596.927353343626
4910.0,13284.761494424143
4911.0,12656.098635504663
4912.0,13609.91477658518
4913.0,13614.243917665697
4914.0,13935.069058746214
4915.0,12356.920199826736
4916.0,13310.736340907253
4917.0,11732.586481987772
4918.0,12053.41162306829
4919.0,11108.253764148807
4920.0,10163.095905229326
4921.0,10483.920046309842
4922.0,7956.284187390364
4923.0,7644.117328470882
4924.0,6065.968469551399
4925.0,6703.2886106319165
4926.0,6391.121751712435
4927.0,7028.442892792953
4928.0,6399.7800338734705
4929.0,4505.135174953992
4930.0,4509.4643160345095
4931.0,2614.819457115027
4932.0,2935.644598195545
4933.0,1040.9997392760629
4934.0,1994.8158803565805
4935.0,1682.6490214370983
4936.0,104.50016251761963
4937.0,-207.6666964018632
4938.0,-1152.8245553213446
4939.0,-199.00841424082773
4940.0,-827.67027316031
4941.0,442.64086792020817
4942.0,1079.962009000726
4943.0,767.7951500812474
4944.0,455.628291161765
4945.0,-489.5295677577169
4946.0,780.7825733228005
4947.0,468.6157144033182
4948.0,2055.4238554838357
4949.0,1743.2569965643538
4950.0,2380.578137644875
4951.0,2701.4022787253925
4952.0,2705.7314198059103
4953.0,3659.547560886428
4954.0,3663.876701966946
4955.0,5250.684843047464
4956.0,5255.0139841279815
4957.0,5575.838125208499
4958.0,4314.185266289021
4959.0,4318.514407369538
4960.0,4006.347548450056
4961.0,3694.1806895305735
4962.0,3065.5188306110913
4963.0,3702.838971691609
4964.0,3390.673112772127
4965.0,3078.506253852648
4966.0,2449.844394933166
4967.0,3087.1645360136836
4968.0,3091.4936770942013
4969.0,3095.822818174719
4970.0,2150.6649592552367
4971.0,1838.4981003357548
4972.0,893.3402414162761
4973.0,264.6783824967938
4974.0,269.00752357731153
4975.0,-359.6553353421705
4976.0,594.1608057383469
4977.0,-983.988053181135
4978.0,-1296.1549121006174
4979.0,-2874.303771020096
4980.0,-2869.9746299395783
4981.0,-3182.1414888590607
4982.0,-2861.316347778543
4983.0,-2540.491206698025
4984.0,-2852.6580656175074
4985.0,-2215.3379245369897
4986.0,-4426.478783456469
4987.0,-5055.140642375951
4988.0,-5683.802501295433
4989.0,-5679.473360214915
4990.0,-5042.153219134398
4991.0,-6303.80707805388
4992.0,-4716.998936973363
4993.0,-6295.148795892841
4994.0,-4708.340654812324
4995.0,-5653.498513731805
4996.0,-4699.6823726512885
4997.0,-4378.85823157077
4998.0,-4374.529090490252
4999.0,-2787.720949409734
5000.0,-4998.861808329213
5001.0,-3412.053667248695
5002.0,-4990.203526168178
5003.0,-3719.8913850876597
5004.0,-5298.041244007141
5005.0,-3711.2331029266243
5006.0,-3390.4079618461064
5007.0,-3386.078820765585
5008.0,-2432.2626796850673
5009.0,-2427.9335386045495
5010.0,-4437.365736607211
5011.0,-6446.797934609873
5012.0,-8456.230132612534
5013.0,-9399.477867449228
5014.0,-10342.725602285927
5015.0,-9703.495337122622
5016.0,-10330.247071959317
5017.0,-8741.52980679601
5018.0,-10001.272541632705
5019.0,-9045.5462764694
5020.0,-9988.794011306098
5021.0,-9349.563746142792
5022.0,-8077.341480979489
5023.0,-8071.102215816183
5024.0,-5216.401950652877
5025.0,-6159.649685489571
5026.0,-3304.9494203262666
5027.0,-3615.206155162964
5028.0,-2342.983889999659
5029.0,-1387.2576248363534
5030.0,834.4516403269517
5031.0,4322.143905490257
5032.0,5277.870170653562
5033.0,7499.578435816864
5034.0,9088.29670098017
5035.0,10993.509966143474
5036.0,11949.23623130678
5037.0,12904.962496470085
5038.0,16392.654761633392
5039.0,16715.389026796693
5040.0,19253.59429196
5041.0,19576.328557123303
5042.0,19899.06382228661
5043.0,20538.295087449915
5044.0,20861.02935261322
5045.0,21500.260617776523
5046.0,20873.507882939826
5047.0,21196.24314810313
5048.0,20885.986413266437
5049.0,20575.730678429743
5050.0,18999.49094359305
5051.0,18689.234208756356
5052.0,18062.482473919656
5053.0,16169.74773908296
5054.0,14593.508004246267
5055.0,13017.269269409571
5056.0,10491.543534572877
5057.0,9231.799799736184
5058.0,6073.082064899484
5059.0,4813.33833006279
5060.0,1971.1165952260953
5061.0,78.38186038940069
5062.0,-2130.848874447294
5063.0,-4023.583609283988
5064.0,-4650.335344120686
5065.0,-6226.575078957381
5066.0,-6536.830813794076
5067.0,-10645.03554863077
5068.0,-10955.292283467465
5069.0,-14747.00101830416
5070.0,-15373.75375314086
5071.0,-18532.471487977553
5072.0,-17260.249222814247
5073.0,-17254.009957650942
5074.0,-17880.76169248764
5075.0,-17558.02642732433
5076.0,-18817.770162161025
5077.0,-17229.052896997724
5078.0,-19754.77863183442
5079.0,-17216.574366671113
5080.0,-18792.813101507807
5081.0,-15938.112836344502
5082.0,-16881.360571181198
5083.0,-15609.138306017896
5084.0,-14653.41204085459
5085.0,-14963.668775691285
5086.0,-12425.46351052798
5087.0,-12419.224245364674
5088.0,-10514.010980201369
5089.0,-11140.763715038067
5090.0,-8602.558449874761
5091.0,-8279.824184711455
5092.0,-8590.07991954815
5093.0,-7001.362654384846
5094.0,-6362.131389221539
5095.0,-4456.9181240582375
5096.0,-4450.678858894932
5097.0,-2545.465593731627
5098.0,-1273.2433285683219
5099.0,-1267.0040634050165
5100.0,-311.277798241711
5101.0,-305.03853307840564
5102.0,1283.6787320848962
5103.0,973.4219972482016
5104.0,1929.148262411507
5105.0,2884.8745275748124
5106.0,4473.592792738118
5107.0,5745.815057901423
5108.0,5435.558323064725
5109.0,6074.788588228031
5110.0,4498.549853391336
5111.0,4188.29311855464
5112.0,3245.0453837179466
5113.0,1668.806648881252
5114.0,2308.0369140445537
5115.0,2314.276179207859
5116.0,2953.5064443711644
5117.0,2326.75470953447
5118.0,2332.9939746977752
5119.0,2339.2332398610806
5120.0,2345.4725050243824
5121.0,2351.7117701876878
5122.0,2357.951035350993
5123.0,2997.1813005142985
5124.0,2370.429565677604
5125.0,1427.1818308409092
5126.0,2382.9080960042147
5127.0,1439.6603611675164
5128.0,3028.377626330822
5129.0,3034.6168914941272
5130.0,4623.335156657433
5131.0,5262.565421820738
5132.0,6218.291686984044
5133.0,6541.026952147345
5134.0,5914.27521731065
5135.0,6553.505482473955
5136.0,6559.744747637261
5137.0,7198.975012800566
5138.0,6255.727277963872
5139.0,6894.9585431271735
5140.0,6584.701808290479
5141.0,5957.950073453784
5142.0,4698.20633861709
5143.0,4071.4536037803955
5144.0,3128.205868943701
5145.0,2817.9501341070063
5146.0,1874.702399270308
5147.0,1564.4456644336133
5148.0,1570.6849295969187
5149.0,1576.924194760224
5150.0,317.1804599235295
5151.0,6.924725086834769
5152.0,-1569.3150097498633
5153.0,-1563.075744586558
5154.0,-2822.8194794232522
5155.0,-4082.562214259947
5156.0,-4392.8189490966415
5157.0,-4386.579683933336
5158.0,-3430.8534187700343
5159.0,-4057.605153606729
5160.0,-2468.8878884434243
5161.0,-3412.135623280118
5162.0,-1823.4183581168131
5163.0,-2766.6660929535074
5164.0,-1810.939827790206
5165.0,-1804.7005626269006
5166.0,-1798.4612974635952
5167.0,-2108.7170323002897
5168.0,-3051.964767136985
5169.0,-1779.743501973679
5170.0,-2722.9912368103733
5171.0,-501.2819716470717
5172.0,-495.0427064837663
5173.0,2043.162558679539
5174.0,2998.8888238428444
5175.0,3638.11908900615
5176.0,5226.837354169455
5177.0,3967.0936193327566
5178.0,6963.760587132685
5179.0,5718.528455241639
5180.0,8271.244323350576
5181.0,7342.508191459529
5182.0,9262.233059568469
5183.0,8966.488927677421
5184.0,8670.743795786359
5185.0,8691.494663895312
5186.0,8712.24553200425
5187.0,9365.987400113205
5188.0,8437.251268222142
5189.0,8774.498136331094
5190.0,8162.258004440034
5191.0,7550.016872548987
5192.0,5355.298740657925
5193.0,4743.057608766878
5194.0,3497.825476875817
5195.0,2252.59434498477
5196.0,690.8662130937084
5197.0,-870.8609187973384
5198.0,-3382.0760506884
5199.0,-4627.307182579447
5200.0,-6189.03531447051
5201.0,-6801.2754463615565
5202.0,-8046.507578252616
5203.0,-8342.252710143664
5204.0,-8637.996842034725
5205.0,-10516.219973925772
5206.0,-11761.452105816834
5207.0,-12057.197237707882
5208.0,-13302.429369598944
5209.0,-14231.165501489992
5210.0,-15476.396633381053
5211.0,-16721.6287652721
5212.0,-16384.38189716316
5213.0,-17313.119029054207
5214.0,-15393.39316094527
5215.0,-15056.147292836315
5216.0,-12503.430424727378
5217.0,-12799.175556618424
5218.0,-12145.433688509485
5219.0,-13074.169820400533
5220.0,-13686.409952291595
5221.0,-12716.17208418264
5222.0,-13011.917216073703
5223.0,-11408.68734796475
5224.0,-10754.94547985581
5225.0,-9468.211611746858
5226.0,-9130.96474363792
5227.0,-7527.735875528966
5228.0,-6557.498007420028
5229.0,-4637.773139311075
5230.0,-3667.5352712021368
5231.0,-2064.3054030931844
5232.0,-461.0765349842454
5233.0,192.6663331247073
5234.0,1162.9042012336458
5235.0,2133.142069342599
5236.0,4369.361937451537
5237.0,5972.591805560491
5238.0,7259.325673669428
5239.0,8546.05854177838
5240.0,9199.801409887321
5241.0,10803.030277996273
5242.0,11456.773146105212
5243.0,12743.506014214165
5244.0,12764.256882323103
5245.0,14683.981750432056
5246.0,15337.724618540995
5247.0,15358.475486649948
5248.0,15379.226354758886
5249.0,14766.98522286784
5250.0,15737.223090976777
5251.0,13226.00895908573
5252.0,13246.759827194668
5253.0,10735.544695303623
5254.0,11072.79156341256
5255.0,8878.072431521512
5256.0,10164.80629963045
5257.0,10502.053167739405
5258.0,10839.299035848344
5259.0,11493.041903957297
5260.0,9614.818772066235
5261.0,9635.569640175188
5262.0,6807.859508284126
5263.0,7778.097376393079
5264.0,4950.386244502018
5265.0,6237.12011261097
5266.0,4358.896980719909
5267.0,5962.125848828862
5268.0,4716.894716937801
5269.0,4737.645585046754
5270.0,5074.891453155692
5271.0,4779.147321264645
5272.0,5432.889189373584
5273.0,3554.6660574825364
5274.0,5474.390925591475
5275.0,3596.167793700428
5276.0,4249.909661809366
5277.0,1738.6955299183194
5278.0,2708.9333980272577
5279.0,1780.1972661362108
5280.0,1484.4521342451494
5281.0,555.7160023541023
5282.0,-56.52412953695921
5283.0,-668.7652614280059
5284.0,-2546.9883933190677
5285.0,-3475.7245252101147
5286.0,-5353.947657101176
5287.0,-5649.692788992223
5288.0,-6578.428920883285
5289.0,-6241.182052774331
5290.0,-6853.422184665393
5291.0,-7149.167316556441
5292.0,-8077.903448447501
5293.0,-8690.143580338548
5294.0,-10568.36771222961
5295.0,-10864.111844120658
5296.0,-11476.35297601172
5297.0,-11139.106107902766
5298.0,-11434.851239793828
5299.0,-10781.108371684875
5300.0,-10127.366503575937
5301.0,-9790.119635466983
5302.0,-10085.864767358045
5303.0,-9115.626899249091
5304.0,-8778.380031140154
5305.0,-8757.6291630312
5306.0,-9053.374294922261
5307.0,-9032.623426813308
5308.0,-8695.37655870437
5309.0,-8358.129690595417
5310.0,-6754.900822486479
5311.0,-6101.158954377526
5312.0,-3548.4420862685874
5313.0,-2894.7002181596345
5314.0,-341.9833500506966
5315.0,-321.2324819417436
5316.0,1598.4923861671955
5317.0,3201.721254276148
5318.0,3538.9681223850866
5319.0,4825.70199049404
5320.0,4846.452858602978
5321.0,7399.1687267119305
5322.0,6786.928594820869
5323.0,9023.149462929821
5324.0,9360.395331038762
5325.0,10330.633199147713
5326.0,10034.889067256652
5327.0,9106.152935365604
5328.0,7860.920803474544
5329.0,6615.688671583497
5330.0,6319.9435396924355
5331.0,5707.7034078013885
5332.0,4778.967275910327
5333.0,5116.21414401928
5334.0,4187.478012128218
5335.0,2625.7498802371715
5336.0,747.5267483461093
5337.0,-497.7053835449369
5338.0,-1109.9455154359985
5339.0,-3304.6646473270466
5340.0,-2967.417779218107
5341.0,-4212.649911109154
5342.0,-2925.9160430002157
5343.0,-4487.644174891262
5344.0,-3517.4063067823245
5345.0,-3813.1504386733723
5346.0,-2842.912570564433
5347.0,-3138.657702455481
5348.0,-3117.9068343465424
5349.0,-3097.1559662375894
5350.0,-4342.388098128649
5351.0,-2739.158230019697
5352.0,-3034.9033619107595
5353.0,-1748.1694938018054
5354.0,-2360.409625692867
5355.0,192.3062424160862
5356.0,-103.43888947497544
5357.0,550.3039786339768
5358.0,1520.5418467429158
5359.0,1224.7967148518683
5360.0,2828.026582960807
5361.0,316.81145106976055
5362.0,2553.032319178699
5363.0,674.8091872876512
5364.0,2911.03005539659
5365.0,1982.292923505543
5366.0,2980.7449578648802
5367.0,3566.8479144900202
5368.0,4469.445871115131
5369.0,5372.043827740241
5370.0,4692.162784365352
5371.0,6860.743740990492
5372.0,5864.367697615602
5373.0,8982.435654240713
5374.0,9568.537610865824
5375.0,12370.110567490963
5376.0,12956.212524116074
5377.0,14808.297480741185
5378.0,14128.417437366325
5379.0,14398.023393991436
5380.0,15300.621350616546
5381.0,15886.724307241657
5382.0,16156.330263866797
5383.0,16109.441220491908
5384.0,15113.065177117018
5385.0,14749.68113374213
5386.0,11854.331090367268
5387.0,10857.95504699238
5388.0,10178.07400361749
5389.0,9498.19396024263
5390.0,8501.817916867742
5391.0,6555.954873492851
5392.0,5876.073830117963
5393.0,2980.723786743102
5394.0,1351.3567433682128
5395.0,-911.0023000066763
5396.0,-1274.3873433815656
5397.0,-2903.7543867564264
5398.0,-2317.6524301313157
5399.0,-4263.515473506204
5400.0,-4310.4045168810935
5401.0,-5939.771560255954
5402.0,-6619.652603630844
5403.0,-8249.019647005733
5404.0,-8928.900690380593
5405.0,-9608.780733755482
5406.0,-9972.16577713037
5407.0,-9702.55882050526
5408.0,-10698.93486388012
5409.0,-10429.32790725501
5410.0,-11425.703950629899
5411.0,-11472.592994004788
5412.0,-12152.474037379649
5413.0,-12199.363080754538
5414.0,-12562.747124129428
5415.0,-12609.636167504288
5416.0,-14239.004210879177
5417.0,-13969.397254254067
5418.0,-14649.278297628956
5419.0,-15012.662341003816
5420.0,-15692.543384378707
5421.0,-15739.432427753596
5422.0,-15153.329471128483
5423.0,-15833.210514503346
5424.0,-15880.099557878235
5425.0,-16243.483601253123
5426.0,-16290.372644628012
5427.0,-15704.270688002873
5428.0,-16384.150731377762
5429.0,-15798.048774752651
5430.0,-15528.44181812751
5431.0,-14625.8438615024
5432.0,-13406.74990487729
5433.0,-13453.638948252179
5434.0,-11918.049991627038
5435.0,-12914.426035001929
5436.0,-12328.324078376818
5437.0,-13324.700121751706
5438.0,-12105.606165126566
5439.0,-11519.504208501456
5440.0,-9667.419251876345
5441.0,-8448.325295251207
5442.0,-7545.727338626095
5443.0,-5060.650382000985
5444.0,-5740.531425375873
5445.0,-3888.446468750734
5446.0,-4568.326512125624
5447.0,-2399.7455555005126
5448.0,-1497.1475988754019
5449.0,-594.549642250262
5450.0,308.0483143748487
5451.0,1210.6462709999594
5452.0,4328.71422762507
5453.0,4281.8251842502095
5454.0,7716.389140875321
5455.0,7985.995097500432
5456.0,11737.05405412557
5457.0,10740.678010750682
5458.0,12592.762967375793
5459.0,13178.865924000904
5460.0,13448.472880626043
5461.0,14351.070837251154
5462.0,13354.694793876264
5463.0,14890.283750501376
5464.0,12944.420707126515
5465.0,14480.009663751625
5466.0,12850.642620376737
5467.0,13436.744577001877
5468.0,11807.377533626986
5469.0,12709.975490252098
5470.0,11080.607446877208
5471.0,10084.231403502348
5472.0,9087.855360127458
5473.0,9357.46231675257
5474.0,8361.08627337768
5475.0,7681.206230002819
5476.0,7001.3251866279315
5477.0,6954.436143253042
5478.0,4375.582099878152
5479.0,2746.2140565032923
5480.0,800.3510131284024
5481.0,1069.9579697535132
5482.0,706.5729263786529
5483.0,-289.8031169962362
5484.0,612.7948396288743
5485.0,-1966.0592037460146
5486.0,-2329.444247120875
5487.0,1341.2680589024121
5488.0,696.2783169389995
5489.0,-1531.1904250244124
5490.0,-1226.693166987825
5491.0,-2188.1789089512376
5492.0,-3466.1606509146513
5493.0,-5060.638392878063
5494.0,-6338.619134841476
5495.0,-7300.104876804888
5496.0,-7945.0956187683005
5497.0,-8590.085360731713
5498.0,-7336.1011026951255
5499.0,-7981.091844658538
5500.0,-8626.081586621951
5501.0,-8954.576328585365
5502.0,-10549.053070548776
5503.0,-10244.55681251219
5504.0,-11206.042554475604
5505.0,-9635.562296439015
5506.0,-9331.066038402427
5507.0,-7444.089780365839
5508.0,-7772.584522329253
5509.0,-6835.096264292664
5510.0,-7163.591006256092
5511.0,-6542.597748219505
5512.0,-6554.5964901829175
5513.0,-6250.100232146329
5514.0,-5312.611974109743
5515.0,-3425.636716073155
5516.0,-3121.1394580365686
5517.0,-2183.6511999999802
5518.0,-1879.1539419633928
5519.0,-1574.6566839268053
5520.0,-1270.160425890218
5521.0,-1282.1591678536306
5522.0,604.8160901829569
5523.0,-40.17365178045566
5524.0,1846.8016062561314
5525.0,568.8198642927191
5526.0,1506.3081223293061
5527.0,544.8223803658939
5528.0,216.32863840248046
5529.0,520.8248964390687
5530.0,-124.16484552434395
5531.0,1129.8194125122432
5532.0,801.32467054883
5533.0,1738.812928585418
5534.0,144.3361866220048
5535.0,765.3284446585922
5536.0,436.83370269518036
5537.0,108.33996073176695
5538.0,729.3322187683543
5539.0,400.8374768049425
5540.0,2604.3087348415297
5541.0,693.3359928781165
5542.0,2896.807250914704
5543.0,985.8345089512918
5544.0,3189.305766987879
5545.0,1278.3320250244665
5546.0,3798.2992830610538
5547.0,2836.813541097641
5548.0,4090.7977991342286
5549.0,5028.286057170816
5550.0,4699.791315207403
5551.0,6586.766573243991
5552.0,4359.2978312805635
5553.0,6879.26508931715
5554.0,4968.2923473537385
5555.0,7171.762605390326
5556.0,5260.789863426913
5557.0,7780.757121463501
5558.0,5553.288379500088
5559.0,5857.7856375366755
5560.0,4263.307895573263
5561.0,4251.30915360985
5562.0,4239.310411646437
5563.0,4227.311669683025
5564.0,4848.304927719612
5565.0,4836.3061857562
5566.0,4191.315443792787
5567.0,2596.8387018293743
5568.0,2901.3359598659617
5569.0,2572.841217902549
5570.0,3510.3294759391365
5571.0,3814.826733975724
5572.0,5068.809992012311
5573.0,5056.811250048899
5574.0,5994.299508085486
5575.0,4716.318766122074
5576.0,6603.29402415866
5577.0,5958.303282195248
5578.0,8161.774540231836
5579.0,8149.775798268423
5580.0,9087.264056305012
5581.0,9075.2653143416
5582.0,10329.249572378185
5583.0,11583.233830414772
5584.0,12204.22608845136
5585.0,13458.210346487947
5586.0,13762.707604524534
5587.0,14383.699862561121
5588.0,13105.71812059771
5589.0,13093.719378634298
5590.0,12765.225636670884
5591.0,14019.208894707472
5592.0,13690.715152744058
5593.0,14628.203410780647
5594.0,14932.699668817218
5595.0,15237.196926853807
5596.0,14908.702184890393
5597.0,14263.71244292698
5598.0,13302.226700963569
5599.0,13290.227959000156
5600.0,12328.742217036744
5601.0,11050.76047507333
5602.0,9772.778733109917
5603.0,8494.797991146505
5604.0,5950.833249183093
5605.0,4989.347507219681
5606.0,3394.870765256268
5607.0,3066.3760232928553
5608.0,1788.394281329443
5609.0,510.41253936603016
5610.0,-451.0732025973821
5611.0,-2678.5409445607947
5612.0,-4273.0186865242085
5613.0,-6500.4874284876205
5614.0,-7461.973170451032
5615.0,-9056.449912414446
5616.0,-9384.944654377858
5617.0,-10662.92639634127
5618.0,-11940.907138304683
5619.0,-13218.888880268096
5620.0,-13230.887622231508
5621.0,-13875.877364194923
5622.0,-14204.372106158335
5623.0,-13583.379848121745
5624.0,-12645.89159008516
5625.0,-12657.890332048573
5626.0,-12669.889074011986
5627.0,-12998.382815975398
5628.0,-12693.886557938811
5629.0,-13971.867299902224
5630.0,-13983.866041865636
5631.0,-13679.369783829046
5632.0,-12425.38552579246
5633.0,-12120.888267755872
5634.0,-10550.409009719286
5635.0,-10245.911751682712
5636.0,-9308.423493646125
5637.0,-8687.431235609538
5638.0,-8382.93397757295
5639.0,-7445.445719536363
5640.0,-7773.940461499775
5641.0,-10416.23525261337
5642.0,-11350.503944366908
5643.0,-9119.815636120447
5644.0,-10687.075327874001
5645.0,-7823.396019627538
5646.0,-8441.168711381077
5647.0,-6526.97640313463
5648.0,-5562.271094888169
5649.0,-2065.6007866417067
5650.0,165.087521604755
5651.0,1762.7848298512022
5652.0,3043.9851380976643
5653.0,4008.690446344125
5654.0,5922.882754590572
5655.0,4672.119062837034
5656.0,7535.798371083496
5657.0,7551.016679329943
5658.0,9781.704987576404
5659.0,9480.427295822867
5660.0,10445.132604069327
5661.0,10143.854912315775
5662.0,10792.065220562237
5663.0,11440.274528808699
5664.0,12721.475837055146
5665.0,13369.685145301608
5666.0,13701.399453548069
5667.0,12134.138761794517
5668.0,12465.853070040977
5669.0,9949.106378287439
5670.0,9964.324686533886
5671.0,9663.046994780349
5672.0,9045.27430302681
5673.0,9376.98761127327
5674.0,9075.710919519719
5675.0,10040.41622776618
5676.0,8156.660536012641
5677.0,8171.8788442590885
5678.0,8820.08815250555
5679.0,9468.297460752012
5680.0,8850.524768998459
5681.0,9182.239077244922
5682.0,7614.978385491384
5683.0,7946.692693737845
5684.0,6062.937001984292
5685.0,5445.163310230753
5686.0,4510.894618477215
5687.0,4842.608926723662
5688.0,4541.331234970124
5689.0,3607.062543216586
5690.0,2989.2898514630333
5691.0,1422.0291597094947
5692.0,1120.752467955956
5693.0,-763.0032237975821
5694.0,-2013.767915551135
5695.0,-2948.0366073046735
5696.0,-4831.792299058212
5697.0,-6715.547990811764
5698.0,-8282.808682565303
5699.0,-9217.077374318842
5700.0,-10151.346066072394
5701.0,-10769.118757825932
5702.0,-11070.39644957947
5703.0,-12637.65614133301
5704.0,-11672.950833086561
5705.0,-13556.7065248401
5706.0,-12908.497216593638
5707.0,-13842.765908347192
5708.0,-11612.077600100729
5709.0,-11913.355291854268
5710.0,-11898.136983607821
5711.0,-12515.90967536136
5712.0,-12500.691367114898
5713.0,-11535.986058868435
5714.0,-12786.750750621988
5715.0,-10556.062442375527
5716.0,-10540.844134129065
5717.0,-7993.660825882618
5718.0,-8927.929517636157
5719.0,-7646.728209389695
5720.0,-7315.0139011432475
5721.0,-6983.300592896786
5722.0,-5702.099284650324
5723.0,-6319.871976403862
5724.0,-4405.679668157416
5725.0,-5972.940359910954
5726.0,-4058.7480516644923
5727.0,-5626.007743418045
5728.0,-3395.3194351715833
5729.0,-4646.084126925122
5730.0,-2415.395818678675
5731.0,-2716.673510432213
5732.0,-2068.4632021857515
5733.0,-470.76689393928973
5734.0,-1088.5395856928426
5735.0,825.652722553619
5736.0,-1374.5989691999193
5737.0,856.0893390465278
5738.0,-1027.6663527070104
5739.0,-62.961044460548806
5740.0,-2579.7087362141015
5741.0,600.46657203236
5742.0,-650.2981197211783
5743.0,314.40718852528335
5744.0,-1252.8525032282696
5745.0,-921.1381949818078
5746.0,-1222.4158867353462
5747.0,-1840.188578488899
5748.0,-1508.4752702424373
5749.0,-1176.7609619959758
5750.0,-528.5516537495286
5751.0,-829.8283455030669
5752.0,-498.1150372566052
5753.0,-2065.3747290101583
5754.0,-2050.1564207636966
5755.0,-2984.4251125172345
5756.0,-1386.728804270773
5757.0,-2004.501496024326
5758.0,-723.3001877778643
5759.0,-1657.5688795314027
5760.0,-692.8635712849555
5761.0,-2260.1242630384936
5762.0,-2244.905954792032
5763.0,-2546.182646545585
5764.0,-2530.9643382991235
5765.0,-2515.746030052662
5766.0,-2184.0327218062
5767.0,-2485.309413559753
5768.0,-3103.083105313291
5769.0,-4353.847797066829
5770.0,-4971.620488820382
5771.0,-4006.915180573921
5772.0,-4308.192872327459
5773.0,-2710.4955640810117
5774.0,-3011.77325583455
5775.0,-1414.0759475880886
5776.0,-2348.344639341627
5777.0,-2016.6313310951796
5778.0,-3583.891022848718
5779.0,-2302.6897146022566
5780.0,-1970.976406355809
5781.0,-1006.2710981093476
5782.0,274.93021013711405
5783.0,923.1395183835612
5784.0,1887.844826630023
5785.0,1586.5681348764845
5786.0,1918.2814431229463
5787.0,3199.482751369393
5788.0,3847.693059615855
5789.0,5128.893367862317
5790.0,6093.598676108763
5791.0,6108.816984355225
5792.0,6124.035292601687
5793.0,5506.262600848134
5794.0,5837.976909094596
5795.0,4903.708217341057
5796.0,6817.900525587519
5797.0,6516.622833833966
5798.0,7797.824142080428
5799.0,6547.059450326889
5800.0,7195.2687585733365
5801.0,6577.496066819798
5802.0,5959.72337506626
5803.0,5341.949683312708
5804.0,5357.167991559169
5805.0,5688.88229980563
5806.0,3805.1266080520923
5807.0,4453.33591629854
5808.0,2886.076224545001
5809.0,3217.789532791463
5810.0,2600.01684103791
5811.0,2298.7391492843717
5812.0,2630.4534575308335
5813.0,1696.1847657772805
5814.0,2660.8900740237423
5815.0,1410.1253822702038
5816.0,2374.8306905166655
5817.0,491.0749987631126
5818.0,1772.2763070095743
5819.0,521.511615256036
5820.0,220.23492350248307
5821.0,235.45323174894475
5822.0,-382.32046000459354
5823.0,265.88984824185354
5824.0,-171.92007335328844
5825.0,1735.9296498448914
5826.0,-787.1606269569284
5827.0,171.20209624125846
5828.0,-3301.3741805605614
5829.0,-1393.5244573623813
5830.0,-3283.6227341641943
5831.0,-2958.2510109660143
5832.0,-5164.8452877678355
5833.0,-6105.456564569655
5834.0,-7362.563841371468
5835.0,-11151.636118173288
5836.0,-11142.760394975108
5837.0,-13665.85067177692
5838.0,-12074.49594857874
5839.0,-13964.594225380562
5840.0,-13322.72750218238
5841.0,-14896.329778984193
5842.0,-14887.454055786013
5843.0,-15511.570332587835
5844.0,-14236.711609389655
5845.0,-14544.331886191467
5846.0,-13902.464162993288
5847.0,-12944.101439795108
5848.0,-12302.23471659692
5849.0,-12609.854993398741
5850.0,-10385.50927020056
5851.0,-9110.65054700238
5852.0,-5620.322823804192
5853.0,-4345.464100606014
5854.0,-3387.101377407833
5855.0,-1162.7556542096454
5856.0,112.10306898853423
5857.0,1070.4657921867142
5858.0,2661.8195153848937
5859.0,5202.661238583081
5860.0,6161.02396178126
5861.0,8068.873684979441
5862.0,7128.2624081776285
5863.0,9352.608131375808
5864.0,8728.49185457399
5865.0,10319.846577772169
5866.0,10012.226300970355
5867.0,11287.085024168535
5868.0,11612.455747366716
5869.0,12254.323470564896
5870.0,11630.207193763083
5871.0,11955.578916961262
5872.0,12913.941640159443
5873.0,12606.322363357629
5874.0,12931.69308655581
5875.0,12307.57780975399
5876.0,12632.949532952169
5877.0,11375.842256150356
5878.0,10435.230979348536
5879.0,9494.619702546715
5880.0,8554.008425744902
5881.0,8562.884148943082
5882.0,8571.759872141261
5883.0,8264.139595339442
5884.0,8589.511318537629
5885.0,8281.89104173581
5886.0,7024.783764933989
5887.0,4501.694488132177
5888.0,4827.065211330357
5889.0,3569.9589345285367
5890.0,3895.3296577267165
5891.0,2321.7273809249036
5892.0,2963.5941041230835
5893.0,2022.9828273212638
5894.0,2031.8585505194437
5895.0,458.25627371763085
5896.0,783.6269969158107
5897.0,1108.9987201139907
5898.0,484.88344331217786
5899.0,2076.237166510358
5900.0,819.1298897085376
5901.0,1777.4936129067173
5902.0,520.3863361049048
5903.0,1478.7490593030848
5904.0,221.64178250126406
5905.0,1180.0045056994518
5906.0,1188.8802288976317
5907.0,881.2599520958115
5908.0,1839.6236752939913
5909.0,-50.47560150782101
5910.0,1857.3751216903584
5911.0,-32.72415511146119
5912.0,609.1435680867257
5913.0,301.5232912849051
5914.0,1259.8860144830855
5915.0,1268.7617376812655
5916.0,11.654460879452927
5917.0,653.5221840776326
5918.0,-920.0810927241873
5919.0,671.2736304739924
5920.0,-2168.31164632782
5921.0,56.033076870359764
5922.0,-1517.5691999314604
5923.0,706.7765232667266
5924.0,-233.83475353509402
5925.0,1357.5189696630864
5926.0,2315.8816928612664
5927.0,2324.7574160594536
5928.0,2966.6251392576332
5929.0,2659.004862455813
5930.0,3617.3675856540003
5931.0,2993.2523088521802
5932.0,3635.11903205036
5933.0,3327.49875524854
5934.0,3336.374478446727
5935.0,2712.259201644907
5936.0,2404.6389248430874
5937.0,1780.5236480412746
5938.0,1789.3993712394545
5939.0,2114.771094437634
5940.0,3706.124817635814
5941.0,2765.513540834001
5942.0,2457.8932640321814
5943.0,567.7949872303607
5944.0,893.1667104285411
5945.0,-680.4365663732715
5946.0,-355.0648431750915
5947.0,-29.693119976912385
5948.0,295.6776032212756
5949.0,304.5533264194555
5950.0,313.4290496176354
5951.0,638.8007728158145
5952.0,964.1724960140023
5953.0,2872.022219212182
5954.0,2564.401942410362
5955.0,4155.756665608549
5956.0,2898.649388806729
5957.0,2907.525112004909
5958.0,1966.913835203089
5959.0,2292.285558401276
5960.0,1668.169281599456
5961.0,2310.0370047976357
5962.0,1369.424727995823
5963.0,745.3094511940026
5964.0,437.6891743921833
5965.0,-502.92210240963686
5966.0,-810.5413792114496
5967.0,-1751.1526560132697
5968.0,-2058.77293281509
5969.0,-3315.880209616911
5970.0,-4889.482486418723
5971.0,-6463.0857632205425
5972.0,-7720.192040022363
5973.0,-8660.803316824176
5974.0,-8335.432593625996
5975.0,-9592.539870427816
5976.0,-9267.168147229637
5977.0,-10207.779424031449
5978.0,-9882.40770083327
5979.0,-10190.027977635089
5980.0,-8915.169254436902
5981.0,-8273.302531238722
5982.0,-6048.9568080405425
5983.0,-5723.5850848423615
5984.0,-4765.222361644175
5985.0,-4123.355638445995
5986.0,-3164.992915247816
5987.0,-2206.630192049628
5988.0,-1564.762468851448
5989.0,26.591254346732057
5990.0,1301.4499775449117
5991.0,-2228.202320512769
5992.0,-1251.2572245338524
5993.0,1308.1658714450932
5994.0,2285.1119674240094
5995.0,3895.0480634029545
5996.0,5188.489159381871
5997.0,5215.947255360817
5998.0,7142.379351339763
5999.0,6536.845447318678
6000.0,7830.286543297625
6001.0,6591.76163927654
6002.0,8518.194735255485
6003.0,8229.156831234432
6004.0,9522.597927213348
6005.0,9866.551023192293
6006.0,11476.48811917121
6007.0,13719.416215150155
6008.0,12797.386311129101
6009.0,13774.332407108017
6010.0,11902.815503086962
6011.0,12563.265599065879
6012.0,8792.775695044824
6013.0,9453.22479102374
6014.0,7265.212887002686
6015.0,7925.662982981632
6016.0,6687.138078960548
6017.0,7031.091174939494
6018.0,6425.55827091841
6019.0,5503.529366897355
6020.0,5214.491462876301
6021.0,3659.471558855218
6022.0,3686.9296548341636
6023.0,2448.4047508130793
6024.0,2159.366846792025
6025.0,604.3469427709414
6026.0,-317.6819612501131
6027.0,-1872.7018652711677
6028.0,-2478.235769292251
6029.0,-3716.7606733133057
6030.0,-4955.28457733439
6031.0,-5244.322481355443
6032.0,-4900.368385376499
6033.0,-5822.3972893975815
6034.0,-5794.939193418636
6035.0,-7349.96009743972
6036.0,-7322.502001460774
6037.0,-8561.026905481829
6038.0,-9483.055809502912
6039.0,-9772.092713523967
6040.0,-10694.12161754505
6041.0,-11299.655521566105
6042.0,-12854.67542558719
6043.0,-14093.200329608244
6044.0,-15331.725233629299
6045.0,-15937.258137650382
6046.0,-15593.304041671436
6047.0,-14932.85494569252
6048.0,-13955.909849713575
6049.0,-12345.972753734628
6050.0,-12318.514657755712
6051.0,-11974.561561776767
6052.0,-12263.59846579785
6053.0,-12552.636369818905
6054.0,-12841.674273839988
6055.0,-12497.720177861043
6056.0,-11837.271081882098
6057.0,-11493.31698590318
6058.0,-10516.371889924236
6059.0,-9539.426793945318
6060.0,-8562.481697966374
6061.0,-7585.536601987429
6062.0,-6292.095506008512
6063.0,-4998.654410029566
6064.0,-4654.70131405065
6065.0,-4627.243218071704
6066.0,-5549.272122092759
6067.0,-6787.796026113842
6068.0,-7393.329930134898
6069.0,-7682.367834155981
6070.0,-6705.421738177035
6071.0,-6994.459642198119
6072.0,-5701.018546219173
6073.0,-5040.5694502402275
6074.0,-4380.120354261311
6075.0,-3719.6702582823664
6076.0,-4325.204162303449
6077.0,-3031.7630663245045
6078.0,-3953.791970345558
6079.0,-3926.333874366642
6080.0,-3898.8757783876963
6081.0,-3554.9216824087807
6082.0,-2577.9765864298347
6083.0,-968.0404904509182
6084.0,641.8966055280271
6085.0,1618.8417015069726
6086.0,3228.777797485889
6087.0,4205.722893464834
6088.0,5182.667989443751
6089.0,5843.118085422696
6090.0,7136.558181401641
6091.0,9695.982277380559
6092.0,9723.440373359505
6093.0,11966.36846933842
6094.0,11993.826565317366
6095.0,13920.258661296311
6096.0,12681.733757275228
6097.0,13975.174853254173
6098.0,12736.64994923309
6099.0,13397.099045212035
6100.0,13424.557141190951
6101.0,12819.024237169897
6102.0,13795.969333148842
6103.0,11291.462429127758
6104.0,12584.902525106703
6105.0,10396.89162108562
6106.0,11373.836717064565
6107.0,10113.439150684877
6108.0,10388.632331601257
6109.0,7498.868512517668
6110.0,4925.599693434048
6111.0,3301.818874350429
6112.0,1361.5420552668386
6113.0,687.248236183219
6114.0,-1886.0205829003708
6115.0,-344.84540198399054
6116.0,-1652.1302210676104
6117.0,-1693.4330401512007
6118.0,-2684.222859234819
6119.0,-3675.0126783184387
6120.0,-4032.811497402029
6121.0,-5340.09731648565
6122.0,-4748.408135569268
6123.0,-5422.702954652859
6124.0,-3565.0317737364776
6125.0,-4239.325592820068
6126.0,-1115.6714119036874
6127.0,-840.4792309873069
6128.0,700.6969499291029
6129.0,1292.3851308454834
6130.0,934.5873117618639
6131.0,2792.258492678274
6132.0,2434.4596735946543
6133.0,5241.617854511034
6134.0,5833.307035427444
6135.0,7057.986216343826
6136.0,6700.1883972602345
6137.0,7608.372578176615
6138.0,8516.556759092997
6139.0,8158.7579400094055
6140.0,9066.942120925785
6141.0,9975.126301842167
6142.0,10250.319482758578
6143.0,8310.042663674958
6144.0,7635.747844591367
6145.0,6644.958025507748
6146.0,6603.655206424129
6147.0,7511.8393873405375
6148.0,7154.041568256918
6149.0,8062.225749173299
6150.0,7071.435930089709
6151.0,5447.65411100609
6152.0,3190.88129192247
6153.0,617.6134728388798
6154.0,-1639.1593462447395
6155.0,-2946.4451653283295
6156.0,-3937.234984411949
6157.0,-5244.519803495568
6158.0,-4652.831622579159
6159.0,-6909.604441662779
6160.0,-7267.403260746398
6161.0,-9207.680079829988
6162.0,-9881.973898913608
6163.0,-11505.754717997226
6164.0,-12180.049537080817
6165.0,-13487.335356164436
6166.0,-14794.620175248026
6167.0,-15785.409994331647
6168.0,-16776.199813415267
6169.0,-17766.989632498855
6170.0,-18124.788451582477
6171.0,-16583.613270666094
6172.0,-17257.907089749686
6173.0,-16349.722908833304
6174.0,-15758.034727916925
6175.0,-14849.850547000515
6176.0,-14891.153366084134
6177.0,-14932.456185167724
6178.0,-13707.776004251344
6179.0,-12483.095823334963
6180.0,-10625.424642418553
6181.0,-9717.240461502171
6182.0,-7859.5692805857925
6183.0,-6634.889099669382
6184.0,-6043.200918753001
6185.0,-4818.52073783662
6186.0,-5492.814556920211
6187.0,-2685.6563760038302
6188.0,-3043.4551950874206
6189.0,713.1899858289598
6190.0,988.3831667453404
6191.0,4428.53334766175
6192.0,4387.23052857813
6193.0,5611.909709494511
6194.0,6520.093890410921
6195.0,5529.304071327301
6196.0,7386.975252243682
6197.0,6079.690433160092
6198.0,8253.857614076473
6199.0,6630.075794992882
6200.0,10070.225975909263
6201.0,9395.931156825643
6202.0,10937.107337742053
6203.0,9946.317518658434
6204.0,10854.501699574814
6205.0,11129.693880491224
6206.0,10138.904061407604
6207.0,10730.593242323985
6208.0,9106.811423240395
6209.0,9382.004604156775
6210.0,7125.231785073185
6211.0,7083.928965989566
6212.0,6409.635146905946
6213.0,6368.332327822356
6214.0,6327.029508738737
6215.0,6285.726689655117
6216.0,6560.918870571527
6217.0,5253.6340514879075
6218.0,4579.339232404288
6219.0,3588.5494133206985
6220.0,3547.246594237079
6221.0,4138.935775153488
6222.0,4730.623956069869
6223.0,5638.808136986249
6224.0,5281.009317902659
6225.0,6189.19349881904
6226.0,5831.39567973542
6227.0,7056.07586065183
6228.0,6065.2850415682105
6229.0,6656.974222484592
6230.0,6932.167403401001
6231.0,5941.3765843173815
6232.0,6216.569765233791
6233.0,6175.266946150172
6234.0,7399.947127066553
6235.0,6409.157307982963
6236.0,6684.350488899343
6237.0,4744.072669815723
6238.0,3753.282850732133
6239.0,1180.0150316485137
6240.0,-127.2707874351056
6241.0,-1751.0516065186957
6242.0,-2425.3464256023153
6243.0,-3732.6312446859056
6244.0,-5672.909063769524
6245.0,-7613.185882853144
6246.0,-9869.957701936735
6247.0,-10544.252521020355
6248.0,-12484.529340103973
6249.0,-12842.328159187564
6250.0,-14466.108978271182
6251.0,-15773.394797354773
6252.0,-17080.680616438392
6253.0,-14299.427499546424
6254.0,-13984.715691315785
6255.0,-15568.97688308515
6256.0,-13355.290074854513
6257.0,-13040.578266623876
6258.0,-12092.874458393238
6259.0,-11145.1706501626
6260.0,-12412.935841931963
6261.0,-11465.232033701326
6262.0,-14315.476225470691
6263.0,-11468.798417240052
6264.0,-12736.564609009414
6265.0,-9573.390800778778
6266.0,-10208.16499254814
6267.0,-7361.487184317502
6268.0,-6413.783376086865
6269.0,-6415.566567856229
6270.0,-4518.375759625591
6271.0,-5469.645951394956
6272.0,-1989.9771431643167
6273.0,-4523.725334933681
6274.0,-727.5605267030433
6275.0,-2311.8217184724062
6276.0,1167.8470897582315
6277.0,-416.4141020111324
6278.0,1797.2727062195054
6279.0,2744.9765144501416
6280.0,3376.1843226807796
6281.0,5906.366130911416
6282.0,4955.095939142054
6283.0,7485.27874737269
6284.0,4635.034555603328
6285.0,7165.216363833964
6286.0,5264.459172064602
6287.0,7161.6499802952385
6288.0,6843.371788525876
6289.0,9373.553596756512
6290.0,9688.26640498715
6291.0,10002.978213217788
6292.0,10001.195021448424
6293.0,9682.916829679063
6294.0,9681.133637909697
6295.0,7780.376446140336
6296.0,8411.584254370973
6297.0,8093.305062601611
6298.0,8091.521870832247
6299.0,7773.243679062884
6300.0,8720.94748729352
6301.0,8719.164295524159
6302.0,8400.885103754794
6303.0,6500.1279119854335
6304.0,6814.840720216069
6305.0,4597.587528446707
6306.0,4279.3083366773435
6307.0,3011.5421449079813
6308.0,3642.7509531386177
6309.0,2374.9847613692555
6310.0,2056.7055695998915
6311.0,1421.9313778305298
6312.0,470.66118606116606
6313.0,785.3739942918037
6314.0,150.5988025224401
6315.0,1098.3026107530782
6316.0,-485.9585810162839
6317.0,-171.24677278564786
6318.0,-1439.0119645550103
6319.0,-807.8041563243742
6320.0,-2075.5703480937354
6321.0,454.6124601369006
6322.0,1402.3162683675384
6323.0,3299.5070765981745
6324.0,3297.7238848288125
6325.0,3928.9316930594487
6326.0,3927.1485012900866
6327.0,3925.365309520723
6328.0,4556.574117751361
6329.0,4554.790925981997
6330.0,6768.4777342126345
6331.0,7399.6855424432715
6332.0,9613.372350673908
6333.0,9611.589158904546
6334.0,10559.292967135183
6335.0,10874.004775365818
6336.0,10872.221583596456
6337.0,10237.447391827092
6338.0,10552.160200057731
6339.0,9600.890008288367
6340.0,8333.123816519004
6341.0,7065.357624749642
6342.0,6747.079432980279
6343.0,6112.304241210917
6344.0,5794.025049441554
6345.0,4526.259857672192
6346.0,3891.484665902828
6347.0,1990.727474133466
6348.0,722.9622823641021
6349.0,-544.8039094052597
6350.0,-2762.0571011746233
6351.0,-3080.3362929439854
6352.0,-3715.1104847133493
6353.0,-4349.884676482711
6354.0,-5301.155868252075
6355.0,-5619.434060021438
6356.0,-5621.217251790802
6357.0,-5623.000443560164
6358.0,-6257.775635329526
6359.0,-5310.071827098889
6360.0,-5628.350018868254
6361.0,-5630.133210637616
6362.0,-5948.412402406979
6363.0,-4684.212594176341
6364.0,-4053.0047859457045
6365.0,-2155.8139777150664
6366.0,-1841.10116948443
6367.0,-576.9013612537924
6368.0,-578.6845530231562
6369.0,-580.4677447925183
6370.0,-582.2509365618803
6371.0,-1533.5211283312447
6372.0,-269.32232010060625
6373.0,45.39048813003001
6374.0,1309.590296360668
6375.0,991.3111045913042
6376.0,2572.006912821942
6377.0,1620.736721052578
6378.0,1935.4485292832162
6379.0,351.1873375138525
6380.0,349.4041457444905
6381.0,31.124953975126573
6382.0,-1236.6412377942352
6383.0,-2187.911429563599
6384.0,-3772.172621332961
6385.0,-3140.964813102325
6386.0,-5041.722004871688
6387.0,-4410.513196641051
6388.0,-5361.784388410413
6389.0,-4730.575580179777
6390.0,-5048.85477194914
6391.0,-5367.133963718503
6392.0,-6318.404155487864
6393.0,-8219.161347257228
6394.0,-7271.457539026591
6395.0,-8222.727730795954
6396.0,-6958.527922565316
6397.0,-6960.311114334678
6398.0,-5063.120306104043
6399.0,-3798.920497873404
6400.0,-3800.703689642768
6401.0,-5918.38941592896
6402.0,-5858.492929348472
6403.0,-4216.117442768042
6404.0,-5105.708956187611
6405.0,-4096.324469607123
6406.0,-3719.932983026693
6407.0,-3660.036496446263
6408.0,-2017.661009865833
6409.0,-1324.7735232853447
6410.0,1267.0879632950855
6411.0,1326.9844498755156
6412.0,2336.3689364560037
6413.0,3345.7524230364334
6414.0,3722.143909616864
6415.0,5364.519396197294
6416.0,6057.406882777782
6417.0,7383.286369358213
6418.0,7126.686855938642
6419.0,8136.070342519131
6420.0,8195.966829099561
6421.0,7939.368315679991
6422.0,8948.75180226042
6423.0,9958.13528884091
6424.0,10967.518775421338
6425.0,10710.91926200177
6426.0,11087.311748582257
6427.0,9881.225235162687
6428.0,9941.121721743117
6429.0,8102.044208323607
6430.0,9111.427694904036
6431.0,8221.837181484467
6432.0,7965.237668064896
6433.0,6126.160154645384
6434.0,4920.073641225815
6435.0,2448.005127806244
6436.0,925.4226143867327
6437.0,-280.66289903283723
6438.0,-2119.7404124524073
6439.0,-1743.348925871977
6440.0,-2949.435439291489
6441.0,-2889.5389527110588
6442.0,-5361.607466130628
6443.0,-5301.71097955014
6444.0,-6824.29249296971
6445.0,-7080.89200638928
6446.0,-9552.96151980885
6447.0,-9809.560033228361
6448.0,-11965.133546647932
6449.0,-12854.724060067501
6450.0,-13111.323573487014
6451.0,-13367.923086906583
6452.0,-11409.051600326153
6453.0,-11982.147113745723
6454.0,-10339.771627165235
6455.0,-10912.867140584805
6456.0,-10219.978654004375
6457.0,-10160.082167423887
6458.0,-9467.194680843457
6459.0,-8457.811194263026
6460.0,-8397.914707682596
6461.0,-6439.044221102109
6462.0,-7328.634734521678
6463.0,-5053.268247941248
6464.0,-6259.354761360761
6465.0,-2718.00527478033
6466.0,-2025.1177881999001
6467.0,250.24869838058862
6468.0,626.6411849610186
6469.0,1952.5196715414486
6470.0,2012.4161581218787
6471.0,806.330644702367
6472.0,1182.7221312827971
6473.0,926.1236178632271
6474.0,3517.9851044437155
6475.0,2311.8985910241454
6476.0,4587.265077604576
6477.0,3381.1785641850056
6478.0,3441.075050765494
6479.0,1285.5025373459239
6480.0,1978.390023926354
6481.0,1405.2955105068422
6482.0,2414.6789970872724
6483.0,2158.0794836677023
6484.0,2534.4719702481325
6485.0,1961.3764568286208
6486.0,438.79494340905103
6487.0,182.195429989481
6488.0,-390.8990834300307
6489.0,-963.9945968496004
6490.0,-1537.0891102691703
6491.0,-1160.696623688741
6492.0,-2050.287137108252
6493.0,-1990.390650527822
6494.0,-2563.486163947392
6495.0,-921.1106773669044
6496.0,-861.2141907864743
6497.0,148.16929579395628
6498.0,524.5607823744444
6499.0,1850.4402689548747
6500.0,1593.8417555353044
6501.0,2286.7292421157345
6502.0,2346.6257286962227
6503.0,2723.018215276653
6504.0,2149.922701857083
6505.0,2526.315188437571
6506.0,3219.202675018001
6507.0,4545.082161598431
6508.0,5870.961648178862
6509.0,6563.84913475935
6510.0,6623.74562133978
6511.0,5734.15510792021
6512.0,3416.103903589773
6513.0,1098.052699259336
6514.0,-1219.998505071102
6515.0,-1851.0358219901113
6516.0,-899.594138909119
6517.0,-1214.134455828127
6518.0,-1212.1797727471348
6519.0,-2159.7130896661424
6520.0,-2790.7494065851506
6521.0,-4371.2727235041575
6522.0,-5951.797040423167
6523.0,-5949.842357342175
6524.0,-5631.391674261183
6525.0,-5312.94099118019
6526.0,-5310.986308099198
6527.0,-5625.527625018206
6528.0,-5940.068941937214
6529.0,-5305.122258856221
6530.0,-5936.159575775231
6531.0,-4668.221892694239
6532.0,-4033.2762096132465
6533.0,-2132.3475265322545
6534.0,-3396.3748434512627
6535.0,-3394.4201603702704
6536.0,-3392.465477289278
6537.0,-3390.5107942082877
6538.0,-1806.078111127295
6539.0,-1171.131428046303
6540.0,1362.7882550346894
6541.0,2314.2299381156818
6542.0,2632.680621196674
6543.0,2318.1393042776663
6544.0,1370.6069873586584
6545.0,1372.5616704396489
6546.0,741.5253535206411
6547.0,2009.4620366016334
6548.0,1061.9297196826255
6549.0,3912.345402763618
6550.0,2964.81308584461
6551.0,4865.742768925602
6552.0,3918.209452006593
6553.0,4869.652135087585
6554.0,5188.101818168578
6555.0,5190.05650124957
6556.0,5508.507184330562
6557.0,5826.957867411554
6558.0,7094.894550492546
6559.0,5514.371233573537
6560.0,7731.795916654529
6561.0,5834.776599735521
6562.0,8685.192282816513
6563.0,7104.667965897505
6564.0,9955.084648978498
6565.0,8691.05633205949
6566.0,9326.002015140482
6567.0,7112.486698221473
6568.0,6797.946381302465
6569.0,6483.405064383457
6570.0,5535.87274746445
6571.0,6170.818430545442
6572.0,5223.286113626435
6573.0,6174.727796707427
6574.0,3961.212479788417
6575.0,4912.655162869409
6576.0,2066.1478459504015
6577.0,1118.6155290313936
6578.0,-1411.3947878876138
6579.0,-1725.9361048066216
6580.0,-3939.451421725629
6581.0,-4886.983738644639
6582.0,-5201.5240555636465
6583.0,-4883.074372482654
6584.0,-5830.606689401662
6585.0,-6778.139006320671
6586.0,-9308.149323239677
6587.0,-9306.194640158685
6588.0,-12152.700957077694
6589.0,-12783.738273996703
6590.0,-13731.27059091571
6591.0,-13729.315907834718
6592.0,-13727.361224753726
6593.0,-14041.902541672735
6594.0,-12140.972858591742
6595.0,-13088.506175510749
6596.0,-9921.594492429758
6597.0,-9919.639809348766
6598.0,-8335.206126267774
6599.0,-8966.243443186782
6600.0,-8014.801760105789
6601.0,-8962.334077024798
6602.0,-8327.387393943805
6603.0,-7375.945710862814
6604.0,-4842.026027781822
6605.0,-2941.09734470083
6606.0,-723.672661619838
6607.0,1493.752021461154
6608.0,2128.6977045421463
6609.0,2763.6443876231388
6610.0,2132.607070704131
6611.0,2134.5617537851213
6612.0,2769.5084368661137
6613.0,2771.463119947106
6614.0,3406.408803028098
6615.0,3724.85948610909
6616.0,3726.8141691900823
6617.0,4678.255852271075
6618.0,4680.210535352066
6619.0,3732.6782184330573
6620.0,3101.64090151405
6621.0,3103.595584595042
6622.0,890.0812676760343
6623.0,575.5399507570265
6624.0,-371.9923661619812
6625.0,-370.0376830809889
6626.0,-368.0829999999985
6627.0,-366.12831691900624
6628.0,268.817366161986
6629.0,587.2680492429782
6630.0,-43.76826767602961
6631.0,-41.813584595037355
6632.0,-672.8509015140448
6633.0,-37.904218433054666
6634.0,-35.94953535206241
6635.0,-33.99485227107016
6636.0,600.9508308099222
6637.0,1868.8885138909145
6638.0,3769.8171969719065
6639.0,5037.754880052898
6640.0,5356.20456313389
6641.0,5991.151246214881
6642.0,5993.1059292958735
6643.0,5995.060612376866
6644.0,5047.528295457858
6645.0,5049.48297853885
6646.0,6317.419661619843
6647.0,6635.870344700835
6648.0,8536.799027781824
6649.0,8855.249710862818
6650.0,10439.68239394381
6651.0,9808.646077024803
6652.0,10443.591760105795
6653.0,8546.572443186786
6654.0,8232.031126267779
6655.0,6335.01180934877
6656.0,6020.471492429761
6657.0,5389.434175510754
6658.0,4125.405858591746
6659.0,5393.343541672739
6660.0,4762.307224753731
6661.0,6663.235907834723
6662.0,4766.216590915714
6663.0,5717.658273996706
6664.0,3820.638957077698
6665.0,2873.1066401586904
6666.0,1292.5823232396824
6667.0,345.0500063206748
6668.0,-285.9863105983329
6669.0,-917.0226275173409
6670.0,667.4100555636497
6671.0,1302.3557386446419
6672.0,2886.7894217256344
6673.0,1939.2571048066266
6674.0,2890.698787887619
6675.0,2892.653470968611
6676.0,1945.1211540496033
6677.0,997.5888371305937
6678.0,-582.9354797884139
6679.0,685.0022032925782
6680.0,-262.5301136264295
6681.0,688.9115694545627
6682.0,690.866252535555
6683.0,1325.811935616547
6684.0,2593.7496186975395
6685.0,1962.71330177853
6686.0,2914.1549848595223
6687.0,700.6396679405144
6688.0,1335.5853510215065
6689.0,388.05303410249894
6690.0,706.5037171834912
6691.0,708.4584002644834
6692.0,1343.4040833454737
6693.0,2611.341766426466
6694.0,2296.8004495074583
6695.0,3248.2421325884507
6696.0,2933.701815669443
6697.0,2619.160498750435
6698.0,2621.1151818314274
6699.0,1990.0788649124179
6700.0,2941.52054799341
6701.0,3576.4662310744025
6702.0,3894.9169141553944
6703.0,3580.375597236387
6704.0,4531.817280317378
6705.0,4217.2759633983715
6706.0,3902.7356464793634
6707.0,3271.698329560354
6708.0,1691.1750126413463
6709.0,110.65169572233845
6710.0,-2102.863621196669
6711.0,-3366.8919381156766
6712.0,-5263.9112550346845
6713.0,-4312.469571953692
6714.0,-6209.488888872702
6715.0,-4308.560205791709
6716.0,-6205.579522710717
6717.0,-5254.137839629725
6718.0,-7467.653156548733
6719.0,-8731.681473467741
6720.0,-9995.708790386749
6721.0,-11576.233107305758
6722.0,-11257.782424224766
6723.0,-12521.810741143774
6724.0,-10937.37705806278
6725.0,-10935.422374981788
6726.0,-8401.502691900796
6727.0,-6817.070008819805
6728.0,-6498.619325738813
6729.0,-4281.1946426578215
6730.0,-4912.230959576829
6731.0,-3327.798276495837
6732.0,-5224.817593414845
6733.0,-3007.3929103338533
6734.0,-3005.438227252861
6735.0,-788.0135441718685
6736.0,-153.06786109087784
6737.0,1747.8608219901143
6738.0,3965.2855050711064
6739.0,4600.231188152098
6740.0,889.9267442083592
6741.0,-17.10927026124864
6742.0,3506.794715269143
6743.0,1333.7757007995915
6744.0,5174.174686329983
6745.0,2368.1646718604325
6746.0,4626.085657390824
6747.0,3402.553642921215
6748.0,5343.978628451665
6749.0,6019.421613982056
6750.0,7327.854599512506
6751.0,7686.8015850428965
6752.0,6146.774570573347
6753.0,6505.720556103737
6754.0,3699.710541634129
6755.0,5324.640527164578
6756.0,4417.60451269497
6757.0,6359.02949822542
6758.0,5768.488483755811
6759.0,7393.418469286202
6760.0,6486.382454816652
6761.0,5579.3464403470425
6762.0,3722.8224258774926
6763.0,3765.273411407884
6764.0,1908.7503969383333
6765.0,1001.7143824687255
6766.0,411.17436799911684
6767.0,770.1213535295656
6768.0,1129.0673390599577
6769.0,2121.0053245904064
6770.0,2479.952310120798
6771.0,4421.377295651248
6772.0,4147.332281181639
6773.0,3556.79226671203
6774.0,3282.7472522424796
6775.0,1742.7202377728709
6776.0,2418.1622233033204
6777.0,561.639208833712
6778.0,2186.569194364103
6779.0,646.5411798945529
6780.0,2587.966165424944
6781.0,1680.9301509553943
6782.0,3305.860136485785
6783.0,2082.3281220162344
6784.0,2441.275107546626
6785.0,2167.230093077017
6786.0,310.7070786074669
6787.0,-1545.8159358621417
6788.0,-3402.338950331692
6789.0,-4309.374964801301
6790.0,-5532.906979270909
6791.0,-5173.95999374046
6792.0,-6713.988008210069
6793.0,-6355.041022679619
6794.0,-8528.060037149227
6795.0,-9435.096051618777
6796.0,-11291.619066088388
6797.0,-12198.655080557995
6798.0,-13105.691095027545
6799.0,-13379.736109497155
6800.0,-12704.294123966705
6801.0,-12345.347138436313
6802.0,-11353.409152905922
6803.0,-11310.958167375473
6804.0,-11585.00318184508
6805.0,-10593.065196314632
6806.0,-11816.59621078424
6807.0,-10508.163225253791
6808.0,-11415.199239723399
6809.0,-10423.261254193008
6810.0,-10064.31426866256
6811.0,-9072.376283132167
6812.0,-8080.438297601718
6813.0,-7404.995312071326
6814.0,-5147.075326540877
6815.0,-5737.615341010486
6816.0,-4112.685355480095
6817.0,-5969.2093699496445
6818.0,-6243.253384419254
6819.0,-7150.289398888804
6820.0,-9323.308413358413
6821.0,-8647.866427828021
6822.0,-9238.406442297572
6823.0,-6663.99045676718
6824.0,-6621.539471236731
6825.0,-4680.114485706339
6826.0,-4004.67150017589
6827.0,-3012.733514645499
6828.0,-2970.2825291151075
6829.0,-4193.814543584658
6830.0,-2568.8845580542666
6831.0,-3792.4165725238167
6832.0,-901.5045869934256
6833.0,-2441.5316014630343
6834.0,1082.3713840674152
6835.0,1124.8223695978065
6836.0,4015.7343551282565
6837.0,5324.168340658647
6838.0,6632.602326189097
6839.0,8574.027311719488
6840.0,7983.48729724988
6841.0,10241.407282780328
6842.0,7751.893268310721
6843.0,10326.30925384117
6844.0,8786.282239371561
6845.0,10094.716224902011
6846.0,9504.175210432402
6847.0,9863.122195962793
6848.0,10538.564181493242
6849.0,9315.033167023634
6850.0,9673.979152554084
6851.0,9083.439138084475
6852.0,8492.899123614867
6853.0,7585.862109145316
6854.0,6045.835094675707
6855.0,6404.782080206157
6856.0,4864.754065736549
6857.0,5856.692051266998
6858.0,5582.648036797389
6859.0,4675.61202232778
6860.0,3452.08000785823
6861.0,2750.007031187706
6862.0,1755.2368880086224
6863.0,-822.0122551704612
6864.0,82.19260165045489
6865.0,669.9004584713714
6866.0,1890.6003152922294
6867.0,2794.804172113146
6868.0,3066.016028934062
6869.0,3653.7248857549785
6870.0,2342.4587425758946
6871.0,1664.1845993968109
6872.0,2251.892456217669
6873.0,1890.1133130385851
6874.0,2161.3261698595015
6875.0,850.0600266804179
6876.0,2387.255883501334
6877.0,1392.4857403222504
6878.0,3879.1675971431087
6879.0,4783.371453964024
6880.0,6320.567310784941
6881.0,8490.753167605857
6882.0,8445.470024426773
6883.0,8716.682881247689
6884.0,6139.434738068606
6885.0,6094.151594889464
6886.0,3833.3984517103804
6887.0,4104.610308531297
6888.0,3109.8401653522133
6889.0,3697.5490221731293
6890.0,4918.248878994045
6891.0,3606.9827358149037
6892.0,3561.69959263582
6893.0,2883.4244494567365
6894.0,1572.1593062776528
6895.0,893.884163098569
6896.0,-1366.8679800805148
6897.0,-1095.6561232596564
6898.0,-3356.40926643874
6899.0,-3085.1964096178244
6900.0,-4396.462552796907
6901.0,-4758.240695975991
6902.0,-5753.010839155075
6903.0,-6431.285982334217
6904.0,-7109.560125513301
6905.0,-8420.826268692384
6906.0,-8149.613411871469
6907.0,-7878.401555050552
6908.0,-6974.196698229635
6909.0,-6702.984841408777
6910.0,-5482.284984587861
6911.0,-5211.0721277669445
6912.0,-5572.851270946028
6913.0,-5618.134414125112
6914.0,-5030.426557304196
6915.0,-4759.213700483338
6916.0,-5120.992843662421
6917.0,-6432.257986841505
6918.0,-6477.541130020589
6919.0,-7472.3112731996725
6920.0,-5935.116416378756
6921.0,-5030.91255955784
6922.0,-2544.2297027369823
6923.0,-1007.0348459160658
6924.0,530.1600109048504
6925.0,168.3818677257667
6926.0,-1142.884275453317
6927.0,-1821.1584186324008
6928.0,-3448.9205618115425
6929.0,-2861.2117049906265
6930.0,-4172.47784816971
6931.0,-2318.786991348794
6932.0,-2047.5741345278775
6933.0,-2092.857277706961
6934.0,-1821.645420886103
6935.0,-1233.9365640651868
6936.0,303.2582927557295
6937.0,-58.520850423354204
6938.0,529.188006397562
6939.0,-465.5821367815216
6940.0,-510.86527996066354
6941.0,-2138.6274231397474
6942.0,-2500.405566318831
6943.0,-1912.6977094979147
6944.0,-1957.9808526769984
6945.0,-104.2899958560821
6946.0,-782.564139035224
6947.0,121.63971778569226
6948.0,-873.1304253933914
6949.0,31.073431427524838
6950.0,302.28528824844125
6951.0,257.00214506935754
6952.0,1161.2060018902157
6953.0,-150.0591412888682
6954.0,1070.6397155320483
6955.0,-557.1214276470356
6956.0,663.5784291738805
6957.0,1251.2862859947968
6958.0,573.0121428156549
6959.0,844.2239996365715
6960.0,-783.5371435425124
6961.0,-828.8202867215961
6962.0,-2140.08642990068
6963.0,-1552.3775730797634
6964.0,-15.182716258847222
6965.0,1522.013140562011
6966.0,2426.216997382927
6967.0,2064.437854203844
6968.0,2652.14571102476
6969.0,707.8885678456759
6970.0,1295.5974246665924
6971.0,1883.3052814874509
6972.0,1521.5261383083666
6973.0,3058.7219951292827
6974.0,3646.429851950199
6975.0,4234.137708771115
6976.0,3872.3595655920317
6977.0,5409.55442241289
6978.0,6313.758279233807
6979.0,7217.962136054723
6980.0,6223.19199287564
6981.0,5544.917849696556
6982.0,4233.651706517471
6983.0,8733.279462691786
6984.0,7424.703049574444
6985.0,5166.639636457103
6986.0,4491.055223339761
6987.0,4131.965810222361
6988.0,2823.3903971050195
6989.0,3413.7879839876778
6990.0,839.228570870278
6991.0,2062.6181577529364
6992.0,-195.44525536440506
6993.0,-871.0296684817467
6994.0,-2496.1010815991467
6995.0,-4437.669494716489
6996.0,-4796.757907833831
6997.0,-8637.29932095123
6998.0,-6464.423734068572
6999.0,-7456.504147185913
7000.0,-5916.618560303255
7001.0,-6275.7079734206545
7002.0,-5368.814386537997
7003.0,-4778.416799655339
7004.0,-6086.992212772739
7005.0,-4547.107625890081
7006.0,-5539.188039007422
7007.0,-1783.8334521247634
7008.0,-2775.9138652421634
7009.0,-1552.524278359505
7010.0,-1595.1176914768466
7011.0,-1954.2071045942466
7012.0,-730.8175177115891
7013.0,-2039.39393082893
7014.0,449.9786560537282
7015.0,-1175.0937570636715
7016.0,2263.7658298189863
7017.0,-627.2885832983552
7018.0,1545.5880035842447
7019.0,-79.48440953309682
7020.0,2409.8881773495614
7021.0,2050.7987642322196
7022.0,2008.2053511148197
7023.0,1332.620937997478
7024.0,973.5315248801364
7025.0,-18.548888237263327
7026.0,-1643.6213013546048
7027.0,-1369.7187144719474
7028.0,-2678.2951275892883
7029.0,-1454.905540706689
7030.0,-2763.48195382403
7031.0,-1223.5963669413718
7032.0,-633.1987800587135
7033.0,590.1908068238865
7034.0,547.5973937065448
7035.0,1137.9949805892031
7036.0,-170.58043252819698
7037.0,103.32115435446167
7038.0,-1205.2552587628802
7039.0,-1247.848671880222
7040.0,-1606.9370849976217
7041.0,-383.5474981149637
7042.0,-426.14091123230537
7043.0,480.7526756502948
7044.0,1071.150262532953
7045.0,1345.0528494156115
7046.0,3834.42443629827
7047.0,3158.84002318087
7048.0,5015.2206100635285
7049.0,3706.6441969461866
7050.0,4297.041783828787
7051.0,2988.466370711445
7052.0,2945.8729575941034
7053.0,3852.7665444767613
7054.0,4759.660131359362
7055.0,5666.55371824202
7056.0,5940.456305124678
7057.0,7163.844892007278
7058.0,5855.269478889936
7059.0,5812.6760657725945
7060.0,4504.0996526552535
7061.0,5094.497239537854
7062.0,4418.912826420512
7063.0,4376.31941330317
7064.0,2434.75200018577
7065.0,2392.1585870684285
7066.0,1083.5821739510866
7067.0,1357.484760833745
7068.0,-267.58765228365496
7069.0,322.8109345990033
7070.0,-669.2694785183385
7071.0,-1028.3588916357382
7072.0,-2020.4393047530798
7073.0,-2696.0247178704217
7074.0,-2105.626130987763
7075.0,-1198.7325441051632
7076.0,24.657042777495008
7077.0,931.5506296601533
7078.0,1205.4522165427534
7079.0,1162.8588034254117
7080.0,487.27439030807
7081.0,-188.3100228092717
7082.0,402.0875640733284
7083.0,42.998150955986716
7084.0,1582.883737838645
7085.0,-42.188675278754886
7086.0,1181.2009116039035
7087.0,822.1114984865617
7088.0,2045.50108536922
7089.0,1686.4116722518202
7090.0,1643.8182591344785
7091.0,1601.2248460171368
7092.0,-340.3425671002632
7093.0,-1332.4229802176048
7094.0,-2957.4943933349464
7095.0,-2683.5918064522884
7096.0,-3359.177219569688
7097.0,-3401.77063268703
7098.0,-2494.8770458043714
7099.0,-3803.4534589217715
7100.0,-2896.5588720391133
7101.0,-3888.640285156455
7102.0,-2665.2506982737964
7103.0,-3340.8351113911963
7104.0,-2433.9415245085384
7105.0,-2793.0309376258797
7106.0,-3785.1113507432797
7107.0,-2561.7217638606216
7108.0,-1220.1011525314814
7109.0,121.5194587976589
7110.0,1463.1400701267994
7111.0,3949.499705638362
7112.0,2954.407341149924
7113.0,4491.280976661486
7114.0,2546.7016121730485
7115.0,3134.087247684669
7116.0,4354.464883196231
7117.0,4941.8505187077935
7118.0,7111.715154219413
7119.0,5800.126789730976
7120.0,7020.504425242538
7121.0,4126.438060754101
7122.0,4397.328696265662
7123.0,3402.235331777283
7124.0,3673.125967288845
7125.0,3944.0166028004073
7126.0,2315.932238312028
7127.0,1953.83187382359
7128.0,-940.2344906648477
7129.0,-669.3448551532854
7130.0,-1664.437219641723
7131.0,-760.5555841301027
7132.0,459.82205138145946
7133.0,97.7206868930217
7134.0,685.1073224046421
7135.0,-3158.4470420837956
7136.0,-4470.034406572234
7137.0,-6098.118771060671
7138.0,-6460.219135549109
7139.0,-6822.320500037488
7140.0,-6551.429864525926
7141.0,-5014.557229014364
7142.0,-5376.658593502743
7143.0,-4472.776957991181
7144.0,-4834.87732247962
7145.0,-3614.500686968057
7146.0,-3027.1140514564945
7147.0,-3072.719415944874
7148.0,-3118.324780433312
7149.0,-3796.92214492175
7150.0,-3842.5275094101294
7151.0,-2938.6448738985673
7152.0,-2667.7552383870047
7153.0,-2080.368602875443
7154.0,-859.9919673638805
7155.0,43.88966814773994
7156.0,-1.715696340697832
7157.0,269.1749391708644
7158.0,856.5605746824849
7159.0,2076.938210194047
7160.0,1398.341845705609
7161.0,1036.2404812171715
7162.0,41.148116728733726
7163.0,312.03875224035414
7164.0,-1316.0456122480837
7165.0,-95.66797673652138
7166.0,-141.27334122490095
7167.0,-186.87870571333872
7168.0,-548.9800702017765
7169.0,-1860.5674346902142
7170.0,-3805.146799178652
7171.0,-4167.248163667031
7172.0,-3579.862528155469
7173.0,-3625.467892643907
7174.0,-1772.0992571322868
7175.0,-1501.2086216207244
7176.0,-280.83098610916227
7177.0,-2225.4103505976
7178.0,-3220.502715086038
7179.0,-3899.100079574417
7180.0,-3628.2094440628553
7181.0,-3673.814808551293
7182.0,-2769.9331730396725
7183.0,-2182.5475375281103
7184.0,-1595.1609020165479
7185.0,-1007.7752665049858
7186.0,-736.8846309934236
7187.0,483.49200451819706
7188.0,1070.878640029759
7189.0,1341.7692755413213
7190.0,979.6679110529417
7191.0,-331.92045343549603
7192.0,-1010.5168179239338
7193.0,-1372.6181824123714
7194.0,-1101.7275469008093
7195.0,-514.3419113891889
7196.0,1022.5317241223734
7197.0,2875.9003596339353
7198.0,2830.2949951455557
7199.0,4050.671630657118
7200.0,3055.57926616868
7201.0,4908.9479016802425
7202.0,1698.3865371918046
7203.0,2602.268172703425
7204.0,974.1838082149875
7205.0,1878.0654437265503
7206.0,1515.96507923817
7207.0,3052.837714749732
7208.0,4273.215350261295
7209.0,4860.600985772857
7210.0,5764.48262128442
7211.0,3503.4072567960393
7212.0,4407.288892307602
7213.0,3288.5144177232987
7214.0,4884.110118309452
7215.0,2681.7578188955918
7216.0,3644.362519481746
7217.0,2391.4982200678846
7218.0,3987.093920654038
7219.0,3367.2206212401916
7220.0,2114.355321826331
7221.0,2443.9690224124847
7222.0,874.6077229986238
7223.0,1204.2214235847773
7224.0,-1631.1218758290688
7225.0,-985.0131752429297
7226.0,-1921.3824746567761
7227.0,-1908.2647740706225
7228.0,-3477.6250734844834
7229.0,-3148.0123728983294
7230.0,-2501.9026723121906
7231.0,-3438.271971726037
7232.0,-2475.6672711398833
7233.0,-3412.0365705537442
7234.0,-3398.9188699675906
7235.0,-4968.280169381437
7236.0,-6221.145468795297
7237.0,-6208.027768209144
7238.0,-6511.4050676230045
7239.0,-4599.313367036852
7240.0,-3320.2126664506977
7241.0,-1724.6169658645586
7242.0,-1711.499265278405
7243.0,-1065.3905646922512
7244.0,-2001.759864106112
7245.0,-3571.120163519958
7246.0,-3241.5064629338194
7247.0,-3228.3887623476658
7248.0,-1316.297061761512
7249.0,-37.19736117537286
7250.0,1558.3993394107806
7251.0,2521.00403999692
7252.0,2850.6177405830736
7253.0,2547.239441169227
7254.0,2243.861141755366
7255.0,2256.97884234152
7256.0,1637.1055429276735
7257.0,700.7362435138127
7258.0,-552.1290559000336
7259.0,-855.5073553138944
7260.0,-1791.8766547277407
7261.0,-2728.245954141587
7262.0,-3348.119253555448
7263.0,-2702.010552969294
7264.0,-3321.8838523831405
7265.0,-3941.7581517970016
7266.0,-6144.1094512108475
7267.0,-7396.974750624709
7268.0,-8649.840050038556
7269.0,-10852.192349452402
7270.0,-10522.578648866262
7271.0,-10825.956948280109
7272.0,-7964.377247693969
7273.0,-7951.259547107816
7274.0,-5406.176846521662
7275.0,-5709.555145935523
7276.0,-3797.4634453493695
7277.0,-4417.336744763216
7278.0,-3454.7320441770767
7279.0,-2808.6223435909233
7280.0,-2795.504643004784
7281.0,66.07405758136963
7282.0,79.19175816752329
7283.0,3257.2664587536624
7284.0,3586.879159339816
7285.0,6764.9538599259695
7286.0,6461.5755605121085
7287.0,7107.685261098262
7288.0,6804.306961684401
7289.0,6500.928662270555
7290.0,7463.533362856709
7291.0,5894.173063442848
7292.0,6540.281764029001
7293.0,6869.895464615155
7294.0,6250.022165201294
7295.0,6579.634865787448
7296.0,6592.752566373587
7297.0,7555.357266959741
7298.0,6302.492967545894
7299.0,6948.601668132033
7300.0,5062.745368718187
7301.0,4442.872069304326
7302.0,2557.0147698904802
7303.0,1620.6454704766338
7304.0,2583.250171062773
7305.0,2912.8638716489263
7306.0,4824.955572235081
7307.0,4521.578272821219
7308.0,4851.190973407373
7309.0,2965.334673993512
7310.0,2978.4523745796655
7311.0,2042.0830751658193
7312.0,3004.6877757519583
7313.0,3334.301476338112
7314.0,4613.402176924265
7315.0,5259.5108775104045
7316.0,4639.637578096558
7317.0,4652.755278682697
7318.0,5298.863979268851
7319.0,6261.468679855005
7320.0,6274.586380441144
7321.0,5971.208081027297
7322.0,5984.325781613436
7323.0,4414.965482199591
7324.0,3478.596182785744
7325.0,3808.2098833718833
7326.0,4770.814583958037
7327.0,6999.40128454419
7328.0,7012.518985130329
7329.0,7658.628685716483
7330.0,5772.772386302622
7331.0,5469.394086888776
7332.0,3900.03378747493
7333.0,3280.1594880610687
7334.0,2660.2861886472224
7335.0,2673.403889233376
7336.0,2053.5295898195154
7337.0,2066.647290405669
7338.0,497.2869909918081
7339.0,826.9006915779618
7340.0,523.5223921641154
7341.0,853.1360927502545
7342.0,-399.72920666359175
7343.0,-1336.098506077438
7344.0,-2905.459805491299
7345.0,-4791.316104905145
7346.0,-5094.693404319006
7347.0,-5081.575703732852
7348.0,-4118.971003146699
7349.0,-3472.8623025605602
7350.0,-3143.248601974406
7351.0,-3130.130901388267
7352.0,-2800.5182008021134
7353.0,-3736.8875002159593
7354.0,-3407.273799629821
7355.0,-4343.643099043667
7356.0,-3697.534398457513
7357.0,-4633.903697871374
7358.0,-3671.29899728522
7359.0,-3974.676296699082
7360.0,-2379.0805961129277
7361.0,-2682.458895526774
7362.0,-2352.845194940635
7363.0,-1706.7354943544815
7364.0,-2959.6007937683275
7365.0,-2629.9880931821885
7366.0,-4515.844392596035
7367.0,-3869.734692009896
7368.0,-4806.103991423742
7369.0,-3210.508290837589
7370.0,-3513.886590251449
7371.0,-3817.263889665296
7372.0,-3487.6511890791417
7373.0,-3474.5334884930026
7374.0,-2195.432787906849
7375.0,-3448.29808732071
7376.0,-1852.7013867345563
7377.0,-2789.0706861484027
7378.0,-1826.4659855622635
7379.0,-1813.3482849761099
7380.0,-1167.2395843899708
7381.0,-3783.5709979008334
7382.0,-2778.8589610193185
7383.0,124.82807586225408
7384.0,-136.44288725617207
7385.0,1817.7561496254002
7386.0,-25.992813493084213
7387.0,978.719223388488
7388.0,717.4482602700618
7389.0,772.6732971516349
7390.0,3043.368334033149
7391.0,3098.593370914722
7392.0,5369.288407796295
7393.0,5108.017444677811
7394.0,7062.216481559382
7395.0,7117.441518440955
7396.0,6539.675555322528
7397.0,5328.917592204045
7398.0,4118.159629085617
7399.0,4173.38466596719
7400.0,2013.1407028487629
7401.0,2068.3657397302777
7402.0,2123.5907766118507
7403.0,2178.815813493424
7404.0,2867.031850374997
7405.0,1339.7788872565116
7406.0,2660.9859241380846
7407.0,1133.7329610196584
7408.0,1505.4539979012307
7409.0,-654.7909652172543
7410.0,-916.0619283356812
7411.0,-2443.314891454108
7412.0,-3337.576854572535
7413.0,-2016.3698176910202
7414.0,-3227.126780809447
7415.0,-323.44074392787434
7416.0,-268.2157070463013
7417.0,736.4963298352136
7418.0,158.7293667167869
7419.0,-735.5325964016401
7420.0,-47.31555952006738
7421.0,-1258.0735226385523
7422.0,379.6295142430208
7423.0,751.3505511245935
7424.0,2389.054588006108
7425.0,2127.783624887682
7426.0,2183.008661769255
7427.0,3504.2166986508273
7428.0,1976.9627355323423
7429.0,3298.170772413915
7430.0,1137.9258092954883
7431.0,1826.1428461770615
7432.0,298.8888830585763
7433.0,354.11391994014934
7434.0,409.3389568217224
7435.0,148.06799370329554
7436.0,1785.7720305848102
7437.0,1208.0050674663835
7438.0,1896.2221043479562
7439.0,-580.5188587704706
7440.0,-2107.771821888956
7441.0,-3635.024785007383
7442.0,-6111.765748125809
7443.0,-6373.036711244236
7444.0,-6317.8116743627215
7445.0,-6262.5866374811485
7446.0,-6840.352600599575
7447.0,-7418.118563718002
7448.0,-6096.911526836488
7449.0,-6674.677489954915
7450.0,-4720.478453073342
7451.0,-6564.227416191827
7452.0,-5559.515379310254
7453.0,-8036.255342428681
7454.0,-8930.518305547108
7455.0,-9508.284268665593
7456.0,-10719.04223178402
7457.0,-7815.355194902447
7458.0,-7443.635158020874
7459.0,-4223.45312113936
7460.0,-5750.706084257786
7461.0,-3480.012047376213
7462.0,-5640.25601049464
7463.0,-5585.030973613125
7464.0,-6479.292936731552
7465.0,-6424.067899849979
7466.0,-4469.868862968407
7467.0,-6630.113826086891
7468.0,-4675.914789205318
7469.0,-5570.176752323745
7470.0,-2666.490715442172
7471.0,-3560.752678560658
7472.0,-2239.544641679084
7473.0,-1551.3286047975112
7474.0,-1812.5985679159385
7475.0,-174.89553103442347
7476.0,-752.6614941528505
7477.0,1518.0325427287225
7478.0,1256.7625796102957
7479.0,4160.448616491811
7480.0,4532.169653373383
7481.0,5220.385690254957
7482.0,6225.097727136471
7483.0,5647.331764018044
7484.0,7601.530800899617
7485.0,5757.78183778119
7486.0,7078.988874662705
7487.0,5868.231911544278
7488.0,6239.951948425852
7489.0,5662.185985307425
7490.0,7616.385022188939
7491.0,9887.080059070513
7492.0,9625.809095952085
7493.0,10630.521132833659
7494.0,9103.268169715173
7495.0,6392.103372743354
7496.0,3680.9385757715354
7497.0,969.7737787997157
7498.0,340.06204004509345
7499.0,-289.6496987095288
7500.0,1296.107562535849
7501.0,1299.3868237812267
7502.0,3201.6400850266004
7503.0,1938.9363462719784
7504.0,1942.2156075173561
7505.0,1312.5038687627339
7506.0,366.2961300081115
7507.0,686.0713912534892
7508.0,-576.632347501133
7509.0,-256.85708625575535
7510.0,-2469.0478250103774
7511.0,-2465.7685637649997
7512.0,-1829.498302519622
7513.0,-1509.7230412742445
7514.0,-873.4527800288704
7515.0,1345.2964812165073
7516.0,2931.053742461885
7517.0,2934.333003707263
7518.0,2621.11726495264
7519.0,2307.9005261980183
7520.0,1994.6837874433959
7521.0,2947.4500486887737
7522.0,3900.217309934151
7523.0,5485.9745711795285
7524.0,7071.731832424906
7525.0,7391.5070936702805
7526.0,8027.777354915658
7527.0,6132.082616161036
7528.0,5818.866877406414
7529.0,4556.163138651792
7530.0,3609.955399897169
7531.0,3296.738661142547
7532.0,3616.5139223879246
7533.0,4885.776183633302
7534.0,2990.0804448786803
7535.0,2360.368706124058
7536.0,1097.664967369432
7537.0,-798.0297713851903
7538.0,-2060.732510139813
7539.0,-5538.906248894435
7540.0,-5852.122987649057
7541.0,-9330.29572640368
7542.0,-9327.016465158302
7543.0,-12172.198203912923
7544.0,-10902.936942667546
7545.0,-11532.648681422168
7546.0,-9630.39542017679
7547.0,-8677.629158931417
7548.0,-9623.836897686038
7549.0,-7721.583636440662
7550.0,-10566.765375195284
7551.0,-7715.025113949907
7552.0,-12142.684852704528
7553.0,-8024.962591459151
7554.0,-9287.665330213773
7555.0,-5486.438068968395
7556.0,-6116.149807723017
7557.0,-1998.42654647764
7558.0,-729.1652852322657
7559.0,540.096976013112
7560.0,1809.3592372584897
7561.0,1179.6464985038674
7562.0,3714.891759749245
7563.0,869.7100209946228
7564.0,3088.4582822400007
7565.0,1509.2595434853783
7566.0,3411.5128047307558
7567.0,2148.8090659761338
7568.0,4051.0633272215114
7569.0,2471.8635884668893
7570.0,2475.1428497122633
7571.0,1212.4391109576409
7572.0,899.2233722030186
7573.0,-46.98436655160367
7574.0,-676.6971053062259
7575.0,-356.92184406084823
7576.0,-670.1385828154705
7577.0,-1932.841321570093
7578.0,-2562.554060324715
7579.0,-1609.7877990793372
7580.0,-1290.0125378339596
7581.0,-1603.2292765885854
7582.0,-1599.9500153432077
7583.0,-1596.67075409783
7584.0,-3175.8694928524524
7585.0,-3489.086231607075
7586.0,-4751.789970361697
7587.0,-1900.0487091163195
7588.0,-1263.7784478709416
7589.0,954.970813374436
7590.0,1591.2410746198138
7591.0,3176.9983358651916
7592.0,1597.7995971105656
7593.0,1917.5748583559432
7594.0,654.871119601321
7595.0,658.1503808466987
7596.0,344.9336420920764
7597.0,31.717903337454118
7598.0,351.49216458283183
7599.0,987.7634258282095
7600.0,2573.5206870735874
7601.0,3209.790948318965
7602.0,5112.045209564342
7603.0,4482.332470809717
7604.0,5751.594732055094
7605.0,4488.8909933004725
7606.0,3542.6832545458496
7607.0,3229.4665157912277
7608.0,2599.7547770366054
7609.0,2919.530038281983
7610.0,2289.817299527361
7611.0,3242.5835607727386
7612.0,2929.367822018116
7613.0,4198.630083263493
7614.0,4518.404344508872
7615.0,4521.683605754246
7616.0,5157.954866999623
7617.0,4528.242128245001
7618.0,4215.026389490378
7619.0,2319.3306507357565
7620.0,2955.601911981134
7621.0,2642.385173226512
7622.0,3278.6554344718897
7623.0,3598.430695717267
7624.0,4234.7019569626445
7625.0,3604.9892182080225
7626.0,3291.772479453397
7627.0,2029.0697406987745
7628.0,1399.3570019441522
7629.0,1719.13226318953
7630.0,1722.4115244349077
7631.0,2991.673785680285
7632.0,2678.4570469256632
7633.0,2998.2323081710406
7634.0,2368.5195694164186
7635.0,1422.3118306617962
7636.0,-156.88690809282605
7637.0,-786.5986468474521
7638.0,-1099.8153856020742
7639.0,-2046.0231243566964
7640.0,-3625.2228631113185
7641.0,-3305.4476018659416
7642.0,-3935.159340620564
7643.0,-2982.3930793751856
7644.0,-3295.6098181298084
7645.0,-2342.84355688443
7646.0,-2023.0682956390524
7647.0,-2019.7890343936747
7648.0,-3282.4927731483012
7649.0,-4861.691511902923
7650.0,-5174.908250657545
7651.0,-7070.6029894121675
7652.0,-5484.84572816679
7653.0,-6431.053466921412
7654.0,-5323.653009318293
7655.0,-4347.850967349752
7656.0,-1473.074925381211
7657.0,-497.2728834126701
7658.0,162.0341585558997
7659.0,1137.8362005244403
7660.0,-101.83175750701878
7661.0,873.9702844615219
7662.0,-682.1926735699373
7663.0,926.6003683986326
7664.0,319.9244103671733
7665.0,1295.726452335714
7666.0,1005.5454943042548
7667.0,1981.3475362728245
7668.0,2957.1495782413654
7669.0,2666.969620209906
7670.0,3009.779662178447
7671.0,2719.599704147017
7672.0,2745.9147461155576
7673.0,1189.7507880840983
7674.0,899.5698300526392
7675.0,292.89387202117985
7676.0,2.7129139897497225
7677.0,-1236.9540440417095
7678.0,-1843.6310020731687
7679.0,-2133.810960104628
7680.0,-2107.495918136058
7681.0,-2714.172876167517
7682.0,-2687.8578341989764
7683.0,-2978.037792230436
7684.0,-2951.722750261866
7685.0,-2925.4077082933254
7686.0,-3215.5886663247843
7687.0,-2556.2826243562436
7688.0,-2213.471582387703
7689.0,-921.1735404191331
7690.0,-1844.3454984505925
7691.0,-1818.0304564820517
7692.0,-2424.7074145135107
7693.0,-1765.400372544941
7694.0,-1739.0853305764003
7695.0,-763.2832886078595
7696.0,845.5097533606812
7697.0,2137.807795329251
7698.0,2480.617837297792
7699.0,4089.411879266333
7700.0,3482.7359212348733
7701.0,4458.537963203414
7702.0,4168.357005171984
7703.0,3245.1850471405246
7704.0,2955.0040891090653
7705.0,1715.3361310776063
7706.0,1425.156173046176
7707.0,818.4792150147168
7708.0,1794.2812569832577
7709.0,2770.0832989517985
7710.0,4378.877340920369
7711.0,4405.192382888909
7712.0,4748.003424857449
7713.0,4141.326466825991
7714.0,3534.650508794531
7715.0,1661.991550763101
7716.0,738.8195927316418
7717.0,-817.3443652998174
7718.0,-791.0293233312766
7719.0,-1397.7052813627067
7720.0,-738.399239394166
7721.0,-712.0841974256252
7722.0,-52.77715545708452
7723.0,1239.5198865114853
7724.0,632.8439284800261
7725.0,1292.1499704485668
7726.0,1001.9700124171076
7727.0,395.29305438564836
7728.0,-1477.3659036457816
7729.0,-1767.5458616772412
7730.0,-3007.2138197087
7731.0,-2664.4037777401595
7732.0,-3271.07973577159
7733.0,-2928.268693803049
7734.0,-2585.458651834508
7735.0,-2875.6386098659673
7736.0,-3165.819567897398
7737.0,-3772.495525928857
7738.0,-3429.6854839603157
7739.0,-4352.857441991775
7740.0,-3060.559400023235
7741.0,-3667.235358054665
7742.0,-2374.938316086124
7743.0,-2665.118274117583
7744.0,-2322.3082321490424
7745.0,-2295.9931901804725
7746.0,-2269.678148211932
7747.0,-1293.8751062433912
7748.0,-1267.5600642748504
7749.0,341.2329776937196
7750.0,51.05201966226036
7751.0,4191.8110616308
7752.0,4534.622103599342
7753.0,8042.389145567911
7754.0,8385.200187536451
7755.0,7321.6790176910745
7756.0,7957.985069707174
7757.0,8594.290121723274
7758.0,7964.613173739373
7759.0,7334.935225755473
7760.0,7654.745277771568
7761.0,5759.085329787669
7762.0,7344.877381803768
7763.0,7664.687433819867
7764.0,9250.479485835967
7765.0,8304.306537852062
7766.0,9890.099589868163
7767.0,8310.934641884262
7768.0,7681.257693900361
7769.0,5785.597745916462
7770.0,4206.432797932561
7771.0,2310.7728499486575
7772.0,98.61690196475683
7773.0,-847.5560460191437
7774.0,-2110.223994003044
7775.0,-3056.3969419869445
7776.0,-3053.0828899708486
7777.0,-3049.768837954749
7778.0,-3046.4547859386494
7779.0,-4309.12373392255
7780.0,-5571.7926819064505
7781.0,-6201.469629890355
7782.0,-7147.642577874255
7783.0,-7460.824525858155
7784.0,-8406.997473842055
7785.0,-7770.6924218259555
7786.0,-8083.8733698098595
7787.0,-7447.56831779376
7788.0,-6811.26326577766
7789.0,-5541.966213761561
7790.0,-5538.652161745462
7791.0,-4902.346109729362
7792.0,-5215.528057713265
7793.0,-4262.7270056971665
7794.0,-4259.412953681067
7795.0,-3623.1079016649674
7796.0,-1404.3238496488675
7797.0,-768.0187976327716
7798.0,2083.7572543833276
7799.0,1137.5843063994275
7800.0,2090.3853584155268
7801.0,827.7164104316266
7802.0,1464.0214624477226
7803.0,-115.1424855361779
7804.0,-428.3244335200782
7805.0,-108.51438150397871
7806.0,-421.696329487879
7807.0,214.60872252821719
7808.0,-98.57222545568357
7809.0,221.23682656041638
7810.0,-91.94412142348438
7811.0,-405.12606940738465
7812.0,-1667.795017391285
7813.0,-4196.445965375189
7814.0,-5775.610913359089
7815.0,-7671.2708613429895
7816.0,-9566.93080932689
7817.0,-9247.12075731079
7818.0,-9876.797705294695
7819.0,-7974.509653278595
7820.0,-8920.682601262495
7821.0,-7967.8815492463955
7822.0,-7648.072497230296
7823.0,-6695.2714452142
7824.0,-6691.9573931981
7825.0,-6688.643341182001
7826.0,-5102.850289165901
7827.0,-6049.023237149802
7828.0,-4146.735185133706
7829.0,-4459.917133117606
7830.0,-1608.1420811015068
7831.0,-1604.8280290854073
7832.0,1879.9390229306928
7833.0,2832.740074946788
7834.0,3469.0451269628875
7835.0,4738.342178978987
7836.0,3475.6732309950867
7837.0,5377.961283011186
7838.0,3165.806335027286
7839.0,6334.077387043382
7840.0,5071.408439059482
7841.0,6973.696491075581
7842.0,5078.036543091681
7843.0,5714.34159510778
7844.0,5717.655647123876
7845.0,3189.004699139976
7846.0,3508.8137511560753
7847.0,980.1628031721752
7848.0,2882.4508551882745
7849.0,670.2949072043707
7850.0,2889.07895922047
7851.0,2892.3930112365697
7852.0,3528.6980632526693
7853.0,3215.517115268769
7854.0,2269.344167284865
7855.0,2589.1532193009652
7856.0,60.50227131706424
7857.0,1013.3033233331639
7858.0,-882.3566246507364
7859.0,-246.05157263463684
7860.0,-559.2335206185408
7861.0,77.07253139755858
7862.0,1662.8645834136582
7863.0,1349.683635429758
7864.0,3568.466687445857
7865.0,4521.267739461953
7866.0,5157.573791478053
7867.0,4211.4008434941525
7868.0,2632.2358955102527
7869.0,2635.5499475263523
7870.0,-210.71498972250288
7871.0,-203.4372431297163
7872.0,-1145.6464965369296
7873.0,444.1092500558568
7874.0,767.8829966486505
7875.0,1724.6477432414372
7876.0,3314.4034898342243
7877.0,2055.6992364270104
7878.0,2062.976983019797
7879.0,487.7757296125835
7880.0,-454.4335237946226
7881.0,-1080.146777201836
7882.0,-1389.3650306090494
7883.0,-1698.583284016263
7884.0,-1374.8095374234763
7885.0,-1367.5317908306897
7886.0,-1360.2540442378959
7887.0,-1036.4802976451092
7888.0,-1345.6985510523227
7889.0,-705.4298044595362
7890.0,251.33494213325048
7891.0,575.1086887260442
7892.0,898.8824353188306
7893.0,1222.6551819116175
7894.0,1229.9329285044041
7895.0,920.7156750971903
7896.0,1244.4884216899773
7897.0,1251.766168282771
7898.0,1575.5399148755573
7899.0,1582.8176614683439
7900.0,957.1044080611305
7901.0,14.895154653917189
7902.0,-1243.8100987532962
7903.0,-1869.5233521605023
7904.0,-1862.2456055677158
7905.0,-1221.9768589749292
7906.0,51.28388761785732
7907.0,1957.5356342106438
7908.0,1015.3263808034376
7909.0,73.1171273962243
7910.0,-1185.588126010989
7911.0,-3077.2843794182027
7912.0,-4968.980632825416
7913.0,-5594.694886232629
7914.0,-6220.408139639835
7915.0,-5580.1393930470485
7916.0,-5256.365646454263
7917.0,-4932.591899861476
7918.0,-4925.31415326869
7919.0,-4601.541406675895
7920.0,-4594.263660083108
7921.0,-4586.985913490322
7922.0,-5212.699166897536
7923.0,-5205.4214203047495
7924.0,-5514.639673711962
7925.0,-5823.856927119169
7926.0,-5816.5791805263825
7927.0,-4859.814433933596
7928.0,-3586.553687340809
7929.0,-1363.8069407480225
7930.0,-723.5371941552359
7931.0,1815.7055524375578
7932.0,3405.462299030344
7933.0,3412.7400456231308
7934.0,3420.0177922159173
7935.0,2161.312538808704
7936.0,2485.086285401498
7937.0,1226.3810319942845
7938.0,2816.136778587071
7939.0,2506.919525179858
7940.0,5046.162271772644
7941.0,4103.953018365431
7942.0,5377.213764958225
7943.0,3802.012511551012
7944.0,3492.7952581437976
7945.0,1917.5940047365843
7946.0,2241.367751329371
7947.0,1932.1494979221575
7948.0,2255.9232445149514
7949.0,3529.1839911077377
7950.0,2903.4697377005245
7951.0,2910.747484293311
7952.0,1019.0512308860978
7953.0,1026.3289774788916
7954.0,84.1197240716782
7955.0,724.3884706644649
7956.0,415.1712172572513
7957.0,1688.430963850038
7958.0,746.2217104428246
7959.0,2019.4824570356182
7960.0,1077.2732036284049
7961.0,2983.5249502211914
7962.0,2990.802696813978
7963.0,4264.063443406764
7964.0,3954.845189999559
7965.0,3962.1229365923455
7966.0,3336.409683185132
7967.0,1444.713429777918
7968.0,3034.4691763707046
7969.0,1459.2689229634911
7970.0,4315.007669556285
7971.0,4322.285416149071
7972.0,6861.528162741858
7973.0,6868.805909334645
7974.0,8142.066655927432
7975.0,7832.849402520218
7976.0,6574.144149113012
7977.0,5315.438895705798
7978.0,3423.7426422985855
7979.0,2481.5333888913715
7980.0,1539.324135484158
7981.0,913.6098820769521
7982.0,2186.8706286697384
7983.0,2194.148375262525
7984.0,3150.9131218553116
7985.0,2208.703868448098
7986.0,1582.9906150408847
7987.0,957.2763616336788
7988.0,15.06710822646528
7989.0,-294.15014518074815
7990.0,-1869.3513985879615
7991.0,-912.586651995175
7992.0,-3120.7779054023886
7993.0,-2797.0051588095944
7994.0,-3739.214412216808
7995.0,-3415.440665624021
7996.0,-3091.666919031235
7997.0,-3400.885172438448
7998.0,-3393.6074258456542
7999.0,-3069.833679252868
8000.0,-3695.547932660081
8001.0,-4637.757186067295
8002.0,-5579.966439474508
8003.0,-5256.192692881722
8004.0,-6514.897946288927
8005.0,-5874.629199696141
8006.0,-6816.838453103354
8007.0,-7442.551706510568
8008.0,-7435.273959917781
8009.0,-9099.833981818256
8010.0,-8791.115287406246
8011.0,-11647.352592994239
8012.0,-9439.658898582222
8013.0,-10713.418204170213
8014.0,-8505.724509758198
8015.0,-9146.49181534619
8016.0,-7255.294120934173
8017.0,-7263.070426522165
8018.0,-8853.325732110148
8019.0,-7911.61503769814
8020.0,-10134.860343286131
8021.0,-7294.175648874116
8022.0,-10150.412954462106
8023.0,-6043.745260050091
8024.0,-6684.513565638083
8025.0,-2261.3498712260666
8026.0,-2269.126176814058
8027.0,1837.5415175979504
8028.0,4045.2352120099663
8029.0,5936.432906421975
8030.0,8460.62160083399
8031.0,8136.349295245999
8032.0,10660.538989658015
8033.0,8437.292684070024
8034.0,10011.995378482032
8035.0,8738.23607289405
8036.0,10945.929767306057
8037.0,10938.153461718073
8038.0,14095.333156130082
8039.0,13771.061850542097
8040.0,14712.772544954107
8041.0,13439.013239366122
8042.0,12798.245933778131
8043.0,11207.990628190139
8044.0,8668.249322602156
8045.0,7394.490017014164
8046.0,6120.730711426179
8047.0,5163.467405838189
8048.0,3256.717100250204
8049.0,3565.436794662213
8050.0,1975.1814890742216
8051.0,1967.4051834862375
8052.0,377.1508778982461
8053.0,369.374572310262
8054.0,-904.3847332777293
8055.0,-912.1610388657134
8056.0,-2185.919344453705
8057.0,-1244.2086500416963
8058.0,-1884.97695562968
8059.0,-1259.7612612176717
8060.0,-1900.5295668056556
8061.0,-1591.809872393647
8062.0,-2232.5771779816314
8063.0,-1607.3624835696226
8064.0,-1931.6347891576138
8065.0,-1622.915094745598
8066.0,-1314.1954003335895
8067.0,-1638.4677059215735
8068.0,252.72998849043506
8069.0,-388.037317097549
8070.0,2769.1423773144597
8071.0,3077.8620717264753
8072.0,4652.564766138484
8073.0,3695.3014605504927
8074.0,3371.0291549625085
8075.0,3046.756849374517
8076.0,2089.4935437865333
8077.0,1765.2212381985419
8078.0,1124.4539326105578
8079.0,2066.1646270225665
8080.0,2374.8843214345748
8081.0,2367.1080158465907
8082.0,2042.8357102585994
8083.0,2035.0594046706153
8084.0,1394.292099082624
8085.0,753.5237934946399
8086.0,-1153.2265120933514
8087.0,-2110.4898176813426
8088.0,-4966.7271232693265
8089.0,-5923.990428857318
8090.0,-7830.740734445302
8091.0,-7205.526040033294
8092.0,-6896.806345621278
8093.0,-5955.095651209269
8094.0,-5329.88095679726
8095.0,-5970.648262385244
8096.0,-5978.424567973236
8097.0,-7252.18387356122
8098.0,-6943.464179149211
8099.0,-7267.7364847371955
8100.0,-5060.042790325187
8101.0,-4751.3230959131715
8102.0,-3493.1174015011625
8103.0,-3500.893707089154
8104.0,-2559.182012677138
8105.0,-1300.9763182651293
8106.0,-1308.7526238531134
8107.0,582.4450705588952
8108.0,574.6687649709111
8109.0,2149.3714593829195
8110.0,559.1161537949283
8111.0,1500.8268482069443
8112.0,1176.5555426189528
8113.0,2118.2662370309686
8114.0,2743.480931442977
8115.0,2735.704625854993
8116.0,3993.9113202670023
8117.0,2087.1610146790103
8118.0,2712.3757090910262
8119.0,-841.2080225187609
8120.0,-206.72707918635285
8121.0,-3370.1941358539466
8122.0,-1786.2251925215403
8123.0,-2734.222249189134
8124.0,-1783.245305856726
8125.0,-1148.7643625243197
8126.0,-514.2824191919135
8127.0,436.6945241404927
8128.0,-1777.285532527101
8129.0,-826.3085891946929
8130.0,-2723.7926458622865
8131.0,-2089.31170252988
8132.0,-3986.7957591974746
8133.0,-1136.844815865066
8134.0,-1451.84987253266
8135.0,-184.37792920025356
8136.0,-1132.3749858678473
8137.0,768.0889574645607
8138.0,1086.074900796967
8139.0,1404.0608441293732
8140.0,1405.5507874617795
8141.0,1407.0407307941857
8142.0,1092.034674126594
8143.0,144.0376174590001
8144.0,-487.4634392085936
8145.0,-1118.9654958761873
8146.0,-1433.9705525437794
8147.0,-1432.4806092113731
8148.0,467.9833341210332
8149.0,152.97727745343946
8150.0,1103.9542207858458
8151.0,-477.0338358817462
8152.0,473.94310745066
8153.0,-1740.0369492169336
8154.0,-1105.5560058845274
8155.0,-1737.0570625521193
8156.0,-469.5841192197131
8157.0,-468.09417588730685
8158.0,1748.8647674450995
8159.0,1750.3547107775075
8160.0,2701.331654109914
8161.0,1120.34359744232
8162.0,1121.8335407747263
8163.0,1123.3234841071326
8164.0,1124.8134274395406
8165.0,2392.2863707719466
8166.0,2077.2803141043532
8167.0,4610.736257436759
8168.0,4612.226200769167
8169.0,5563.203144101573
8170.0,4298.71008743398
8171.0,5249.687030766386
8172.0,4618.185974098792
8173.0,4303.179917431201
8174.0,3671.6788607636067
8175.0,3040.176804096013
8176.0,2092.1797474284194
8177.0,1144.1826907608274
8178.0,196.1856340932336
8179.0,1780.15357742564
8180.0,2098.1395207580463
8181.0,3365.612464090454
8182.0,3367.1024074228603
8183.0,2419.1053507552665
8184.0,1154.612294087673
8185.0,-426.3757625799208
8186.0,-2323.859819247513
8187.0,-4221.344875915106
8188.0,-3586.8629325827
8189.0,-4218.364989250294
8190.0,-2634.3960459178857
8191.0,-3898.88910258548
8192.0,-2314.9201592530735
8193.0,-1996.935215920667
8194.0,-1995.4452725882607
8195.0,-2310.450329255853
8196.0,-2308.9603859234467
8197.0,-2307.4704425910404
8198.0,-3888.4594992586344
8199.0,-2304.490555926226
8200.0,-2935.9926125938196
8201.0,-86.0416692614134
8202.0,-1034.0387259290071
8203.0,866.4252174033991
8204.0,-81.57183926419282
8205.0,869.4051040682134
8206.0,870.8950474006197
8207.0,872.3849907330259
8208.0,2139.857934065434
8209.0,1191.8608773978403
8210.0,3092.3248207302463
8211.0,1511.3367640626527
8212.0,2145.817707395061
8213.0,-68.16234927253288
8214.0,1515.8065940598733
8215.0,567.8095373922796
8216.0,1202.290480724686
8217.0,-1011.689575942906
8218.0,-693.7036326104998
8219.0,-2591.1876892780933
8220.0,-3222.6897459456873
8221.0,-3537.694802613279
8222.0,-2270.221859280873
8223.0,-1319.2449159484668
8224.0,-368.26797261606043
8225.0,582.7089707163458
8226.0,-365.2880859512461
8227.0,-1629.7811426188398
8228.0,-5126.235549571636
8229.0,-4817.43437117626
8230.0,-5141.623192780887
8231.0,-2933.847014385512
8232.0,-2941.5408359901376
8233.0,-1050.2606575947702
8234.0,-1057.9544791993958
8235.0,833.3256991959786
8236.0,825.631877591353
8237.0,1767.4250559867273
8238.0,2392.7222343821018
8239.0,1752.037412777469
8240.0,1744.3435911728434
8241.0,787.162769568218
8242.0,146.47694796359247
8243.0,771.7751263589669
8244.0,1080.5763047543414
8245.0,1389.3784831497157
8246.0,2647.667661545083
8247.0,3272.9648399404573
8248.0,3581.7670183358323
8249.0,3574.0731967312067
8250.0,4515.86637512658
8251.0,2925.694553521955
8252.0,3234.4957319173222
8253.0,694.8369103126968
8254.0,54.151088708071256
8255.0,-270.0377328965543
8256.0,355.2594454988201
8257.0,1613.5486238941944
8258.0,1289.3588022895617
8259.0,1914.6559806849364
8260.0,1590.4671590803105
8261.0,949.7813374756852
8262.0,-323.89448412894046
8263.0,301.40269426643397
8264.0,293.7088726618084
8265.0,919.0060510571757
8266.0,278.32122945255
8267.0,1536.6104078479243
8268.0,579.4295862432989
8269.0,255.23976463867336
8270.0,-1018.4370569659521
8271.0,-709.634878570585
8272.0,-1666.8157001752106
8273.0,-1041.5185217798362
8274.0,-732.7163433844617
8275.0,-2006.3931649890872
8276.0,-1064.5999865937129
8277.0,-1705.2848081983457
8278.0,-2029.474629802971
8279.0,-2986.6554514075965
8280.0,-2994.349273012222
8281.0,-3635.0340946168476
8282.0,-4275.719916221473
8283.0,-6498.882737826106
8284.0,-7772.5595594307315
8285.0,-9046.236381035358
8286.0,-10319.913202639982
8287.0,-9694.61502424461
8288.0,-8436.325845849235
8289.0,-6861.541667453859
8290.0,-6236.244489058492
8291.0,-6243.938310663118
8292.0,-6251.632132267743
8293.0,-7525.307953872369
8294.0,-7216.506775476994
8295.0,-8173.68759708162
8296.0,-5965.911418686253
8297.0,-5657.109240290879
8298.0,-1233.8640618955042
8299.0,-292.07088350012964
8300.0,2232.2012948952447
8301.0,4123.481473290619
8302.0,6331.257651685986
8303.0,8855.52883008136
8304.0,8214.844008476735
8305.0,11055.61118687211
8306.0,10098.430365267484
8307.0,12939.197543662858
8308.0,10399.538722058225
8309.0,13556.8019004536
8310.0,12599.620078848975
8311.0,15440.38825724435
8312.0,13850.215435639724
8313.0,15741.495614035099
8314.0,13834.827792430473
8315.0,12877.64697082584
8316.0,11603.970149221213
8317.0,9380.807327616589
8318.0,9056.617506011962
8319.0,6833.453684407337
8320.0,6825.759862802712
8321.0,4602.596041198079
8322.0,4278.407219593453
8323.0,2371.739397988828
8324.0,2680.5405763842023
8325.0,140.8817547795768
8326.0,-1132.7950668250487
8327.0,-3355.9588884296813
8328.0,-3680.1477100343072
8329.0,-5586.816531638932
8330.0,-4645.023353243558
8331.0,-5285.708174848184
8332.0,-3077.9319964528095
8333.0,-3718.6168180574423
8334.0,-3409.8156396620675
8335.0,-4050.500461266693
8336.0,-4058.1942828713186
8337.0,-5015.375104475945
8338.0,-5656.0609260805695
8339.0,-4397.771747685196
8340.0,-4721.961569289828
8341.0,-3463.6723908944537
8342.0,-4420.85321249908
8343.0,-2213.077034103705
8344.0,-2853.7618557083306
8345.0,-962.4816773129561
8346.0,-1286.671498917589
8347.0,288.1126794777856
8348.0,-669.06814212684
8349.0,-993.2569637314656
8350.0,-2266.933785336091
8351.0,-1958.1316069407167
8352.0,-1965.8254285453495
8353.0,-1973.519250149975
8354.0,-1348.2220717546006
8355.0,-1672.4118933592263
8356.0,-1363.6097149638517
8357.0,-2004.2945365684773
8358.0,-2961.47535817311
8359.0,-4235.152179777735
8360.0,-4875.838001382361
8361.0,-4883.531822986986
8362.0,-5524.216644591613
8363.0,-6164.901466196238
8364.0,-6489.091287800863
8365.0,-6180.289109405497
8366.0,-4922.000931010121
8367.0,-6512.172752614747
8368.0,-5253.883574219373
8369.0,-5894.569395823998
8370.0,-5585.7672174286245
8371.0,-7492.4350390332565
8372.0,-6867.137860637882
8373.0,-6558.335682242508
8374.0,-4667.055503847134
8375.0,-3725.262325451759
8376.0,-1517.4861470563847
8377.0,690.2900313389823
8378.0,999.0912097343571
8379.0,2573.876388129732
8380.0,983.703566525106
8381.0,1925.4977449204803
8382.0,2234.2989233158546
8383.0,2859.597101711229
8384.0,3168.3982801065968
8385.0,3160.704458501971
8386.0,4735.489636897345
8387.0,4411.299815292719
8388.0,6302.579993688094
8389.0,4712.408172083468
8390.0,6603.688350478837
8391.0,5646.50752887421
8392.0,5322.317707269584
8393.0,4365.136885664959
8394.0,3091.460064060334
8395.0,4033.2532424557076
8396.0,1810.0904208510751
8397.0,4017.865599246449
8398.0,2744.1897776418236
8399.0,2546.4548972742505
8400.0,62.18161289941327
8401.0,2325.344328524575
8402.0,474.0630441497369
8403.0,1471.2427597748992
8404.0,-63.54252459993859
8405.0,-332.34580897477554
8406.0,348.3379066503867
8407.0,79.53562227548991
8408.0,1709.7063379006522
8409.0,1124.4080535258145
8410.0,3387.5697691509768
8411.0,1536.2884847761388
8412.0,3799.4512004013013
8413.0,998.6829160264633
8414.0,1046.3756316516256
8415.0,-1437.8976527232116
8416.0,-440.7169370980496
8417.0,-1975.5032214728874
8418.0,-345.3315058477251
8419.0,-297.6387902225629
8420.0,699.540925402599
8421.0,430.73764102776204
8422.0,-471.05664334707626
8423.0,-1372.850927721914
8424.0,-1008.6632120967515
8425.0,-2226.9524964715893
8426.0,-2812.251780846427
8427.0,-2764.559065221265
8428.0,-3349.8573495961027
8429.0,-2985.6686339709404
8430.0,-4203.958918345778
8431.0,-1624.301202720616
8432.0,-1576.6084870954537
8433.0,1003.0502285297089
8434.0,101.25594415487058
8435.0,1731.4266597799751
8436.0,-752.8456245948632
8437.0,-72.16190896970102
8438.0,-2239.9391933445386
8439.0,-1559.2544777193764
8440.0,-1195.066762094214
8441.0,751.6009535309481
8442.0,1748.78066915611
8443.0,2429.464384781272
8444.0,2793.6531004064345
8445.0,1575.3628160315975
8446.0,1306.5595316567592
8447.0,-544.7217527180785
8448.0,-813.5250370929161
8449.0,-2031.8143214677539
8450.0,-1984.1216058425916
8451.0,-2885.9158902174295
8452.0,-3154.7191745922673
8453.0,-3740.017458967105
8454.0,-3375.829743341943
8455.0,-4277.62402771678
8456.0,-3596.9393120916184
8457.0,-4498.733596466456
8458.0,-4767.536880841293
8459.0,-6302.323165216131
8460.0,-6887.621449590969
8461.0,-7156.424733965807
8462.0,-7425.2270183406445
8463.0,-7377.534302715482
8464.0,-7013.346587090378
8465.0,-6016.166871465216
8466.0,-5968.474155840054
8467.0,-5604.285440214892
8468.0,-6822.575724589729
8469.0,-6141.891008964568
8470.0,-7676.677293339405
8471.0,-6995.9925777142425
8472.0,-6631.80486208908
8473.0,-5318.129146463919
8474.0,-3371.462430838756
8475.0,-1108.299715213594
8476.0,838.3670004115681
8477.0,253.0687160367304
8478.0,1883.2394316618925
8479.0,31.958147287054885
8480.0,1029.137862912217
8481.0,-1138.6394214626207
8482.0,808.0272941625417
8483.0,855.7200097877039
8484.0,2169.395725412866
8485.0,2533.584441038028
8486.0,3214.2681566631904
8487.0,4527.943872288352
8488.0,3309.653587913515
8489.0,4306.833303538678
8490.0,3088.5440191638395
8491.0,4718.714734789001
8492.0,1601.4504504141057
8493.0,2282.134166039268
8494.0,-518.6341183355697
8495.0,162.05059728959247
8496.0,-739.7436870852453
8497.0,890.4270285399169
8498.0,2204.102744165079
8499.0,3517.7784597902414
8500.0,4514.958175415403
8501.0,3929.658891040566
8502.0,3660.856606665728
8503.0,1809.5743222908904
8504.0,3123.2500379160524
8505.0,3487.4387535412147
8506.0,5117.6094691663775
8507.0,5798.294184791539
8508.0,7744.960900416701
8509.0,7159.661616041863
8510.0,7207.354331667026
8511.0,6622.056047292188
8512.0,7619.23576291735
8513.0,6400.945478542512
8514.0,6448.638194167675
8515.0,6179.835909792837
8516.0,6860.519625417999
8517.0,7224.708341043161
8518.0,7588.896056668324
8519.0,8269.580772293486
8520.0,8633.768487918649
8521.0,8364.966203543752
8522.0,7146.675919168914
8523.0,7194.368634794077
8524.0,5343.08735041924
8525.0,5390.780066044402
8526.0,4805.481781669563
8527.0,5169.669497294726
8528.0,4584.371212919888
8529.0,6214.541928545051
8530.0,5312.747644170213
8531.0,6309.927359795375
8532.0,6041.125075420537
8533.0,6721.808791045699
8534.0,5820.014506670862
8535.0,4918.220222296024
8536.0,4332.920937921186
8537.0,3114.6316535463484
8538.0,3795.3153691715106
8539.0,2577.0250847966727
8540.0,4523.691800421835
8541.0,3938.3935160469973
8542.0,5568.565231672159
8543.0,4666.769947297322
8544.0,3764.975662922484
8545.0,2546.686378547646
8546.0,1328.3960941728083
8547.0,743.0978097979705
8548.0,-475.19247457686697
8549.0,-111.0037589517633
8550.0,253.18395667339928
8551.0,-648.6103277014386
8552.0,-1233.9086120762763
8553.0,-2768.694896451114
8554.0,-3353.9931808259516
8555.0,-4888.7784652007895
8556.0,-6423.5647495756275
8557.0,-6059.376033950466
8558.0,-8227.153318325303
8559.0,-7862.96460270014
8560.0,-10030.741887074979
8561.0,-9350.058171449817
8562.0,-10568.347455824654
8563.0,-9887.663740199492
8564.0,-9523.475024574329
8565.0,-9792.278308949168
8566.0,-9111.594593324005
8567.0,-9696.892877698843
8568.0,-8383.21716207368
8569.0,-9918.003446448518
8570.0,-8287.831730823356
8571.0,-6657.661015198193
8572.0,-8030.15215178216
8573.0,-9402.643288366127
8574.0,-10775.134424950094
8575.0,-6877.423840034594
8576.0,-6144.669255119209
8577.0,-3196.4456702037082
8578.0,-3413.1790852883237
8579.0,-781.4505003728227
8580.0,-681.6879154573217
8581.0,1317.0486694580632
8582.0,3948.7762543735644
8583.0,4365.034839289065
8584.0,7629.75442420445
8585.0,6780.0300091199515
8586.0,8145.7745940354525
8587.0,7296.050178950836
8588.0,8028.804763866337
8589.0,7495.575348781838
8590.0,6962.346933697223
8591.0,6745.613518612725
8592.0,4946.402103528226
8593.0,5362.66068844361
8594.0,2613.9622733591114
8595.0,2713.7248582746124
8596.0,2180.495443189997
8597.0,697.7800281054979
8598.0,1114.038613020999
8599.0,-52.18180206361558
8600.0,680.5717828518855
8601.0,-2701.1176322326137
8602.0,-2284.860047317229
8603.0,-4400.566462401728
8604.0,-3034.8218774863435
8605.0,-2935.0592925708424
8606.0,-2202.304707655341
8607.0,-203.56812273995683
8608.0,-2002.7795378244557
8609.0,-4.042952908954703
8610.0,-2436.24636799357
8611.0,-2336.483783078069
8612.0,-3186.208198162568
8613.0,-1503.9666132471832
8614.0,-138.22202833168194
8615.0,911.028556583819
8616.0,1643.782141499204
8617.0,2376.535726414705
8618.0,2159.8033113302054
8619.0,1310.0788962455904
8620.0,776.8494811610913
8621.0,1193.1080660765924
8622.0,343.383650991977
8623.0,126.65023590747819
8624.0,542.9088208229791
8625.0,9.67940573836404
8626.0,425.937990653865
8627.0,1158.6915755693663
8628.0,2207.9421604847507
8629.0,2307.704745400252
8630.0,3040.458330315637
8631.0,2190.7339152311374
8632.0,391.52250014663855
8633.0,-1407.6889149379767
8634.0,-2257.4133300224757
8635.0,-4056.6257451069746
8636.0,-3956.86316019159
8637.0,-4490.091575276089
8638.0,-2174.858990360588
8639.0,-2708.0874054452033
8640.0,-1975.333820529702
8641.0,-3141.554235614201
8642.0,-3358.2876506988164
8643.0,-4524.507065783316
8644.0,-5057.736480867814
8645.0,-5274.468895952429
8646.0,-5807.698311036928
8647.0,-4758.448726121427
8648.0,-5924.6681412060425
8649.0,-4242.427556290541
8650.0,-5092.15197137504
8651.0,-2776.919386459656
8652.0,-3626.6438015441554
8653.0,-2260.899216628654
8654.0,-2161.1366317132693
8655.0,-1428.382046797768
8656.0,-695.6284618823834
8657.0,-1545.3528769668824
8658.0,-179.60729205138136
8659.0,-396.3407071359966
8660.0,1285.9008777795043
8661.0,436.1764626950053
8662.0,1485.42604761039
8663.0,1585.188632525891
8664.0,1368.455217441392
8665.0,1468.2178023567767
8666.0,301.99738727227805
8667.0,2300.733972187779
8668.0,818.0185571031636
8669.0,3133.2511420186647
8670.0,1650.5347269341657
8671.0,4282.2633118495505
8672.0,3116.0428967650514
8673.0,4165.292481680553
8674.0,3632.064066595937
8675.0,3098.834651511438
8676.0,3515.0932364269393
8677.0,2348.8728213423237
8678.0,4031.114406257825
8679.0,2864.893991173326
8680.0,896.3925294684582
8681.0,-43.19831982936762
8682.0,2182.167830872821
8683.0,293.08898157499516
8684.0,2201.9601322771837
8685.0,1578.8642829793575
8686.0,1272.264433681532
8687.0,332.6735843837205
8688.0,-290.42126491410556
8689.0,-1230.0121142119315
8690.0,-2802.593963509743
8691.0,-2476.202812807569
8692.0,-1833.3146621053947
8693.0,-557.4365114032062
8694.0,85.45163929896785
8695.0,-221.14820999885808
8696.0,-211.25205929666947
8697.0,-1467.3389085944955
8698.0,-3356.416757892321
8699.0,-3663.015607190133
8700.0,-4919.102456487959
8701.0,-3959.71930578577
8702.0,-4899.310155083596
8703.0,-2990.440004381422
8704.0,-4246.526853679234
8705.0,-2021.1607029770594
8706.0,-1694.7685522748852
8707.0,847.0925984273033
8708.0,856.9887491294774
8709.0,2132.8678998316514
8710.0,2142.76405053384
8711.0,1519.6682012360143
8712.0,1213.069351938188
8713.0,1222.9655026403766
8714.0,2815.3396533425507
8715.0,3458.227804044739
8716.0,5367.097954746913
8717.0,4744.002105449087
8718.0,6652.872256151276
8719.0,5396.78640685345
8720.0,5406.682557555624
8721.0,5100.082708257813
8722.0,4793.4828589599865
8723.0,4486.884009662161
8724.0,3863.78816036435
8725.0,3873.684311066524
8726.0,3567.0854617686973
8727.0,2943.989612470886
8728.0,2004.3987631730602
8729.0,1064.8079138752344
8730.0,1074.704064577423
8731.0,-497.87778472040293
8732.0,145.00936598178566
8733.0,-1744.0684833160403
8734.0,-1417.6763326138662
8735.0,-1091.2851819116777
8736.0,-1397.8840312095035
8737.0,-438.5008805073295
8738.0,-1694.587729805141
8739.0,-102.21357910296683
8740.0,-1674.7954284007928
8741.0,-1031.9082776986043
8742.0,-3237.4811269964302
8743.0,-2911.089976294256
8744.0,-4167.176825592067
8745.0,-4473.775674889894
8746.0,-3197.896524187705
8747.0,-2871.5053734855305
8748.0,619.8437772166433
8749.0,-636.2430720811681
8750.0,2855.106078621006
8751.0,649.53222932318
8752.0,1608.9153800253684
8753.0,-913.1544692724573
8754.0,-903.2583185702832
8755.0,-1526.3531678680947
8756.0,-1832.9530171659205
8757.0,-873.5698664637465
8758.0,-2129.655715761558
8759.0,728.7014349406161
8760.0,-1793.3684143572098
8761.0,748.4937363449787
8762.0,-1773.576112952847
8763.0,-497.69696225065854
8764.0,-3336.2618115484843
8765.0,-2060.3826608463105
8766.0,-4582.452510144122
8767.0,-4889.052359441947
8768.0,-5195.651208739774
8769.0,-4236.268058037585
8770.0,-3593.380907335411
8771.0,-3899.980756633237
8772.0,-2624.101605931048
8773.0,-2930.7004552288745
8774.0,-2287.8133045267004
8775.0,-3860.3961538245117
8776.0,-2584.5170031223374
8777.0,-3207.611852420149
8778.0,-2248.228701717975
8779.0,-2554.8285510158007
8780.0,-12.966400313612326
8781.0,313.42475038856173
8782.0,1589.3039010907357
8783.0,1599.2000517929243
8784.0,2242.0872024950986
8785.0,1302.4963531972726
8786.0,679.4015038994611
8787.0,56.30665460163516
8788.0,382.6978053038092
8789.0,76.09895600599782
8790.0,-230.5008932918281
8791.0,1045.378257410346
8792.0,738.7784081125345
8793.0,2647.6485588147084
8794.0,2024.553709516897
8795.0,2667.440860219071
8796.0,1411.3540109212454
8797.0,788.2591616234339
8798.0,-151.33168767439201
8799.0,-457.93153697221794
8800.0,-1081.0263862700294
8801.0,194.85276443214468
8802.0,1154.2359151343187
8803.0,2430.1140658365075
8804.0,3073.0022165386813
8805.0,3082.8983672408554
8806.0,3409.290517943044
8807.0,3419.186668645218
8808.0,4062.073819347407
8809.0,3755.4739700495807
8810.0,4398.362120751754
8811.0,3775.2662714539433
8812.0,4101.658422156118
8813.0,3795.0585728582914
8814.0,5070.93772356048
8815.0,6030.320874262654
8816.0,6673.208024964828
8817.0,6683.1041756670165
8818.0,6693.000326369191
8819.0,6069.905477071365
8820.0,4180.827627773554
8821.0,2608.244778475728
8822.0,2301.6459291779015
8823.0,2311.54207988009
8824.0,2637.9332305822645
8825.0,3280.821381284453
8826.0,2024.734531986627
8827.0,1085.1436826888012
8828.0,-487.4381666090103
8829.0,-2693.012015906836
8830.0,-3632.602865204662
8831.0,-4888.689714502473
8832.0,-4878.793563800299
8833.0,-5501.888413098125
8834.0,-5808.4882623959365
8835.0,-5165.6011116937625
8836.0,-6105.1919609915885
8837.0,-5462.3038102894
8838.0,-6401.894659587226
8839.0,-6708.494508885037
8840.0,-7648.085358182863
8841.0,-7954.68520748069
8842.0,-8894.2760567785
8843.0,-7934.892906076328
8844.0,-7608.5007553741525
8845.0,-5699.630604671964
8846.0,-3790.7604539697904
8847.0,-1248.898303267616
8848.0,1292.9628474345727
8849.0,3518.3289981367466
8850.0,5110.703148838921
8851.0,5753.591299541109
8852.0,6712.974450243283
8853.0,5773.383600945457
8854.0,7049.261751647646
8855.0,6426.16690234982
8856.0,6316.12854117443
8857.0,7585.729590704623
8858.0,10754.304640234812
8859.0,11074.418689765003
8860.0,12344.018739295192
8861.0,12031.141788825385
8862.0,9819.289838355573
8863.0,9189.915887885765
8864.0,7294.559937415954
8865.0,8564.160986946143
8866.0,5719.318036476336
8867.0,6672.423086006524
8868.0,4144.0751355367165
8869.0,4147.693185066905
8870.0,2568.8332345970975
8871.0,2255.955284127286
8872.0,2259.5733336574785
8873.0,1630.2003831876673
8874.0,1950.314432717856
8875.0,54.95848224804877
8876.0,-890.9114682217623
8877.0,-2786.26741869157
8878.0,-2782.6493691613814
8879.0,-3095.526319631189
8880.0,-2458.917270101
8881.0,-1505.812220570808
8882.0,-1502.1941710406193
8883.0,-1182.0801215104307
8884.0,-4026.923071980238
8885.0,-4023.3050224500494
8886.0,-4652.678972919857
8887.0,-4649.0609233896685
8888.0,-3379.459873859476
8889.0,-4008.832824329287
8890.0,-840.2587747990947
8891.0,-3052.109725268906
8892.0,-2099.004675738717
8893.0,-3044.873626208525
8894.0,-3357.7515766783363
8895.0,-5253.107527148144
8896.0,-5882.480477617955
8897.0,-6511.854428087763
8898.0,-6824.732378557574
8899.0,-5555.131329027381
8900.0,-5868.008279497193
8901.0,-5231.399229967004
8902.0,-4278.294180436812
8903.0,-3325.189130906623
8904.0,-3321.571081376431
8905.0,-3634.449031846242
8906.0,-4896.81298231605
8907.0,-5526.18693278586
8908.0,-6472.055883255673
8909.0,-8050.91583372548
8910.0,-7730.802784195291
8911.0,-7727.184734665098
8912.0,-5824.59168513491
8913.0,-4871.486635604718
8914.0,-3918.381586074529
8915.0,-2965.2765365443365
8916.0,-3911.145487014148
8917.0,-3907.527437483959
8918.0,-6752.371387953766
8919.0,-6432.257338423578
8920.0,-8011.117288893386
8921.0,-7374.508239363197
8922.0,-7687.386189833004
8923.0,-6734.281140302815
8924.0,-4198.697090772624
8925.0,-4195.079041242435
8926.0,-2925.477991712246
8927.0,-3554.851942182054
8928.0,-2918.241892651865
8929.0,-4180.606843121673
8930.0,-2911.005793591484
8931.0,-3223.8837440612915
8932.0,-2270.7786945311027
8933.0,-1317.6736450009105
8934.0,-681.0645954707215
8935.0,905.0324540594675
8936.0,-357.3324964103408
8937.0,1861.7555531198477
8938.0,282.8956026500405
8939.0,2185.487652180229
8940.0,923.122701710422
8941.0,2509.21875124061
8942.0,1879.8458007708023
8943.0,2516.454850300991
8944.0,3786.05589983118
8945.0,4106.169949361372
8946.0,6641.752998891561
8947.0,4746.397048421753
8948.0,7281.9810979519425
8949.0,5070.1291474821355
8950.0,6656.225197012323
8951.0,3494.886246542512
8952.0,6030.4702960727045
8953.0,4451.609345602893
8954.0,6037.706395133086
8955.0,6674.315444663274
8956.0,7943.916494193467
8957.0,9213.517543723656
8958.0,7951.152593253848
8959.0,8271.266642784036
8960.0,6375.910692314224
8961.0,6379.528741844417
8962.0,6667.262704253424
8963.0,6304.675242859675
8964.0,3726.6187814659256
8965.0,5263.005320072177
8966.0,4267.426858678427
8967.0,5803.814397284677
8968.0,5124.730935890929
8969.0,4762.144474497179
8970.0,3450.0700131033714
8971.0,2137.9955517096223
8972.0,192.9300903158728
8973.0,-486.1523710778765
8974.0,-1165.2358324716258
8975.0,-1527.8222938653753
8976.0,-2206.9057552591244
8977.0,-2885.9882166528737
8978.0,-2615.5836780466234
8979.0,-2661.6751394403727
8980.0,-1125.288600834122
8981.0,-854.8840622278713
8982.0,1314.4934763783795
8983.0,318.91501498463003
8984.0,589.3195535908225
8985.0,-1039.2499078029268
8986.0,-768.8463691966762
8987.0,-498.4418305904255
8988.0,721.4497080158251
8989.0,1308.3492466220757
8990.0,2528.2407852283263
8991.0,2165.653323834577
8992.0,1803.065862440828
8993.0,-141.9995989529216
8994.0,-1454.073060346671
8995.0,-1500.1645217404202
8996.0,-2179.2479831341698
8997.0,-959.3564445279771
8998.0,-1321.9439059217266
8999.0,-418.54836731547584
9000.0,-1414.1268287092253
9001.0,-1776.7132901029745
9002.0,-2772.291751496724
9003.0,-3451.375212890473
9004.0,-4130.457674284222
9005.0,-4809.541135677971
9006.0,-5805.119597071721
9007.0,-5534.715058465471
9008.0,-5580.80651985922
9009.0,-4360.914981252969
9010.0,-4407.006442646776
9011.0,-1921.1329040405262
9012.0,-1017.7373654342755
9013.0,-114.34182682802475
9014.0,-476.9282882217742
9015.0,-1472.5067496155234
9016.0,-569.1112110092729
9017.0,-4096.6556724030215
9018.0,-2876.7641337967716
9019.0,-3872.342595190521
9020.0,-2019.4600565842702
9021.0,-799.5685179780196
9022.0,420.32202062823126
9023.0,1956.7095592344822
9024.0,2227.114097840674
9025.0,3130.5096364469246
9026.0,1501.9391750531754
9027.0,1455.847713659426
9028.0,-489.2177477343232
9029.0,414.1777908719273
9030.0,51.59032947817832
9031.0,-627.4921319155712
9032.0,1225.3904066906794
9033.0,229.81194529692993
9034.0,2082.694483903181
9035.0,-811.8579774905686
9036.0,1357.5205611156825
9037.0,-1537.0319002781255
9038.0,-0.64536167187498
9039.0,-3211.693823065624
9040.0,-1675.3062844593735
9041.0,-2037.8937458531227
9042.0,-2400.481207246872
9043.0,-1497.0856686406214
9044.0,-2809.1591300343707
9045.0,-956.2765914281204
9046.0,-3534.3340528218696
9047.0,-1681.4515142156188
9048.0,-3626.5169756093683
9049.0,-1773.6344370031175
9050.0,-3085.707898396925
9051.0,-916.3303597906743
9052.0,-329.4298211844239
9053.0,1206.9567174218273
9054.0,3692.8312560280774
9055.0,4279.730794634328
9056.0,5183.12633324058
9057.0,4187.547871846829
9058.0,2875.47341045308
9059.0,2196.3909490593305
9060.0,251.32548766558193
9061.0,838.2250262718326
9062.0,475.63856487808243
9063.0,2961.5121034843332
9064.0,1332.9426420905256
9065.0,2552.8331806967763
9066.0,3139.733719303027
9067.0,3093.6422579092778
9068.0,4313.533796515529
9069.0,1735.476335121779
9070.0,3271.8628737280296
9071.0,1075.1888710820554
9072.0,1413.6449970660283
9073.0,-1729.3508769499986
9074.0,824.5762490339744
9075.0,530.0413750179473
9076.0,3400.463501001891
9077.0,4688.407626985864
9078.0,3760.881752969837
9079.0,4099.33887895381
9080.0,2855.317004937783
9081.0,2877.278130921756
9082.0,2266.2482569057292
9083.0,3237.6963828897024
9084.0,3892.6485088736754
9085.0,4231.1056348576485
9086.0,4569.561760841592
9087.0,4275.0278868255655
9088.0,4613.484012809538
9089.0,4635.445138793511
9090.0,4657.4062647774845
9091.0,4362.872390761458
9092.0,4384.833516745431
9093.0,2824.3156427294043
9094.0,1580.294768713377
9095.0,1285.7598946973499
9096.0,358.2340206813228
9097.0,1646.178146665267
9098.0,402.1562726492398
9099.0,740.6123986332132
9100.0,-1452.8954753828139
9101.0,-2380.421349398841
9102.0,-6156.4092234148675
9103.0,-8033.422097430895
9104.0,-9910.434971446923
9105.0,-10837.960845462949
9106.0,-10815.999719478976
9107.0,-11743.525593495031
9108.0,-10455.58146751106
9109.0,-11066.612341527085
9110.0,-10728.155215543113
9111.0,-11339.18508955914
9112.0,-12583.206963575167
9113.0,-13194.236837591194
9114.0,-14438.25871160722
9115.0,-15365.784585623247
9116.0,-15027.327459639275
9117.0,-14055.87933365533
9118.0,-12134.944207671357
9119.0,-11479.992081687384
9120.0,-9875.552955703411
9121.0,-8904.10382971944
9122.0,-6983.168703735465
9123.0,-6644.712577751492
9124.0,-4723.777451767519
9125.0,-3752.3283257835465
9126.0,-2147.8891997995734
9127.0,-1492.9370738156294
9128.0,-521.4889478316563
9129.0,766.4551781523166
9130.0,2687.3903041362896
9131.0,5874.3084301202625
9132.0,6529.260556104236
9133.0,9716.178682088208
9134.0,8155.661808072182
9135.0,9443.605934056155
9136.0,6933.601060040128
9137.0,6955.562186024072
9138.0,6344.532312008045
9139.0,7315.980437992019
9140.0,8920.419563975991
9141.0,8942.380689959964
9142.0,10546.820815943936
9143.0,8986.30294192791
9144.0,9324.760067911882
9145.0,6181.764193895856
9146.0,6203.725319879829
9147.0,5592.695445863773
9148.0,4665.169571847746
9149.0,5636.617697831719
9150.0,5342.082823815692
9151.0,7263.017949799665
9152.0,5702.501075783638
9153.0,6673.949201767611
9154.0,6695.910327751584
9155.0,7034.366453735557
9156.0,7056.32757971953
9157.0,5179.314705703474
9158.0,6150.762831687447
9159.0,3007.7679576714204
9160.0,4295.711083655394
9161.0,2735.1942096393664
9162.0,4339.63333562334
9163.0,5627.577461607312
9164.0,6282.529587591285
9165.0,7886.969713575259
9166.0,5060.469839559231
9167.0,5398.925965543175
9168.0,3521.9130915271485
9169.0,2594.3872175111214
9170.0,1350.3653434950947
9171.0,422.8394694790677
9172.0,2343.774595463041
9173.0,466.76172144701377
9174.0,2387.696847430987
9175.0,1143.6759734149598
9176.0,3064.6110993989328
9177.0,1820.5892253828767
9178.0,1842.5503513668498
9179.0,1548.015477350823
9180.0,-645.4923966652041
9181.0,-623.531270681231
9182.0,-2184.049144697258
9183.0,53.38198128671502
9184.0,-557.6478927293119
9185.0,1046.7912332546612
9186.0,435.7613592386341
9187.0,-175.26951477742193
9188.0,-1419.290388793449
9189.0,-2030.3212628094757
9190.0,-2957.8471368255027
9191.0,-3252.38201084153
9192.0,-3230.4208848575568
9193.0,-2891.9637588735836
9194.0,-3502.9936328896106
9195.0,-4747.015506905637
9196.0,-3775.567380921665
9197.0,-5336.084254937691
9198.0,-3731.645128953748
9199.0,-5292.162002969774
9200.0,-4320.713876985802
9201.0,-6514.222751001828
9202.0,-7125.252625017855
9203.0,-8052.7794990338825
9204.0,-8347.31337304991
9205.0,-5793.387247065936
9206.0,-4505.443121081963
9207.0,-2435.3239187132262
9208.0,-3098.73841964336
9209.0,-2179.6749205735523
9210.0,-3159.5854215036857
9211.0,-3506.5049224338777
9212.0,-4486.415423364012
9213.0,-5149.829924294204
9214.0,-3281.279425224337
9215.0,-3944.694926154529
9216.0,-1126.656427084663
9217.0,-1790.0719280148548
9218.0,1977.4525710550115
9219.0,364.5510701248194
9220.0,3499.084569194686
9221.0,1886.182068264552
9222.0,3121.74156733436
9223.0,1508.840066404226
9224.0,2427.903565474034
9225.0,3346.967064543901
9226.0,3316.543563613709
9227.0,4235.607062683574
9228.0,3572.1925617533825
9229.0,4807.751060823249
9230.0,3511.345559893057
9231.0,5379.896058962923
9232.0,4083.489558032731
9233.0,5002.553057102597
9234.0,3073.1555561724062
9235.0,3992.2190552422717
9236.0,1429.8295543120803
9237.0,1399.4060533819465
9238.0,-213.49544754824558
9239.0,1338.5590515216209
9240.0,991.6405505914286
9241.0,1594.2080496612948
9242.0,1247.2885487311032
9243.0,267.3780478009694
9244.0,-1978.5144531292226
9245.0,-4224.407954059356
9246.0,-4571.32745498949
9247.0,-5234.741955919682
9248.0,-3682.6874568498156
9249.0,-3396.614957780008
9250.0,-1528.0644587101415
9251.0,-1874.9839596403335
9252.0,-955.9204605704672
9253.0,-2568.821961500659
9254.0,-2282.749462430793
9255.0,-2629.668963360985
9256.0,-1710.6054642911186
9257.0,-791.5419652213105
9258.0,-505.4694661514443
9259.0,-219.39796708163612
9260.0,699.6655319882302
9261.0,985.7380310580379
9262.0,1588.3065301279044
9263.0,2190.874029197713
9264.0,2793.441528267579
9265.0,2763.018027337387
9266.0,1783.1075264072529
9267.0,1119.693025477061
9268.0,-1126.2004754530726
9269.0,-523.6329763832646
9270.0,-1503.5434773133984
9271.0,365.007021756468
9272.0,18.088520826275726
9273.0,1570.143019896142
9274.0,906.7285189659501
9275.0,-389.6779819641836
9276.0,-1369.5884828943754
9277.0,-2982.489983824509
9278.0,-3329.409484754701
9279.0,-3992.823985684835
9280.0,-2440.769486615027
9281.0,-1205.2099875451606
9282.0,-919.1384884753525
9283.0,-633.0659894054863
9284.0,-30.49849033567807
9285.0,-60.92199126581181
9286.0,225.15050780399588
9287.0,-438.26399312613785
9288.0,797.2955059436704
9289.0,-815.6069949864634
9290.0,103.4565040833445
9291.0,-559.9579968467892
9292.0,1625.0885022230186
9293.0,1278.1690012928857
9294.0,2513.728500362693
9295.0,3432.7919994325594
9296.0,1819.8894985024262
9297.0,3055.4489975722336
9298.0,176.56449664210004
9299.0,779.1319957119081
9300.0,-2099.7525052182255
9301.0,-547.6980061484173
9302.0,-894.6165070785514
9303.0,-608.545008008743
9304.0,-638.9685089388768
9305.0,-352.8960098690691
9306.0,1515.6544892007978
9307.0,-1363.2300117293946
9308.0,-127.67051265952841
9309.0,-2135.053586667468
9310.0,-1184.361785489642
9311.0,-5614.096984311814
9312.0,-4663.405183133986
9313.0,-6561.174381956158
9314.0,-5293.986580778331
9315.0,-4976.285779600503
9316.0,-4658.585978422674
9317.0,-3391.3981772448483
9318.0,-4972.671376067021
9319.0,-4021.9795748891925
9320.0,-6552.740773711364
9321.0,-5602.0489725335365
9322.0,-7499.818171355709
9323.0,-5916.1343701778815
9324.0,-5914.929569000055
9325.0,-5597.229767822227
9326.0,-4013.545966644399
9327.0,-3062.8541654665714
9328.0,-1162.6753642887434
9329.0,-844.9745631109155
9330.0,105.71723806691239
9331.0,423.4170392447404
9332.0,-524.8651595774336
9333.0,-840.1553583996057
9334.0,-1155.4465572217778
9335.0,111.74124395605008
9336.0,-203.549954866122
9337.0,430.645846311706
9338.0,431.8506474895339
9339.0,-516.4315513326401
9340.0,-198.7307501548122
9341.0,-1463.5089489769844
9342.0,-196.3211477991564
9343.0,-2094.0903466213285
9344.0,-826.9025454435006
9345.0,-2091.6807442656727
9346.0,-1773.9799430878466
9347.0,-1456.2801419100188
9348.0,127.40365926780919
9349.0,1711.086460445637
9350.0,2028.787261623465
9351.0,2662.983062801293
9352.0,2347.692863979121
9353.0,2348.8976651569487
9354.0,1084.1194663347746
9355.0,2351.3072675126027
9356.0,2036.0160686904305
9357.0,5202.177869868258
9358.0,5519.877671046086
9359.0,8369.544472223914
9360.0,8687.244273401742
9361.0,10270.928074579568
9362.0,9955.636875757396
9363.0,9323.850676935224
9364.0,9008.559478113051
9365.0,8060.27727929088
9366.0,8061.482080468708
9367.0,6163.712881646536
9368.0,6164.9176828243635
9369.0,5849.6264840021895
9370.0,5850.831285180017
9371.0,5219.045086357845
9372.0,4903.753887535673
9373.0,4904.958688713501
9374.0,4589.667489891329
9375.0,2058.907291069157
9376.0,794.1290922469832
9377.0,-2369.623106575189
9378.0,-3317.9053053973607
9379.0,-4582.683504219533
9380.0,-4897.973703041705
9381.0,-4896.7689018638775
9382.0,-3946.077100686049
9383.0,-4261.368299508224
9384.0,-5209.650498330396
9385.0,-6157.932697152567
9386.0,-6473.223895974739
9387.0,-7738.001094796911
9388.0,-7736.796293619083
9389.0,-8052.087492441256
9390.0,-6468.404691263428
9391.0,-6783.694890085601
9392.0,-6149.4990889077735
9393.0,-5515.303287729946
9394.0,-4881.106486552118
9395.0,-3930.41468537429
9396.0,-3929.209884196462
9397.0,-3611.5090830186346
9398.0,-3610.3042818408085
9399.0,-2026.6214806629805
9400.0,-2341.9126794851527
9401.0,191.25812169267533
9402.0,508.95792287050335
9403.0,4308.111724048331
9404.0,4309.316525226159
9405.0,6209.495326403985
9406.0,5577.708127581813
9407.0,7477.887928759641
9408.0,7162.59672993747
9409.0,6214.314531115297
9410.0,6848.5103322931245
9411.0,6533.219133470952
9412.0,7800.406934648781
9413.0,5586.141735826606
9414.0,8119.3125370044345
9415.0,7487.526338182262
9416.0,9704.20013936009
9417.0,7806.430940537919
9418.0,8124.131741715746
9419.0,6542.857542893574
9420.0,5594.5753440714
9421.0,4962.789145249228
9422.0,3698.0109464270563
9423.0,5281.694747604884
9424.0,4966.403548782711
9425.0,5600.599349960539
9426.0,5285.309151138367
9427.0,5286.513952316195
9428.0,4971.222753494021
9429.0,4655.931554671849
9430.0,4657.136355849677
9431.0,3075.8631570275056
9432.0,3077.0679582053335
9433.0,2128.785759383161
9434.0,1180.5035605609887
9435.0,1498.2033617388151
9436.0,1182.9131629166427
9437.0,3399.5879640944704
9438.0,1501.8177652722989
9439.0,1819.5185664501264
9440.0,554.7403676279546
9441.0,239.45016880578237
9442.0,-708.8320300163915
9443.0,-1340.6192288385637
9444.0,-706.4224276607357
9445.0,-1338.2096264829079
9446.0,-1020.5088253050799
9447.0,-1335.800024127252
9448.0,-1334.5952229494242
9449.0,-1016.8944217715962
9450.0,-1015.6896205937701
9451.0,-697.9888194159422
9452.0,-1646.2710182381143
9453.0,-1645.0662170602864
9454.0,-2593.3484158824585
9455.0,-3225.1356147046304
9456.0,-3223.9308135268025
9457.0,-2273.2390123489768
9458.0,-373.0602111711487
9459.0,-55.35940999332081
9460.0,578.8363911845072
9461.0,580.0411923623351
9462.0,-368.2410064598371
9463.0,-1000.0272052820092
9464.0,-2581.300404104183
9465.0,-2580.0956029263552
9466.0,-2895.3868017485274
9467.0,-2894.1820005706995
9468.0,-3209.4731993928713
9469.0,-4157.755398215044
9470.0,-3207.0635970372155
9471.0,-4471.841795859387
9472.0,-3204.6539946815615
9473.0,-5102.423193503734
9474.0,-4151.731392325906
9475.0,-4783.517591148078
9476.0,-6364.79178997025
9477.0,-6047.090988792422
9478.0,-7628.364187614594
9479.0,-6044.681386436768
9480.0,-6676.46758525894
9481.0,-4459.793784081112
9482.0,-3192.6059829032843
9483.0,-1608.9221817254565
9484.0,-1291.2223805476287
9485.0,-1923.0085793698008
9486.0,293.6662218080271
9487.0,-971.1119770141468
9488.0,1245.562824163681
9489.0,1246.7676253415088
9490.0,-961.5519191353642
9491.0,657.3704343644349
9492.0,1643.301787864234
9493.0,3895.2161413640915
9494.0,2665.6784948638906
9495.0,5234.08784836369
9496.0,2738.5672018634887
9497.0,5623.472555363345
9498.0,3760.942908863144
9499.0,7595.3352623629435
9500.0,6365.796615862742
9501.0,9250.7019693626
9502.0,8021.1633228624
9503.0,9640.086676362198
9504.0,9676.531029861997
9505.0,8763.488383361855
9506.0,7533.949736861654
9507.0,6304.411090361453
9508.0,5707.864443861252
9509.0,3528.8387973611098
9510.0,3248.788150860908
9511.0,2652.240504360707
9512.0,3321.676857860506
9513.0,2092.138211360363
9514.0,2445.077564860162
9515.0,1532.034918359961
9516.0,1884.9752718597601
9517.0,-294.05037464038196
9518.0,-574.1010211405837
9519.0,-3386.118667640784
9520.0,-3982.665314140985
9521.0,-6161.690960641128
9522.0,-5492.254607141329
9523.0,-5772.30625364153
9524.0,-4153.383900141731
9525.0,-3483.9475466418735
9526.0,-2814.5121931420745
9527.0,-3411.0588396422754
9528.0,-4324.1014861424765
9529.0,-3654.6661326426192
9530.0,-5200.69977914282
9531.0,-3898.2734256430213
9532.0,-5127.811072143222
9533.0,-2559.401718643365
9534.0,-4105.435365143566
9535.0,-2486.5130116437667
9536.0,-3083.0596581439677
9537.0,-2730.1203046441105
9538.0,-3010.1709511443114
9539.0,-3290.2225976445125
9540.0,-4203.2652441447135
9541.0,-4483.316890644856
9542.0,-5396.359537145057
9543.0,-5992.906183645258
9544.0,-5956.461830145459
9545.0,-5920.017476645602
9546.0,-4934.086123145803
9547.0,-6163.624769646003
9548.0,-5810.684416146205
9549.0,-7356.719062646347
9550.0,-7003.778709146549
9551.0,-8549.81235564675
9552.0,-8513.368002146952
9553.0,-8793.419648647094
9554.0,-8440.479295147295
9555.0,-7454.5479416474955
9556.0,-6785.112588147696
9557.0,-5482.685234647839
9558.0,-4180.25788114804
9559.0,-3510.822527648241
9560.0,-2208.3951741483834
9561.0,-3437.9338206485845
9562.0,-2452.0024671487854
9563.0,-3365.0451136489864
9564.0,-3328.600760149129
9565.0,-1709.67840664933
9566.0,-723.747053149531
9567.0,2794.1503003502676
9568.0,2830.594653850125
9569.0,3816.526007349924
9570.0,3852.970360849723
9571.0,3889.414714349522
9572.0,2343.381067849379
9573.0,1430.3384213491781
9574.0,1783.277774848978
9575.0,1503.2271283487762
9576.0,1223.1754818486343
9577.0,1576.1158353484325
9578.0,1929.0551888482323
9579.0,3231.4825423480306
9580.0,2951.4308958478878
9581.0,4570.354249347687
9582.0,3973.806602847486
9583.0,3693.755956347285
9584.0,2464.217309847142
9585.0,918.1836633469416
9586.0,-627.8509831532594
9587.0,-1224.3976296534604
9588.0,-238.4662761536033
9589.0,-835.013922653804
9590.0,783.9094308459948
9591.0,820.3537843457939
9592.0,1806.2851378456517
9593.0,893.2424913454502
9594.0,-19.800155154750883
9595.0,-616.3478016549516
9596.0,-1529.3904481550944
9597.0,-543.4590946552953
9598.0,-507.01474115549627
9599.0,1744.8996123443026
9600.0,2097.8399658441604
9601.0,3083.7713193439586
9602.0,3120.2156728437576
9603.0,2523.6690263435567
9604.0,3193.104379843414
9605.0,1963.5657333432132
9606.0,2949.4970868430128
9607.0,1403.4634403428113
9608.0,3022.385793842669
9609.0,2742.3351473424673
9610.0,3411.7705008422663
9611.0,2815.2238543420654
9612.0,3801.1552078419227
9613.0,5420.077561341722
9614.0,3557.5479148415207
9615.0,4543.47926834132
9616.0,2351.5057740246307
9617.0,2937.15429359368
9618.0,41.34881316267092
9619.0,-322.48966726827996
9620.0,896.148852300711
9621.0,848.8053718697602
9622.0,3966.4188914387514
9623.0,4235.5714110077415
9624.0,7036.688930576791
9625.0,5723.362450145782
9626.0,6625.505969714831
9627.0,5945.171489283822
9628.0,3998.8540088528125
9629.0,5850.484528421862
9630.0,4537.1580479908525
9631.0,7021.780567559903
9632.0,5708.454087128893
9633.0,8509.571606697884
9634.0,9411.715126266932
9635.0,9680.867645835924
9636.0,9633.524165404973
9637.0,8003.702684973963
9638.0,8589.350204542954
9639.0,6010.040724112004
9640.0,6279.193243680995
9641.0,4649.371763250044
9642.0,5235.019282819035
9643.0,2972.2058023880845
9644.0,3241.3583219570746
9645.0,1928.0318415260658
9646.0,931.2013610951149
9647.0,250.8668806641058
9648.0,-429.4685997668448
9649.0,-3008.777080197854
9650.0,-4322.103560628862
9651.0,-6584.9170410598135
9652.0,-8531.234521490824
9653.0,-9211.569001921773
9654.0,-9258.912482352782
9655.0,-8040.272962783792
9656.0,-9353.599443214742
9657.0,-9084.446923645752
9658.0,-11030.765404076703
9659.0,-11394.603884507713
9660.0,-13657.417364938663
9661.0,-14021.256845369671
9662.0,-14068.60032580068
9663.0,-14115.943806231631
9664.0,-12897.30428666264
9665.0,-12944.647767093591
9666.0,-11409.513247524601
9667.0,-10823.86472795561
9668.0,-10238.21720838656
9669.0,-9652.56868881757
9670.0,-10649.399169248522
9671.0,-10063.751649679529
9672.0,-11377.07813011054
9673.0,-10474.93461054149
9674.0,-11155.269090972499
9675.0,-8037.65557140345
9676.0,-5869.529051834459
9677.0,-3701.40353226541
9678.0,-1849.7730126964188
9679.0,-1580.620493127428
9680.0,904.0020264416207
9681.0,-1675.307453989388
9682.0,809.3150655796608
9683.0,-820.5074148513481
9684.0,1664.1151047176427
9685.0,34.29262428669199
9686.0,1569.4281438556827
9687.0,2471.571663424732
9688.0,3373.715182993723
9689.0,5858.336702562714
9690.0,6127.489222131762
9691.0,8295.615741700754
9692.0,6032.802261269802
9693.0,7567.936780838794
9694.0,4988.628300407843
9695.0,4308.293819976834
9696.0,4577.445339545826
9697.0,5479.588859114874
9698.0,7647.715378683864
9699.0,6650.884898252914
9700.0,8502.515417821905
9701.0,6239.701937390895
9702.0,6825.3504569599445
9703.0,4246.040976528937
9704.0,5148.184496097985
9705.0,5100.841015666976
9706.0,3471.019535235968
9707.0,4689.659054805015
9708.0,2426.845574374007
9709.0,4911.467093943056
9710.0,2015.6626135120468
9711.0,3550.7981330810962
9712.0,2553.966652650087
9713.0,1873.6321722190778
9714.0,1193.297691788127
9715.0,-1702.506788642882
9716.0,-800.3632690738332
9717.0,3122.719087703733
9718.0,5298.3246409594685
9719.0,4941.965194215145
9720.0,6484.57874747088
9721.0,6761.210300726558
9722.0,6721.345853982235
9723.0,7947.46340723797
9724.0,5375.633960493648
9725.0,6285.256513749383
9726.0,4029.9220670050604
9727.0,3357.066620260796
9728.0,1734.7231735164733
9729.0,2644.3457267722088
9730.0,3870.4642800278857
9731.0,4147.095833283622
9732.0,6006.205386539298
9733.0,5016.853939794976
9734.0,5609.980493050712
9735.0,3038.1510463063883
9736.0,2048.799599562124
9737.0,426.4561528178011
9738.0,-1195.8862939264634
9739.0,-1235.7507406707862
9740.0,-2541.5981874150507
9741.0,-2264.9666341593734
9742.0,-3570.8140809036386
9743.0,-3927.1745276479605
9744.0,-4916.525974392283
9745.0,-5905.877421136548
9746.0,-6578.732867880871
9747.0,-8834.067314625136
9748.0,-8873.931761369458
9749.0,-12078.753208113723
9750.0,-12435.112654858045
9751.0,-12158.48210160231
9752.0,-12831.337548346633
9753.0,-11605.218995090898
9754.0,-11645.08344183522
9755.0,-9469.478888579542
9756.0,-10775.325335323807
9757.0,-9865.70278206813
9758.0,-11488.046228812394
9759.0,-10261.927675556717
9760.0,-9985.296122300982
9761.0,-8442.682569045306
9762.0,-6267.0770157895695
9763.0,-5357.454462533892
9764.0,-2548.857909278157
9765.0,-1639.23535602248
9766.0,852.8661972331972
9767.0,813.0017504889327
9768.0,2988.60730374461
9769.0,2315.750857000345
9770.0,2592.3824102560225
9771.0,3185.508963511758
9772.0,3778.636516767435
9773.0,5637.74607002317
9774.0,6230.872623278848
9775.0,8406.478176534525
9776.0,9632.59672979026
9777.0,10542.219283045937
9778.0,10185.858836301673
9779.0,9829.49838955735
9780.0,8523.651942813085
9781.0,6901.308496068763
9782.0,5278.966049324498
9783.0,4289.614602580175
9784.0,4566.245155835911
9785.0,4209.885709091588
9786.0,4803.012262347265
9787.0,4763.147815603001
9788.0,4406.787368858678
9789.0,3733.9319221144133
9790.0,2111.589475370091
9791.0,1122.2370286258265
9792.0,-500.10541811849646
9793.0,-223.47386486276105
9794.0,-1845.8173116070839
9795.0,-1885.6817583513484
9796.0,-2558.537205095671
9797.0,-1648.914651839994
9798.0,-1055.7880985842585
9799.0,-779.1565453285813
9800.0,-1135.5169920728458
9801.0,-1175.3814388171686
9802.0,-898.7498855614332
9803.0,-2204.597332305756
9804.0,-1294.9747790500205
9805.0,-1334.8392257943433
9806.0,-108.72067253860791
9807.0,484.4058807170695
9808.0,1077.5334339727465
9809.0,1987.1559872284824
9810.0,2263.787540484159
9811.0,2223.9230937398943
9812.0,1234.5716469955719
9813.0,245.21920025130748
9814.0,-427.6362464930155
9815.0,-1100.49169323728
9816.0,-823.8611399816027
9817.0,-863.7255867258673
9818.0,678.8889665298097
9819.0,955.5205197854871
9820.0,1232.1510730412224
9821.0,242.79962629689953
9822.0,-1379.5428204473649
9823.0,-2368.8942671916875
9824.0,-3991.2377139359523
9825.0,-4664.093160680275
9826.0,-4070.9666074245397
9827.0,-3794.3350541688624
9828.0,-2568.2165009131268
9829.0,-1658.5939476574497
9830.0,-432.47639440177227
9831.0,1426.6341588539626
9832.0,1703.2647121096406
9833.0,1979.8962653653753
9834.0,1623.5358186210533
9835.0,1900.167371876788
9836.0,-355.16707486753467
9837.0,-78.53552161179914
9838.0,-1067.886968356122
9839.0,474.7265848995553
9840.0,1700.8451381552904
9841.0,3243.4586914109677
9842.0,4153.081244666703
9843.0,3796.7217979223806
9844.0,3440.361351178116
9845.0,1185.0269044337938
9846.0,828.6674576895284
9847.0,-1426.6669890547942
9848.0,748.9385642009411
9849.0,-1189.9008825433812
9850.0,-596.7733292877042
9851.0,-1586.1247760319688
9852.0,-676.5022227762915
9853.0,-83.37566952055613
9854.0,-1705.718116264879
9855.0,-479.59956300914337
9856.0,-2101.943009753466
9857.0,-559.3284564977307
9858.0,-109.49572888200055
9859.0,499.3936780850545
9860.0,-474.1949149478613
9861.0,-498.29650798080627
9862.0,110.59389898627785
9863.0,-1495.986694046667
9864.0,-254.10528707958292
9865.0,-2177.180880112528
9866.0,-935.2994731454728
9867.0,-3174.8710661783884
9868.0,-2882.4766592113338
9869.0,-4172.56125224425
9870.0,-4196.662845277195
9871.0,-2954.7814383101104
9872.0,-4561.362031343056
9873.0,-1737.002624375971
9874.0,-2710.591217408916
9875.0,-1152.2138104418318
9876.0,-3708.2814034747767
9877.0,-3732.3829965076925
9878.0,-4705.971589540638
9879.0,-5996.056182573553
9880.0,-5703.661775606498
9881.0,-6044.259368639414
9882.0,-3852.890961672359
9883.0,-4193.4885547052745
9884.0,-2635.11114773822
9885.0,-2026.2217407711648
9886.0,-2366.818333804081
9887.0,-2707.415926837026
9888.0,-4630.491519869942
9889.0,-3705.1061129028863
9890.0,-5944.677705935802
9891.0,-5652.283298968748
9892.0,-5676.3848920016635
9893.0,-4434.504485034608
9894.0,-2559.631078067524
9895.0,-1317.750671100469
9896.0,873.6177358666152
9897.0,533.0201428336704
9898.0,3040.884549800755
9899.0,3649.77395676781
9900.0,3942.1683637348933
9901.0,3601.570770701949
9902.0,2944.4781776690334
9903.0,3869.8635846360876
9904.0,3845.7619916031426
9905.0,5404.138398570227
9906.0,8228.498805537281
9907.0,11052.858212504367
9908.0,12611.234619471421
9909.0,13220.125026438505
9910.0,12879.527433405561
9911.0,11905.938840372644
9912.0,10932.3502473397
9913.0,10275.256654306784
9914.0,9934.660061273838
9915.0,10543.549468240923
9916.0,10519.447875207978
9917.0,10495.346282175062
9918.0,9521.757689142118
9919.0,8231.673096109202
9920.0,7891.076503076256
9921.0,5967.999910043341
9922.0,4677.916317010396
9923.0,4020.8227239774506
9924.0,2414.2431309445356
9925.0,2390.1415379115906
9926.0,467.06594487867415
9927.0,1075.9553518457292
9928.0,-214.12924118718638
9929.0,78.26516577986854
9930.0,-1211.8194272530473
9931.0,-1552.416020285992
9932.0,-2526.004613318908
9933.0,-4132.585206351852
9934.0,-4156.686799384768
9935.0,-6396.258392417713
9936.0,-4837.880985450629
9937.0,-5811.469578483575
9938.0,-3620.1011715164905
9939.0,-4277.194764549435
9940.0,-1769.330357582351
9941.0,-2426.4239506152962
9942.0,-3716.507543648241
9943.0,-5006.592136681156
9944.0,-7879.154729714101
9945.0,-7586.761322747017
9946.0,-10459.323915779963
9947.0,-7951.459508812878
9948.0,-6920.5754351791475
9949.0,-5889.691361545416
9950.0,-4858.807287911684
9951.0,-2667.4398809446
9952.0,-2691.541473977545
9953.0,-2715.643067010461
9954.0,-2106.7526600434057
9955.0,-4029.8282530763217
9956.0,-1838.4608461092666
9957.0,-3445.0404391421825
9958.0,-937.1770321751274
9959.0,-1910.7656252080433
9960.0,-35.89321824098806
9961.0,256.50118872609573
9962.0,2447.8695956931506
9963.0,3689.751002660206
9964.0,3982.14440962729
9965.0,5224.025816594345
9966.0,4566.933223561429
9967.0,5175.822630528484
9968.0,2936.251037495568
9969.0,4178.132444462623
9970.0,4470.526851429708
9971.0,5395.912258396764
9972.0,6637.793665363846
9973.0,7563.179072330902
9974.0,7855.572479297985
9975.0,5932.496886265042
9976.0,4009.421293232125
9977.0,2402.84170019918
9978.0,1745.748107166265
9979.0,1088.6555141333201
9980.0,1064.5539211004043
9981.0,1989.9393280674585
9982.0,1016.3507350345144
9983.0,992.2491420015986
9984.0,-297.835451031347
9985.0,-1271.4240440642627
9986.0,-2561.5086370972076
9987.0,-3535.0972301301235
9988.0,-4192.1898231630685
9989.0,-5798.769416195984
9990.0,-5189.880009228929
9991.0,-5530.477602261844
9992.0,-4288.59619529479
9993.0,-4629.193788327706
9994.0,-2437.8253813606507
9995.0,-2145.4309743935664
9996.0,-903.5505674265114
9997.0,-2193.634160459427
9998.0,-2217.735753492372
9999.0,-2558.333346525288
10000.0,-2898.930939558233
10001.0,-2606.536532591178
10002.0,-2630.638125624094
10003.0,-439.269718657039
10004.0,-146.87531168995474
10005.0,2044.4920952771
10006.0,2336.886502244184
10007.0,3578.7679092112394
10008.0,2921.6743161783234
10009.0,2581.0777231453785
10010.0,974.4971301124633
10011.0,-632.0824629204822
10012.0,-972.6800559533981
10013.0,-2579.2596489863427
10014.0,-1970.3702420192587
10015.0,-1361.4808350522035
10016.0,-2018.5734280851195
10017.0,-2359.1710211180643
10018.0,-3260.1306679165837
10019.0,-3285.6155119600853
10020.0,-6476.057356003587
10021.0,-5868.551200047089
10022.0,-8109.506044090561
10023.0,-8134.9908881340625
10024.0,-8476.970732177564
10025.0,-9768.438576221066
10026.0,-8527.940420264538
10027.0,-10768.895264308041
10028.0,-7629.4231083515415
10029.0,-8920.890952395042
10030.0,-6097.9147964385165
10031.0,-9288.356640482018
10032.0,-6781.87548452552
10033.0,-8389.839328569022
10034.0,-6516.350172612493
10035.0,-5592.348016655995
10036.0,-2769.370860699497
10037.0,1319.5882952570014
10038.0,977.6074512134996
10039.0,4750.070607170027
10040.0,2509.115763126526
10041.0,6598.074919083025
10042.0,4673.616075039522
10043.0,8446.079230996049
10044.0,7154.612386952547
10045.0,9661.092542909046
10046.0,9952.103698865545
10047.0,11509.096854822072
10048.0,13699.082010778571
10049.0,13990.09316673507
10050.0,16180.077322691566
10051.0,16471.088478648096
10052.0,16445.603634604595
10053.0,14521.144790561091
10054.0,13546.17294651759
10055.0,11938.210102474117
10056.0,10013.750258430615
10057.0,9671.770414387114
10058.0,9962.780570343612
10059.0,10253.79172630011
10060.0,9278.819882256637
10061.0,8620.344038213136
10062.0,8278.363194169635
10063.0,6037.408350126134
10064.0,5062.43650608266
10065.0,3137.9776620391585
10066.0,2795.996817995657
10067.0,1188.033973952156
10068.0,213.0621299086829
10069.0,-761.9097141348188
10070.0,-787.3945581783205
10071.0,-812.8794022218221
10072.0,-1154.8602462652946
10073.0,-863.8490903087963
10074.0,-1838.8209343522979
10075.0,-2497.2977783957995
10076.0,-3155.773622439301
10077.0,-4130.745466482774
10078.0,-4472.7263105262755
10079.0,-3548.724154569777
10080.0,-3890.7039986132786
10081.0,-3283.197842656751
10082.0,-3308.682686700253
10083.0,-3650.6635307437546
10084.0,-3676.148374787256
10085.0,-4967.615218830729
10086.0,-5309.5960628742305
10087.0,-5968.071906917732
10088.0,-5993.556750961234
10089.0,-7285.0245950047065
10090.0,-6677.518439048208
10091.0,-6703.00328309171
10092.0,-6095.496127135211
10093.0,-5171.493971178713
10094.0,-6462.961815222185
10095.0,-6171.950659265687
10096.0,-7146.923503309188
10097.0,-7805.399347352691
10098.0,-9096.867191396163
10099.0,-8489.360035439666
10100.0,-8514.844879483167
10101.0,-7590.842723526668
10102.0,-6983.336567570141
10103.0,-4793.351411613642
10104.0,-3869.3492556571437
10105.0,-2945.3470997006452
10106.0,-2970.831943744118
10107.0,-1413.8387877876194
10108.0,-1755.8186318311214
10109.0,-1148.312475874623
10110.0,-1173.7973199180956
10111.0,-2148.769163961597
10112.0,-1224.767008005099
10113.0,-300.76485204860046
10114.0,939.7333039078976
10115.0,1547.239459864425
10116.0,3104.2336158209237
10117.0,3395.243771777422
10118.0,3369.7589277339202
10119.0,1761.7960836904476
10120.0,1103.320239646946
10121.0,444.84339560344506
10122.0,-530.1284484400571
10123.0,77.37870751647006
10124.0,684.8848634729684
10125.0,2241.878019429467
10126.0,1583.4021753859652
10127.0,1557.9173313424926
10128.0,1532.432487298991
10129.0,1190.4516432554892
10130.0,1797.9587992119878
10131.0,822.986955168486
10132.0,1430.4931111250135
10133.0,1088.5122670815117
10134.0,3594.9934230380113
10135.0,2936.5165789945086
10136.0,4493.510734951036
10137.0,2885.5468909075344
10138.0,4126.045046864034
10139.0,2518.082202820531
10140.0,1226.6143587770584
10141.0,1517.6255147335569
10142.0,-90.33832930994413
10143.0,1466.6558266465536
10144.0,2299.603188613392
10145.0,5430.414327271239
10146.0,4446.782465929086
10147.0,5995.116604586992
10148.0,4378.492743244839
10149.0,4977.339881902687
10150.0,3993.7080205605344
10151.0,2060.589159218382
10152.0,1393.4522978762293
10153.0,-223.17056346592312
10154.0,59.17957519198262
10155.0,-607.9562861501701
10156.0,307.3858525076773
10157.0,1222.7279911655246
10158.0,1821.5751298233722
10159.0,2736.9172684812193
10160.0,2386.2764071390675
10161.0,1086.1485457969725
10162.0,-530.4743155451799
10163.0,-2463.5931768873324
10164.0,-2497.738038229485
10165.0,-4430.856899571638
10166.0,-1933.0367609137902
10167.0,-1967.1816222558846
10168.0,530.638516401963
10169.0,-452.9933449401897
10170.0,145.85379371765748
10171.0,744.6999323755049
10172.0,394.05907103335267
10173.0,1625.8972096911998
10174.0,958.7613483491054
10175.0,3456.5814870069526
10176.0,2156.4546256648
10177.0,2755.3007643226474
10178.0,2721.155902980495
10179.0,2687.0110416383422
10180.0,4235.34418029619
10181.0,4834.191318954096
10182.0,6699.020457611943
10183.0,6031.884596269791
10184.0,6314.234734927639
10185.0,5330.602873585485
10186.0,3397.4840122433325
10187.0,4312.826150901238
10188.0,4595.177289559086
10189.0,6143.510428216934
10190.0,5792.870566874781
10191.0,6075.220705532629
10192.0,4775.092844190475
10193.0,3791.4609828483226
10194.0,1225.351121506229
10195.0,-1024.263739835924
10196.0,-2324.3916011780766
10197.0,-2358.536462520229
10198.0,-3025.6723238623817
10199.0,-3059.8171852045343
10200.0,-3093.962046546687
10201.0,-3128.1069078887813
10202.0,-2212.764769230934
10203.0,-4145.8836305730865
10204.0,-3547.037491915239
10205.0,-6746.139353257391
10206.0,-6147.2922145995435
10207.0,-9029.898075941637
10208.0,-8114.5559372837915
10209.0,-9098.187798625942
10210.0,-8182.845659968097
10211.0,-8849.982521310249
10212.0,-8567.631382652402
10213.0,-7968.785243994554
10214.0,-8635.921105336649
10215.0,-7404.082966678801
10216.0,-9970.193828020954
10217.0,-9054.851689363106
10218.0,-12886.944550705259
10219.0,-12604.593412047412
10220.0,-14854.208273389564
10221.0,-13938.866134731657
10222.0,-13340.01999607381
10223.0,-10842.198857415962
10224.0,-8977.369718758117
10225.0,-8695.01858010027
10226.0,-8096.172441442422
10227.0,-9712.795302784514
10228.0,-8164.4621641266685
10229.0,-10097.58102546882
10230.0,-6650.272886810973
10231.0,-7317.409748153126
10232.0,-4503.0936094952785
10233.0,-3587.751470837431
10234.0,-456.93933217952554
10235.0,774.8988064783216
10236.0,1373.744945136169
10237.0,2922.0790837940167
10238.0,4153.917222451864
10239.0,5385.754361109712
10240.0,5035.1144997676165
10241.0,6266.951638425464
10242.0,6865.7987770833115
10243.0,8097.635915741159
10244.0,8696.483054399007
10245.0,10877.808193056855
10246.0,11793.150331714703
10247.0,12391.996470372607
10248.0,12357.851609030455
10249.0,11057.723747688302
10250.0,9124.60488634615
10251.0,7507.9820250039975
10252.0,6524.350163661844
10253.0,5857.213302319691
10254.0,6139.564440977598
10255.0,6421.915579635444
10256.0,6387.770718293292
10257.0,5720.633856951139
10258.0,4420.5069956089865
10259.0,1854.3961342668345
10260.0,1187.26027292474
10261.0,3421.024348795638
10262.0,2450.214874602596
10263.0,1479.4064004095535
10264.0,2091.076926216511
10265.0,2386.250452023469
10266.0,2997.920977830426
10267.0,4559.077503637384
10268.0,4854.252029444341
10269.0,5149.426555251299
10270.0,4495.113081058257
10271.0,3840.800606865215
10272.0,2869.992132672172
10273.0,2532.1746584791294
10274.0,2194.3571842861165
10275.0,3122.523710093074
10276.0,3734.193235900032
10277.0,6244.836761706989
10278.0,6540.011287513947
10279.0,8101.1688133209045
10280.0,6813.864339127862
10281.0,6792.54286493482
10282.0,5505.238390741777
10283.0,3584.9429165487354
10284.0,3563.621442355693
10285.0,1959.8209681626504
10286.0,989.0124939696079
10287.0,-614.7869802234345
10288.0,-319.6124544164769
10289.0,-973.9259286095192
10290.0,-1311.7424028025616
10291.0,-2599.046876995604
10292.0,-4519.342351188647
10293.0,-6756.133825381688
10294.0,-9942.412299574731
10295.0,-12495.698773767774
10296.0,-14099.499247960786
10297.0,-14437.31572215383
10298.0,-12876.15919634687
10299.0,-14163.463670539913
10300.0,-12602.306144732956
10301.0,-14206.106618925998
10302.0,-13277.941093119041
10303.0,-14881.740567312083
10304.0,-15219.558041505126
10305.0,-14924.383515698168
10306.0,-15895.191989891211
10307.0,-13384.548464084253
10308.0,-11823.391538277296
10309.0,-10262.234612470338
10310.0,-8701.07768666338
10311.0,-7139.920760856422
10312.0,-5578.763835049464
10313.0,-3384.615309242507
10314.0,-3089.4407834355497
10315.0,-2161.275257628592
10316.0,-916.6137318216344
10317.0,-1254.4312060146767
10318.0,1572.7083197923098
10319.0,918.3958455992674
10320.0,5328.013371406225
10321.0,4040.7098972131826
10322.0,7500.840423020141
10323.0,8112.510948827097
10324.0,9990.163474634055
10325.0,10285.337000441014
10326.0,10264.015526247971
10327.0,10242.694052054929
10328.0,8322.398577861886
10329.0,8934.069103668844
10330.0,8279.755629475801
10331.0,10473.904155282758
10332.0,10452.582681089716
10333.0,11064.252206896674
10334.0,11042.930732703631
10335.0,9122.635258510589
10336.0,7518.835784317547
10337.0,5915.035310124505
10338.0,5260.722835931462
10339.0,4606.41036173842
10340.0,5534.575887545407
10341.0,6146.245413352364
10342.0,5491.932939159322
10343.0,5154.115464966279
10344.0,4499.802990773237
10345.0,3845.4895165801945
10346.0,3507.6730423871522
10347.0,2853.3595681941106
10348.0,2832.038094001068
10349.0,1544.7346198080254
10350.0,-375.5618543850169
10351.0,-1029.8743285780592
10352.0,-1051.1958027711016
10353.0,-439.526276964144
10354.0,488.6392488428137
10355.0,1416.8057746497711
10356.0,2661.466300456729
10357.0,1374.1628262636864
10358.0,86.85835207064383
10359.0,-1833.4371221223983
10360.0,-3120.741596315441
10361.0,-2825.567070508483
10362.0,-3479.8805447014965
10363.0,-2551.715018894539
10364.0,-3206.027493087581
10365.0,-1328.3749672806234
10366.0,-2615.679441473666
10367.0,-2004.0089156667082
10368.0,-2658.3223898597507
10369.0,-2996.138864052793
10370.0,-3333.9563382458355
10371.0,-4304.764812438878
10372.0,-3693.0952866319203
10373.0,-3714.4167608249627
10374.0,-3102.746235018005
10375.0,-2807.5727092110474
10376.0,-1562.9111834040896
10377.0,-1267.736657597132
10378.0,293.4198682098254
10379.0,272.098394016783
10380.0,567.2729198237407
10381.0,1178.9424456306983
10382.0,2107.1079714376565
10383.0,819.8044972446137
10384.0,1431.4740230516009
10385.0,1726.6485488585577
10386.0,2654.8140746655154
10387.0,2633.492600472473
10388.0,2928.6661262794305
10389.0,2590.8496520863882
10390.0,2253.0321778933458
10391.0,1598.7197037003034
10392.0,-321.57677049273843
10393.0,606.589755314219
10394.0,-680.7147188788235
10395.0,563.9468069281343
10396.0,-1039.8536672649082
10397.0,-111.68814145795068
10398.0,-1715.487615650993
10399.0,-1103.8180898440353
10400.0,-2074.6265640370775
10401.0,-2728.93903823012
10402.0,-3066.7565124231623
10403.0,-3088.0779866162047
10404.0,-2159.912460809247
10405.0,-4396.70393500229
10406.0,-13.544229086236555
10407.0,-1274.8215621855697
10408.0,1578.3441047150968
10409.0,317.06577161576365
10410.0,2220.7444385164304
10411.0,1592.4581054170972
10412.0,1597.162772317764
10413.0,-297.1065607815692
10414.0,-1241.8888938809023
10415.0,-1237.1842269802355
10416.0,-3447.949560079569
10417.0,-1860.7668931789021
10418.0,-3122.0442262782353
10419.0,-1218.3655593775684
10420.0,-2796.139892476902
10421.0,-2158.443225576235
10422.0,-3736.217558675568
10423.0,-3415.0168917749015
10424.0,-5309.286224874228
10425.0,-4671.590557973561
10426.0,-5932.868891072893
10427.0,-5928.164224172227
10428.0,-6239.954557271561
10429.0,-5918.754890370893
10430.0,-6547.041223470226
10431.0,-6858.8325565695595
10432.0,-5588.1448896688935
10433.0,-4950.449222768226
10434.0,-3996.2565558675597
10435.0,-3991.551888966893
10436.0,-3986.847222066226
10437.0,-5248.1255551655595
10438.0,-5243.420888264893
10439.0,-5555.212221364226
10440.0,-3651.5335544635586
10441.0,-2380.845887562892
10442.0,-160.67122066222532
10443.0,793.5204462384413
10444.0,1431.216113139108
10445.0,1119.4247800397752
10446.0,807.6344469404416
10447.0,1128.8341138411088
10448.0,2083.0267807417754
10449.0,3670.209447642442
10450.0,4940.897114543109
10451.0,5578.5927814437755
10452.0,6216.288448344442
10453.0,6853.98511524511
10454.0,6225.697782145776
10455.0,7496.385449046444
10456.0,7184.59511594711
10457.0,8771.777782847776
10458.0,8143.491449748442
10459.0,8781.18711664911
10460.0,8469.395783549777
10461.0,7841.109450450444
10462.0,9111.79711735111
10463.0,8800.005784251776
10464.0,10070.693451152443
10465.0,8809.41511805311
10466.0,9447.110784953777
10467.0,7869.337451854444
10468.0,7557.546118755112
10469.0,5979.772785655778
10470.0,5984.477452556444
10471.0,5672.686119457111
10472.0,4727.903786357778
10473.0,5998.591453258445
10474.0,6636.2871201591115
10475.0,6008.000787059778
10476.0,6329.200453960445
10477.0,4434.931120861112
10478.0,4439.635787761778
10479.0,1912.3754546624455
10480.0,1284.0881215631125
10481.0,1288.7927884637793
10482.0,660.5064553644459
10483.0,2247.6901222651127
10484.0,1302.9067891657796
10485.0,3206.586456066446
10486.0,46.33412296711299
10487.0,1000.5257898677796
10488.0,-1843.2305432315534
10489.0,-2471.517876330887
10490.0,-4049.2912094302123
10491.0,-4994.073542529546
10492.0,-5622.360875628879
10493.0,-8466.117208728212
10494.0,-7511.925541827545
10495.0,-9722.690874926879
10496.0,-6869.524208026211
10497.0,-9396.785541125546
10498.0,-6860.114874224878
10499.0,-9070.880207324211
10500.0,-8116.6885404235445
10501.0,-10327.453873522878
10502.0,-9689.758206622211
10503.0,-9685.053539721544
10504.0,-9047.356872820877
10505.0,-7143.6782059202105
10506.0,-5872.9905390195445
10507.0,-3336.320872118877
10508.0,-2382.1292052182107
10509.0,-161.95453831754378
10510.0,792.237128583123
10511.0,2695.9157954837897
10512.0,2384.1254623844566
10513.0,3971.308129285123
10514.0,3659.5167961857906
10515.0,5563.195463086457
10516.0,5884.3961299871235
10517.0,5973.858394088738
10518.0,5653.047322959144
10519.0,6914.713251829558
10520.0,7226.8931806999735
10521.0,7855.56810957038
10522.0,7218.261038440794
10523.0,6897.4489673112075
10524.0,6893.132896181614
10525.0,5622.8348250520285
10526.0,5935.013753922443
10527.0,4348.219682792851
10528.0,4027.407611663264
10529.0,2440.613540533671
10530.0,1803.3054694040848
10531.0,533.0073982744989
10532.0,-420.7956728550939
10533.0,-1691.09474398468
10534.0,-2328.4028151142656
10535.0,-3598.700886243859
10536.0,-3603.0169573734447
10537.0,-3607.3330285030306
10538.0,-3295.154099632624
10539.0,-3615.9651707622097
10540.0,-2354.299241891803
10541.0,-1409.1283130213887
10542.0,-780.4523841509749
10543.0,-468.272455280568
10544.0,-1105.580526410154
10545.0,-793.4005975397399
10546.0,-1747.2036686693332
10547.0,-1118.528739798919
10548.0,143.13818907148834
10549.0,2037.7961179419017
10550.0,4248.950046812317
10551.0,5194.120975682723
10552.0,5189.804904553137
10553.0,4868.992833423552
10554.0,4231.685762293959
10555.0,2644.8906911643717
10556.0,2324.079620034786
10557.0,1370.2765489051926
10558.0,1998.9514777756067
10559.0,1045.1484066460134
10560.0,91.34533551642835
10561.0,-1495.4497356131578
10562.0,-866.7738067427513
10563.0,-2137.072877872337
10564.0,-1824.8929490019232
10565.0,-2145.705020131516
10566.0,-4048.995091261102
10567.0,-5319.294162390688
10568.0,-8172.071233520282
10569.0,-9758.865304649866
10570.0,-11662.15537577946
10571.0,-11349.976446909046
10572.0,-11670.787518038633
10573.0,-10092.625589168225
10574.0,-10413.437660297812
10575.0,-9468.266731427397
10576.0,-10422.06980255699
10577.0,-11059.376873686575
10578.0,-11063.69294481616
10579.0,-10435.018015945756
10580.0,-9806.34208707534
10581.0,-9810.658158204933
10582.0,-6966.51322933452
10583.0,-5704.846300464106
10584.0,-3810.1883715936992
10585.0,-3498.0094427232852
10586.0,-2552.838513852871
10587.0,-1607.6675849824642
10588.0,-1611.98365611205
10589.0,-33.820727241643
10590.0,278.3592016287703
10591.0,2806.0081304991845
10592.0,2801.6920593695913
10593.0,5329.341988240005
10594.0,4692.033917110421
10595.0,6903.187845980827
10596.0,6898.871774851241
10597.0,8477.033703721654
10598.0,8789.213632592062
10599.0,9101.393561462475
10600.0,8780.581490332883
10601.0,7826.778419203296
10602.0,7505.966348073711
10603.0,6552.163276944117
10604.0,9079.813205814531
10605.0,9075.497134684945
10606.0,11603.146063555352
10607.0,10332.847992425766
10608.0,11594.51392129618
10609.0,9374.727850166588
10610.0,8104.429779037002
10611.0,5884.643707907408
10612.0,6196.823636777823
10613.0,5243.020565648236
10614.0,5555.199494518643
10615.0,5550.8834233890575
10616.0,5230.072352259471
10617.0,5225.756281129878
10618.0,3638.9612100002923
10619.0,3318.1491388707063
10620.0,2364.346067741113
10621.0,2043.5349966115273
10622.0,140.24492548193393
10623.0,135.92885435234803
10624.0,-1767.3622167772373
10625.0,-1771.6782879068305
10626.0,-3041.9763590364164
10627.0,-3362.7884301660024
10628.0,-3367.1045012955956
10629.0,-2738.4295724251815
10630.0,-3692.2326435547748
10631.0,-4329.539714684361
10632.0,-6232.829785813947
10633.0,-6870.13685694354
10634.0,-8456.931928073125
10635.0,-9094.238999202713
10636.0,-9731.547070332304
10637.0,-8786.37614146189
10638.0,-8157.700212591477
10639.0,-8478.51228372107
10640.0,-7533.341354850656
10641.0,-9436.63142598025
10642.0,-8174.964497109835
10643.0,-9761.75956823942
10644.0,-9449.579639369014
10645.0,-9770.3917104986
10646.0,-8192.228781628186
10647.0,-7880.049852757778
10648.0,-7567.869923887365
10649.0,-6306.202995016951
10650.0,-5677.528066146544
10651.0,-4415.86113727613
10652.0,-4420.177208405723
10653.0,-4424.493279535309
10654.0,-3795.8183506648948
10655.0,-4116.629421794488
10656.0,-3171.4584929240737
10657.0,-2859.2795640536597
10658.0,-1281.116635183253
10659.0,297.0452936871616
10660.0,925.7212225575677
10661.0,1870.8921514279818
10662.0,1233.5840802983957
10663.0,1862.2600091688028
10664.0,1224.9519380392167
10665.0,1537.1318669096308
10666.0,583.3287957800376
10667.0,1212.0037246504517
10668.0,891.1926535208659
10669.0,-62.6104176087274
10670.0,1199.0555112616867
10671.0,1827.7314401320937
10672.0,3722.389369002509
10673.0,3401.577297872922
10674.0,4030.253226743329
10675.0,3392.945155613743
10676.0,3072.133084484157
10677.0,2751.3220133545638
10678.0,2114.0139422249777
10679.0,4008.672871095392
10680.0,3371.3647999657987
10681.0,5899.014728836213
10682.0,5578.202657706619
10683.0,7472.860586577033
10684.0,7152.048515447448
10685.0,8097.219444317854
10686.0,7143.416373188269
10687.0,5873.118302058683
10688.0,6501.79323092909
10689.0,4282.007159799505
10690.0,5227.178088669918
10691.0,5694.009409711261
10692.0,8186.643138336149
10693.0,5931.840866961096
10694.0,7158.491595585985
10695.0,3637.7063242108734
10696.0,4231.365052835762
10697.0,1660.067781460651
10698.0,1620.735510085598
10699.0,-317.57076128951326
10700.0,-356.90303266462456
10701.0,-79.74030403973575
10702.0,-1068.5595754148471
10703.0,-474.8998467899585
10704.0,-1147.2241181650115
10705.0,-553.5643895401229
10706.0,-1858.8796609152341
10707.0,-315.73393229034536
10708.0,-2254.040203665457
10709.0,-1027.3894750405098
10710.0,-3598.686746415621
10711.0,-2688.5320177907324
10712.0,-3044.360289165844
10713.0,-868.2225605409551
10714.0,-591.0598319160663
10715.0,2218.06989670888
10716.0,2495.2326253337696
10717.0,2772.3963539586575
10718.0,2416.568082583547
10719.0,794.7578112084352
10720.0,438.929539833382
10721.0,83.10126845827108
10722.0,1942.7439970831592
10723.0,2536.402725708048
10724.0,3446.5574543329367
10725.0,3407.2251829578254
10726.0,4633.8759115827725
10727.0,3961.551640207661
10728.0,3922.2193688325497
10729.0,3882.8870974574384
10730.0,3843.554826082327
10731.0,2854.735554707274
10732.0,2498.9082833321627
10733.0,877.0970119570516
10734.0,2103.74774058194
10735.0,1431.4244692068287
10736.0,2341.5791978317175
10737.0,2935.2379264566644
10738.0,3212.401655081553
10739.0,3806.060383706442
10740.0,1867.7541123313304
10741.0,1511.9258409562199
10742.0,206.61156958116635
10743.0,483.77429820605494
10744.0,-505.04497316905645
10745.0,88.61475545583244
10746.0,365.777484080721
10747.0,642.9412127056103
10748.0,603.6089413305572
10749.0,564.2766699554459
10750.0,208.44839858033401
10751.0,485.61212720522326
10752.0,-1452.6941441698887
10753.0,-859.0354155449418
10754.0,-2480.8456869200527
10755.0,-1887.1869582951642
10756.0,-2243.0152296702754
10757.0,-2915.3385010453867
10758.0,-2638.174772420498
10759.0,-3626.994043795551
10760.0,-3033.3353151706624
10761.0,-5921.128586545774
10762.0,-6276.956857920884
10763.0,-8848.254129295998
10764.0,-9204.08240067105
10765.0,-10825.89267204616
10766.0,-11498.216943421272
10767.0,-10588.062214796384
10768.0,-11893.376486171495
10769.0,-10033.734757546605
10770.0,-11655.546028921659
10771.0,-9795.90430029677
10772.0,-11734.210571671882
10773.0,-11140.550843046993
10774.0,-12445.866114422104
10775.0,-13118.190385797157
10776.0,-11891.539657172269
10777.0,-12563.86292854738
10778.0,-9438.238199922493
10779.0,-7842.342804630927
10780.0,-6246.447409339362
10781.0,-4650.552014047797
10782.0,-3054.656618756231
10783.0,-1458.7612234646658
10784.0,137.13417182689864
10785.0,414.2979004517874
10786.0,1007.9566290767343
10787.0,1918.111357701623
10788.0,1878.7790863265118
10789.0,4687.907814951401
10790.0,3382.5935435762894
10791.0,6508.217272201178
10792.0,6152.390000826124
10793.0,8645.022729451013
10794.0,6706.716458075902
10795.0,8249.862186700791
10796.0,7894.034915325679
10797.0,7221.710643950626
10798.0,7182.378372575515
10799.0,6826.551101200404
10800.0,7420.209829825293
10801.0,7064.381558450181
10802.0,7341.5452870750705
10803.0,6352.726015700016
10804.0,4414.419744324905
10805.0,2792.6094729497945
10806.0,1170.798201574683
10807.0,1131.4659301995716
10808.0,-173.84934117548164
10809.0,419.81038744940724
10810.0,1013.4691160742959
10811.0,657.6408446991845
10812.0,1567.7955733240733
10813.0,578.9763019489619
10814.0,2438.619030573909
10815.0,1766.2947591987977
10816.0,2359.9544878236866
10817.0,1371.134216448575
10818.0,1015.3069450734638
10819.0,-922.9993263015895
10820.0,-1911.8185976767008
10821.0,-685.1688690518122
10822.0,-91.5091404269233
10823.0,2084.6285881979657
10824.0,3944.2703168228545
10825.0,4854.425045447801
10826.0,4498.59677407269
10827.0,6235.369620406365
10828.0,7972.1424667400415
10829.0,9708.915313073718
10830.0,7122.8797324215
10831.0,7068.809151769284
10832.0,5432.260571117184
10833.0,4745.197990464967
10834.0,3108.6494098127514
10835.0,2421.5868291605348
10836.0,468.5422485084348
10837.0,-535.0153321437815
10838.0,-1222.076912795998
10839.0,-3175.121493448215
10840.0,-4811.671074100431
10841.0,-6448.219654752531
10842.0,-8717.760235404747
10843.0,-9088.326816056964
10844.0,-11041.37139670918
10845.0,-11728.43297736128
10846.0,-12415.494558013497
10847.0,-12786.061138665713
10848.0,-11890.64471931793
10849.0,-13210.698299970147
10850.0,-11998.785880622247
10851.0,-12685.847461274463
10852.0,-10207.95304192668
10853.0,-11844.501622578895
10854.0,-9683.103203231112
10855.0,-9737.173783883212
10856.0,-7892.270364535429
10857.0,-6680.357945187645
10858.0,-6734.428525839861
10859.0,-4573.029106491961
10860.0,-6209.577687144178
10861.0,-4997.666267796394
10862.0,-6317.7188484486105
10863.0,-3839.8244291008277
10864.0,-3260.9040097529273
10865.0,482.9744095948562
10866.0,2011.3818289426397
10867.0,3223.294248290423
10868.0,5068.197667638323
10869.0,4381.136086986106
10870.0,6226.03950633389
10871.0,3640.002925681674
10872.0,6434.393345029457
10873.0,4481.348764377358
10874.0,6642.748183725141
10875.0,4689.703603072924
10876.0,7167.598022420708
10877.0,8379.510441768492
10878.0,9907.918861116392
10879.0,11752.822280464175
10880.0,12648.238699811958
10881.0,14809.638119159743
10882.0,12223.601538507643
10883.0,13435.513957855426
10884.0,10849.47737720321
10885.0,11428.398796550993
10886.0,8525.867215898776
10887.0,9421.283635246677
10888.0,8101.23005459446
10889.0,9313.142473942244
10890.0,9259.071893290027
10891.0,9837.99231263781
10892.0,9150.93073198571
10893.0,7830.877151333494
10894.0,6827.3195706812785
10895.0,5507.265990029061
10896.0,4187.212409376961
10897.0,3183.654828724745
10898.0,3446.080248072528
10899.0,2442.5226674203122
10900.0,1438.9650867680953
10901.0,118.91150611599528
10902.0,381.3369254637787
10903.0,-938.7166551884376
10904.0,-676.291235840654
10905.0,-1679.848816492754
10906.0,-467.9373971449704
10907.0,-1154.9989777971869
10908.0,-576.0785584494033
10909.0,-1263.1401391016198
10910.0,265.2672802462803
10911.0,-421.7943004059364
10912.0,157.12611894184738
10913.0,-1162.9264617103693
10914.0,-2166.4840423625856
10915.0,-1904.0596230146857
10916.0,-3857.1042036669023
10917.0,-3278.1827843191186
10918.0,-3648.749364971335
10919.0,-1803.845945623435
10920.0,-2490.9075262756514
10921.0,-646.0041069278682
10922.0,-383.5796875800843
10923.0,828.332731767699
10924.0,1090.7581511155995
10925.0,720.1915704633825
10926.0,349.62598981116616
10927.0,-1603.4195908410502
10928.0,-2923.4721714932666
10929.0,-3927.0297521453667
10930.0,-3981.100332797583
10931.0,-1819.7019134497996
10932.0,25.202505897983883
10933.0,1870.1059252458836
10934.0,2132.530344593667
10935.0,1445.4687639414506
10936.0,758.4071832892341
10937.0,-1827.629397362982
10938.0,-1881.699978015082
10939.0,-2568.7615586672982
10940.0,-1040.354139319515
10941.0,-3309.8947199717313
10942.0,-2730.973300623831
10943.0,-4684.017881276048
10944.0,-3472.1064619282643
10945.0,-3842.6720425804806
10946.0,-2947.255623232697
10947.0,-1102.3522038847973
10948.0,-1472.9187845370138
10949.0,-261.00636518922965
10950.0,-1897.5559458414464
10951.0,-1318.634526493663
10952.0,-2322.192107145763
10953.0,-160.79268779797985
10954.0,418.1277315498037
10955.0,680.5531508975873
10956.0,2208.9605702454874
10957.0,1205.4029895932708
10958.0,1784.3234089410544
10959.0,-801.7121717111613
10960.0,93.7042476366214
10961.0,-1542.8443330154782
10962.0,-647.4279136676951
10963.0,-1967.4814943199112
10964.0,-755.569074972128
10965.0,-493.1446556243436
10966.0,-1496.7022362764442
10967.0,-2500.2598169286607
10968.0,-4769.800397580877
10969.0,-6722.844978233094
10970.0,-6179.858278957251
10971.0,-6820.097959458583
10972.0,-8093.329639959915
10973.0,-7151.0913204612325
10974.0,-7791.331000962565
10975.0,-6849.092681463898
10976.0,-7489.333361965215
10977.0,-7180.086042466547
10978.0,-7820.325722967879
10979.0,-6878.087403469198
10980.0,-7518.328083970529
10981.0,-6259.593764471862
10982.0,-6583.338444973179
10983.0,-6590.587125474512
10984.0,-7547.322805975844
10985.0,-7238.075486477162
10986.0,-5662.846166978494
10987.0,-4087.6158474798267
10988.0,-2195.8905279811443
10989.0,-620.6612084824765
10990.0,1587.5601110162056
10991.0,630.8244305148733
10992.0,940.0717500135411
10993.0,-1282.6469304877764
10994.0,292.58238901089135
10995.0,-980.6482914904411
10996.0,1227.5730280082412
10997.0,1536.8193475069088
10998.0,2795.5536670055762
10999.0,3104.8009865042586
11000.0,2464.560306002927
11001.0,2457.311625501595
11002.0,2133.5679450002763
11003.0,3075.806264498944
11004.0,3385.0525839976117
11005.0,4010.795903496294
11006.0,4636.538222994962
11007.0,5895.272542493631
11008.0,5255.031861992312
11009.0,5880.775181490981
11010.0,5240.534500989647
11011.0,6499.268820488331
11012.0,6175.525139986998
11013.0,6801.267459485665
11014.0,6477.522778984348
11015.0,6153.779098483015
11016.0,6146.530417981683
11017.0,6772.272737480365
11018.0,8031.007056979033
11019.0,8973.2453764777
11020.0,10548.474695976383
11021.0,10857.72201547505
11022.0,9900.986334973719
11023.0,9577.2416544724
11024.0,7987.514973971069
11025.0,7030.779293469735
11026.0,5757.547612968419
11027.0,5433.802932467086
11028.0,6376.041251965755
11029.0,5419.305571464436
11030.0,6361.543890963105
11031.0,5088.312210461771
11032.0,6030.551529960454
11033.0,4124.327849459121
11034.0,3167.592168957789
11035.0,1894.3614884564713
11036.0,-1594.3401920448605
11037.0,-1918.0848725461929
11038.0,-5723.281553047511
11039.0,-4781.043233548842
11040.0,-7320.2569140501755
11041.0,-5745.027594551493
11042.0,-7018.259275052825
11043.0,-7025.507955554142
11044.0,-7982.243636055475
11045.0,-7989.492316556807
11046.0,-7363.7489970581255
11047.0,-10535.954677559457
11048.0,-7694.742358060789
11049.0,-10233.956038562108
11050.0,-7076.248719063439
11051.0,-9931.958399564772
11052.0,-6457.75408006609
11053.0,-7097.9947605674215
11054.0,-4573.277441068754
11055.0,-5213.517121570072
11056.0,-4587.774802071404
11057.0,-2063.0584825727365
11058.0,-3019.7941630740543
11059.0,454.41015642461343
11060.0,-185.83052407671858
11061.0,3604.8697954219633
11062.0,2964.629114920631
11063.0,5489.3464344193
11064.0,4532.610753917981
11065.0,5474.84907341665
11066.0,4834.6083929153165
11067.0,4194.368712413999
11068.0,4187.1200319126665
11069.0,2597.393351411334
11070.0,3539.6316709100165
11071.0,3215.886990408684
11072.0,3525.134309907352
11073.0,3834.380629406034
11074.0,4143.627948904702
11075.0,5402.362268403371
11076.0,4445.626587902052
11077.0,4121.88190740072
11078.0,2532.1552268993873
11079.0,942.4275463980698
11080.0,-963.7951341032624
11081.0,-2237.0268146045946
11082.0,-661.7964951059125
11083.0,-985.5411756072447
11084.0,906.184143891423
11085.0,898.9354633901053
11086.0,2790.6607828887727
11087.0,2150.4211023874404
11088.0,3092.659421886123
11089.0,3401.9067413847906
11090.0,3394.6580608834583
11091.0,4020.4003803821406
11092.0,3380.1606998808084
11093.0,4005.903019379476
11094.0,3049.1673388781583
11095.0,4307.901658376826
11096.0,4617.147977875494
11097.0,6508.8742973741755
11098.0,6818.120616872844
11099.0,8393.350936371526
11100.0,8069.606255870194
11101.0,7429.366575368862
11102.0,6472.630894867543
11103.0,4566.4072143662115
11104.0,4559.158533864879
11105.0,3918.9188533635615
11106.0,3595.174172862229
11107.0,3271.430492360897
11108.0,3264.1818118595793
11109.0,1357.9591313582469
11110.0,-231.76854914308524
11111.0,-1821.4952296444028
11112.0,-3411.222910145735
11113.0,-4367.9585906470675
11114.0,-5641.189271148385
11115.0,-5964.933951649717
11116.0,-5339.191632151049
11117.0,-6612.423312652367
11118.0,-6619.671993153699
11119.0,-7576.407673655031
11120.0,-7583.656354156349
11121.0,-8540.392034657682
11122.0,-9180.631715159014
11123.0,-10137.36739566033
11124.0,-10461.112076161664
11125.0,-9835.368756662996
11126.0,-9209.626437164314
11127.0,-7950.892117665647
11128.0,-7325.149798166979
11129.0,-4800.432478668296
11130.0,-5124.177159169629
11131.0,-4498.434839670961
11132.0,-4822.178520172279
11133.0,-3879.940200673611
11134.0,-4203.684881174943
11135.0,-5160.420561676261
11136.0,-4218.182242177593
11137.0,-3592.4399226789255
11138.0,-2017.2096031802432
11139.0,-1074.9712836815756
11140.0,1449.7450358170927
11141.0,3657.9663553157743
11142.0,4916.700674814443
11143.0,5542.442994313111
11144.0,4902.203313811793
11145.0,5211.45063331046
11146.0,4254.7139528091275
11147.0,5829.94427230781
11148.0,5822.695591806478
11149.0,6936.265185385902
11150.0,7576.83797963922
11151.0,10116.385773892524
11152.0,9807.471568145827
11153.0,10764.54036239913
11154.0,10455.627156652434
11155.0,11096.199950905751
11156.0,11103.781745159054
11157.0,11111.363539412358
11158.0,11118.94533366566
11159.0,10810.031127918963
11160.0,10184.62192217228
11161.0,8926.220716425583
11162.0,9566.794510678887
11163.0,8308.39330493219
11164.0,8632.470099185493
11165.0,6108.086893438811
11166.0,5799.172687692113
11167.0,2958.2934819454167
11168.0,2332.88427619872
11169.0,-191.49992954797654
11170.0,132.5778647053403
11171.0,-809.3273410413558
11172.0,-1118.2415467880533
11173.0,-2060.1467525347502
11174.0,-3002.051958281447
11175.0,-3310.9661640281292
11176.0,-5518.853369774826
11177.0,-6144.263575521523
11178.0,-8352.15178126822
11179.0,-8661.064987014917
11180.0,-10868.953192761599
11181.0,-9595.388398508298
11182.0,-9904.302604254994
11183.0,-7997.74681000169
11184.0,-7040.678015748386
11185.0,-6716.6002214950695
11186.0,-7025.514427241766
11187.0,-7650.9236329884625
11188.0,-8592.82883873516
11189.0,-9218.239044481856
11190.0,-9527.15225022854
11191.0,-8886.579455975236
11192.0,-7929.5106617219335
11193.0,-7288.93686746863
11194.0,-6964.860073215326
11195.0,-6957.278278962009
11196.0,-5683.713484708706
11197.0,-5676.131690455403
11198.0,-4086.0718962021
11199.0,-4711.481101948797
11200.0,-3754.4123076954793
11201.0,-5329.308513442176
11202.0,-5638.222719188873
11203.0,-6896.623924935569
11204.0,-6256.050130682267
11205.0,-4982.4863364289495
11206.0,-4341.912542175646
11207.0,-3068.348747922343
11208.0,-1794.7839536690403
11209.0,-2420.1931594157372
11210.0,-3045.6033651624193
11211.0,-4304.003570909116
11212.0,-4612.917776655813
11213.0,-3972.34498240251
11214.0,-3331.771188149207
11215.0,-1425.2153938958895
11216.0,-2050.625599642586
11217.0,805.4181946107165
11218.0,-1085.9740111359802
11219.0,820.5817831173226
11220.0,-1070.8104226293594
11221.0,519.2493716239433
11222.0,526.8311658772463
11223.0,1167.4039601305494
11224.0,2757.464754383853
11225.0,2765.0465486371704
11226.0,5621.089342890473
11227.0,4046.1931371437768
11228.0,7851.72293139708
11229.0,6593.321725650383
11230.0,9449.3645199037
11231.0,7874.468314157004
11232.0,8198.545108410306
11233.0,7889.63190266361
11234.0,7264.221696916913
11235.0,6955.30849117023
11236.0,4747.420285423534
11237.0,7603.463079676836
11238.0,5079.079873930139
11239.0,8251.617668183442
11240.0,6043.730462436746
11241.0,6684.303256690064
11242.0,3526.9280509433665
11243.0,2585.0228451966696
11244.0,-255.8563605500267
11245.0,-2147.248566296724
11246.0,-2772.6587720434063
11247.0,-3398.067977790103
11248.0,-2124.5031835368004
11249.0,-3066.408389283497
11250.0,-526.8615950301942
11251.0,-1152.2708007768765
11252.0,-511.69800652357344
11253.0,-2719.58621227027
11254.0,-1762.517418016967
11255.0,-2704.422623763664
11256.0,-2063.8488295103466
11257.0,-2689.2590352570433
11258.0,-1415.6942410037404
11259.0,-1091.6164467504373
11260.0,-767.5386524971341
11261.0,-1076.4528582438165
11262.0,-435.88006399051346
11263.0,-428.2982697372104
11264.0,528.7705245160932
11265.0,852.8483187693955
11266.0,-89.05688697728601
11267.0,-714.4660927239834
11268.0,-2605.85929847068
11269.0,-1965.2855042173774
11270.0,-2590.695709964074
11271.0,-367.6439157107566
11272.0,-993.0531214574535
11273.0,1229.9986727958494
11274.0,-661.3935329508472
11275.0,-337.3167386975442
11276.0,-2228.7089444442263
11277.0,-2854.118150190923
11278.0,-3796.02335593762
11279.0,-2838.954561684317
11280.0,-1565.390767431014
11281.0,-1557.8089731776963
11282.0,32.25182107560704
11283.0,-276.6623846710904
11284.0,1629.8934095822124
11285.0,371.4932038355155
11286.0,1645.056998088833
11287.0,70.16079234213703
11288.0,710.7335865954401
11289.0,85.3243808487432
11290.0,409.4021751020455
11291.0,733.4789693553639
11292.0,2007.0437636086663
11293.0,3280.6085578619695
11294.0,3921.1813521152726
11295.0,4245.259146368577
11296.0,3936.3449406218933
11297.0,3627.4307348751963
11298.0,2052.5345291284993
11299.0,1427.1253233818024
11300.0,801.7151176351063
11301.0,492.8019118884231
11302.0,-1082.0952938582736
11303.0,-1707.5044996049705
11304.0,-2649.409705351667
11305.0,-1692.3409110983644
11306.0,-2317.7511168450465
11307.0,-1677.1773225917436
11308.0,-3252.0745283384404
11309.0,-4826.970734085137
11310.0,-6401.866939831834
11311.0,-8609.755145578518
11312.0,-9868.156351325213
11313.0,-9227.58355707191
11314.0,-9220.001762818607
11315.0,-8579.427968565305
11316.0,-8888.342174311987
11317.0,-8880.760380058684
11318.0,-9822.66558580538
11319.0,-10764.570791552076
11320.0,-10756.988997298773
11321.0,-10432.911203045456
11322.0,-9792.338408792153
11323.0,-9468.260614538849
11324.0,-8511.191820285549
11325.0,-7554.1230260322445
11326.0,-5014.576231778927
11327.0,-4374.0024375256235
11328.0,-2467.44664327232
11329.0,-2459.864849019017
11330.0,-1186.301054765714
11331.0,-1495.2142605123968
11332.0,-538.1454662590936
11333.0,-530.5636720057905
11334.0,1059.496122247513
11335.0,2966.0519165008154
11336.0,3606.6257107541333
11337.0,5513.1815050074365
11338.0,5837.259299260739
11339.0,7110.823093514042
11340.0,6485.413887767345
11341.0,6492.995682020648
11342.0,5867.586476273966
11343.0,5242.17627052727
11344.0,4300.2710647805725
11345.0,3674.8618590338756
11346.0,5581.417653287179
11347.0,5588.9994475404965
11348.0,8128.5462417938
11349.0,8136.128036047103
11350.0,8460.205830300405
11351.0,7834.796624553708
11352.0,7209.386418807026
11353.0,6267.4812130603295
11354.0,4376.0890073136325
11355.0,5333.1578015669365
11356.0,4391.252595820239
11357.0,6614.304390073556
11358.0,5672.3991843268595
11359.0,7578.954978580163
11360.0,7270.040772833465
11361.0,7910.614567086768
11362.0,6968.709361340087
11363.0,6659.795155593389
11364.0,7300.367949846692
11365.0,4775.9847440999965
11366.0,6682.540538353298
11367.0,5424.139332606617
11368.0,7647.19112685992
11369.0,6388.789921113223
11370.0,7978.850715366525
11371.0,7669.936509619829
11372.0,7361.022303873146
11373.0,7052.10909812645
11374.0,6110.203892379752
11375.0,5801.289686633056
11376.0,3909.8974808863586
11377.0,4233.974275139676
11378.0,3292.069069392979
11379.0,2350.163863646282
11380.0,2357.7456578995852
11381.0,2365.3274521528883
11382.0,1739.918246406206
11383.0,-151.47395934049064
11384.0,-2042.8661650871875
11385.0,-4250.754370833884
11386.0,-6458.642576580582
11387.0,-8983.025782327262
11388.0,-9608.435988073961
11389.0,-9284.358193820657
11390.0,-10226.263399567353
11391.0,-9902.185605314051
11392.0,-10844.090811060734
11393.0,-10836.509016807431
11394.0,-13360.893222554127
11395.0,-12720.320428300824
11396.0,-11452.166884066097
11397.0,-10885.17877686845
11398.0,-13166.651669670919
11399.0,-12916.158562473272
11400.0,-13298.657455275741
11401.0,-12098.677348078094
11402.0,-9949.210240880564
11403.0,-11281.196133683034
11404.0,-8815.233026485386
11405.0,-11096.705919287855
11406.0,-8630.743812090208
11407.0,-11545.207704892679
11408.0,-10028.73159769503
11409.0,-9778.2394904975
11410.0,-8894.755383299853
11411.0,-7694.775276102324
11412.0,-8077.2741689047925
11413.0,-4978.320061707145
11414.0,-5677.313954509615
11415.0,-1628.872847311968
11416.0,-2011.3717401144372
11417.0,454.59136708320955
11418.0,72.09247428074013
11419.0,639.0805814783871
11420.0,1522.5646886759178
11421.0,1140.0667958735646
11422.0,5821.498903071095
11423.0,7274.675210268672
11424.0,8727.85151746625
11425.0,10181.027824663826
11426.0,11634.204131861405
11427.0,13087.380439058981
11428.0,14920.352546256629
11429.0,13271.870653454158
11430.0,15104.841760651805
11431.0,15038.838867849336
11432.0,15605.827975046868
11433.0,15856.320082244514
11434.0,15790.317189442045
11435.0,17306.79329663969
11436.0,15974.807403837221
11437.0,15908.804511034868
11438.0,14576.818618232399
11439.0,13244.833725430046
11440.0,10963.360832627577
11441.0,9947.870939825223
11442.0,7666.398047022754
11443.0,7916.891154220284
11444.0,5951.913261417932
11445.0,6518.902368615463
11446.0,4870.420475813109
11447.0,4804.41758301064
11448.0,2839.4406902082874
11449.0,3089.933797405817
11450.0,808.4609046034643
11451.0,109.4670118009949
11452.0,-906.0228810014744
11453.0,-1605.0177738038274
11454.0,-1671.0206666062968
11455.0,-2370.01455940865
11456.0,-220.54745221111943
11457.0,29.944654986527894
11458.0,913.4297621840583
11459.0,214.43486938170508
11460.0,148.43197657923565
11461.0,-1500.0489162232336
11462.0,-1882.5478090255865
11463.0,-2898.037701828056
11464.0,-2331.049594630409
11465.0,-1447.5654874328784
11466.0,-564.0813802352313
11467.0,-630.0842730377008
11468.0,253.40083415994604
11469.0,-445.5940586425236
11470.0,-511.5969514448766
11471.0,-2160.0778442473456
11472.0,-2859.0727370498153
11473.0,-2925.0756298521683
11474.0,-3940.565522654638
11475.0,-3690.0724154569907
11476.0,-4072.5713082594602
11477.0,-2872.591201061813
11478.0,-3888.0810938642826
11479.0,-2688.1009866666354
11480.0,-3387.095879469105
11481.0,-3453.0987722715745
11482.0,-3835.5966650739274
11483.0,-4218.095557876397
11484.0,-4917.08945067875
11485.0,-4983.092343481219
11486.0,-5998.5822362835725
11487.0,-5115.098129086042
11488.0,-5497.597021888395
11489.0,-4297.616914690864
11490.0,-3097.637807493217
11491.0,-2530.648700295687
11492.0,-2280.156593098156
11493.0,-3928.637485900509
11494.0,-2412.1623787029785
11495.0,-5010.130271505332
11496.0,-3810.150164307801
11497.0,-2772.538304269623
11498.0,-1734.9264442314452
11499.0,-697.3145841932669
11500.0,903.8858744062281
11501.0,2821.5813330057526
11502.0,1574.3197916052477
11503.0,3175.519250204772
11504.0,662.2757088042681
11505.0,1946.9801674037917
11506.0,-566.264373996713
11507.0,1351.431084602812
11508.0,-212.32545679769328
11509.0,439.38700180183105
11510.0,141.6134604013264
11511.0,160.33491900085073
11512.0,495.55137760034586
11513.0,-2017.6921638001297
11514.0,-1049.4837052006346
11515.0,-2929.73624660111
11516.0,-2594.519788001615
11517.0,-5740.754329402091
11518.0,-4139.554870802595
11519.0,-6336.303412203071
11520.0,-6001.085953603575
11521.0,-7248.347495004052
11522.0,-7546.122036404556
11523.0,-5944.921577805031
11524.0,-6242.696119205537
11525.0,-4957.9916606060415
11526.0,-5888.757202006516
11527.0,-5870.035743407021
11528.0,-7117.297284807498
11529.0,-6465.584826208002
11530.0,-5813.871367608477
11531.0,-3579.6799090089826
11532.0,-1978.4804504094582
11533.0,255.71100819003686
11534.0,274.4324667895612
11535.0,-339.8380746109433
11536.0,-1587.0986160114192
11537.0,-1884.8731574119238
11538.0,-3132.1346988123996
11539.0,-2480.421240212904
11540.0,-1828.7087816133799
11541.0,-860.5003230138848
11542.0,-1158.2748644143603
11543.0,-823.0574058148652
11544.0,461.6470527846591
11545.0,480.3685113841543
11546.0,1448.5769699836792
11547.0,517.8114285831739
11548.0,853.0288871826983
11549.0,-394.2326542178066
11550.0,-692.0071956182821
11551.0,-1306.276737018787
11552.0,-654.5642784192626
11553.0,-2.8518198197671154
11554.0,1281.852638779757
11555.0,2883.053097379252
11556.0,4484.252555978776
11557.0,5452.461014578272
11558.0,6420.669473177797
11559.0,6755.8869317772915
11560.0,7091.104390376786
11561.0,7742.81684897631
11562.0,7445.042307575806
11563.0,9046.24276617533
11564.0,10014.451224774826
11565.0,11932.14668337435
11566.0,12267.364141973845
11567.0,13552.06760057337
11568.0,13570.789059172865
11569.0,12956.519517772389
11570.0,12025.753976371885
11571.0,11411.48343497141
11572.0,11113.709893570904
11573.0,11765.422352170428
11574.0,11467.647810769924
11575.0,11802.865269369448
11576.0,10239.108727968944
11577.0,9308.343186568467
11578.0,7744.585645167963
11579.0,5547.837103767487
11580.0,4300.576562366982
11581.0,3053.3150209665064
11582.0,2755.5404795660024
11583.0,242.29693816552617
11584.0,-371.9736032349783
11585.0,-1619.234144635454
11586.0,-2233.504686035959
11587.0,-2214.7832274364346
11588.0,-2829.0527688369393
11589.0,-2810.331310237415
11590.0,-4690.583851637919
11591.0,-5937.845393038396
11592.0,-8451.0889344389
11593.0,-10014.846475839377
11594.0,-10629.116017239881
11595.0,-9977.403558640386
11596.0,-8692.69910004086
11597.0,-8673.977641441365
11598.0,-6756.282182841841
11599.0,-7687.047724242346
11600.0,-5452.856265642822
11601.0,-7333.108807043326
11602.0,-5731.909348443803
11603.0,-6662.674889844307
11604.0,-6327.457431244783
11605.0,-6308.735972645288
11606.0,-5657.0235140457635
11607.0,-3739.3280554462676
11608.0,-4037.1015968467436
11609.0,-2245.228529867316
11610.0,-3864.0347291361113
11611.0,-735.4049284049065
11612.0,-3620.1931276737014
11613.0,-1441.0503269424967
11614.0,-3376.3515262112915
11615.0,-2463.1917254800865
11616.0,-2816.0149247488816
11617.0,-2219.351124017735
11618.0,-1306.19132328653
11619.0,-1659.0135225553254
11620.0,-112.8627218241204
11621.0,-465.6849210929154
11622.0,1080.4658796382892
11623.0,411.1476803694941
11624.0,2273.794481100699
11625.0,2237.467281831904
11626.0,2201.140082563051
11627.0,2481.3078832942556
11628.0,2761.4766840254606
11629.0,3358.1404847566655
11630.0,3321.8132854878704
11631.0,4551.469086219076
11632.0,5464.6288869502805
11633.0,5428.301687681485
11634.0,5708.470488412631
11635.0,3456.673289143837
11636.0,5002.825089875041
11637.0,3067.5228906062466
11638.0,4930.170691337451
11639.0,4893.843492068656
11640.0,6439.994292799862
11641.0,7036.658093531067
11642.0,6683.835894262271
11643.0,7596.9956949934185
11644.0,5028.702495724623
11645.0,6258.358296455828
11646.0,4956.048097187033
11647.0,5236.216897918237
11648.0,3933.9066986494436
11649.0,4530.571499380647
11650.0,3861.2523001118534
11651.0,3824.925100843
11652.0,3155.606901574205
11653.0,4068.766702305409
11654.0,4348.935503036613
11655.0,3679.6163037678198
11656.0,3010.2981044990247
11657.0,1707.9879052302285
11658.0,722.1737059614334
11659.0,-1213.127493307361
11660.0,-2198.941692576215
11661.0,-3184.75589184501
11662.0,-2904.5880911138047
11663.0,-3890.4022903826
11664.0,-4243.224489651395
11665.0,-4279.55168892019
11666.0,-4948.870888188985
11667.0,-5301.69308745778
11668.0,-6920.4992867265755
11669.0,-8222.808485995429
11670.0,-7942.640685264223
11671.0,-9877.941884533018
11672.0,-8964.782083801814
11673.0,-9950.596283070608
11674.0,-8087.949482339403
11675.0,-9390.259681608199
11676.0,-9110.090880876995
11677.0,-10095.905080145847
11678.0,-11714.710279414641
11679.0,-10801.550478683439
11680.0,-12736.851677952232
11681.0,-10874.20487722103
11682.0,-11543.524076489823
11683.0,-9364.381275758618
11684.0,-8767.716475027413
11685.0,-9120.539674296208
11686.0,-7574.388873565062
11687.0,-7610.716072833857
11688.0,-5431.573272102652
11689.0,-7050.378471371447
11690.0,-5187.731670640242
11691.0,-7123.032869909037
11692.0,-5576.882069177832
11693.0,-6246.200268446627
11694.0,-4067.05846771548
11695.0,-1254.9236669842758
11696.0,1240.7141337469293
11697.0,4369.3439344781345
11698.0,5598.99973520934
11699.0,8094.637535940545
11700.0,5842.840336671748
11701.0,8021.9831374029545
11702.0,6086.681938134159
11703.0,7949.328738865306
11704.0,7596.50653959651
11705.0,9459.153340327717
11706.0,9422.826141058922
11707.0,10652.480941790127
11708.0,9983.16274252133
11709.0,10896.322543252536
11710.0,9594.01234398374
11711.0,9241.190144714888
11712.0,7622.383945446092
11713.0,6636.569746177296
11714.0,4701.268546908501
11715.0,2132.9763476397056
11716.0,1147.1621483709114
11717.0,-471.644050897884
11718.0,-507.97125016667906
11719.0,-2759.7684494354735
11720.0,-2163.1036487043275
11721.0,1601.3717622468525
11722.0,1236.41378970265
11723.0,-1977.005182841436
11724.0,-1392.4751553855222
11725.0,-3023.4161279297246
11726.0,-2122.391100473811
11727.0,-2803.8440730180137
11728.0,-2219.3150455621
11729.0,-2584.272018106186
11730.0,-2632.7339906503885
11731.0,-2681.1959631944746
11732.0,-3679.144935738561
11733.0,-3094.6159082827635
11734.0,-4409.06088082685
11735.0,-3508.035853371052
11736.0,-4822.480825915138
11737.0,-3604.959798459224
11738.0,-3653.421771003427
11739.0,-1802.9097435475132
11740.0,-1851.3717160917158
11741.0,-633.8506886358019
11742.0,-998.8086611798881
11743.0,-1996.7576337240907
11744.0,-3311.201606268177
11745.0,-4309.150578812263
11746.0,-4674.108551356465
11747.0,-5355.562523900551
11748.0,-4771.032496444754
11749.0,-4502.998468988841
11750.0,-2968.9824415329267
11751.0,-2384.4534140771293
11752.0,-1799.9233866212153
11753.0,-1531.890359165418
11754.0,-1263.856331709504
11755.0,-2261.8053042535903
11756.0,-2310.267276797793
11757.0,-3308.216249341879
11758.0,-3356.6782218859653
11759.0,-3088.6441944301678
11760.0,-1871.124166974254
11761.0,-653.6031395184566
11762.0,1829.900887937457
11763.0,2414.4299153933707
11764.0,4264.941942849168
11765.0,4216.479970305082
11766.0,5117.50499776088
11767.0,5385.5390252167945
11768.0,5337.077052672708
11769.0,6238.102080128505
11770.0,5873.1441075844195
11771.0,7407.161135040333
11772.0,7042.203162496129
11773.0,8892.715189952043
11774.0,8527.757217407841
11775.0,9745.278244863755
11776.0,10962.79927231967
11777.0,9015.363299775467
11778.0,9916.38832723138
11779.0,8285.447354687294
11780.0,9819.464382143091
11781.0,8505.019409599005
11782.0,9722.540437054802
11783.0,9674.078464510716
11784.0,9942.11149196663
11785.0,9260.658519422428
11786.0,6996.726546878341
11787.0,7264.760574334139
11788.0,3734.8456017900526
11789.0,4952.3666292459675
11790.0,1105.9566567017637
11791.0,3589.4596841576777
11792.0,376.04171161359136
11793.0,2859.544739069389
11794.0,1545.0997665253026
11795.0,1813.1337939811
11796.0,1764.671821437014
11797.0,450.2268488929285
11798.0,1351.251876348725
11799.0,-2178.662096195361
11800.0,-961.1410687395633
11801.0,-3541.5690412836493
11802.0,-2324.0480138277358
11803.0,-4271.483986371938
11804.0,-1787.9809589160245
11805.0,-1519.9469314601106
11806.0,-618.9219040043126
11807.0,-34.39287654839882
11808.0,-82.8548490926014
11809.0,818.1701783633116
11810.0,-1445.7607941807742
11811.0,-2127.214766724977
11812.0,-3441.659739269063
11813.0,-4439.6087118132655
11814.0,-5121.061684357352
11815.0,-5486.019656901438
11816.0,-4901.48962944564
11817.0,-4633.456601989727
11818.0,-4681.918574533813
11819.0,-4730.380547078015
11820.0,-5095.337519622101
11821.0,-5776.791492166304
11822.0,-6774.74046471039
11823.0,-6506.706437254476
11824.0,-8137.646409798679
11825.0,-6920.126382342765
11826.0,-6968.588354886968
11827.0,-5434.571327431054
11828.0,-5483.03329997514
11829.0,-4265.5132725193425
11830.0,-3997.4792450634286
11831.0,-3729.445217607515
11832.0,-3777.9071901517177
11833.0,-3509.8741626958035
11834.0,-2292.3531352400064
11835.0,-2657.3101077840925
11836.0,-806.7980803281789
11837.0,-538.7650528723816
11838.0,995.2519745835325
11839.0,630.2940020393298
11840.0,2797.302029495244
11841.0,2432.3440569511586
11842.0,3966.3610844069553
11843.0,2968.412111862868
11844.0,2603.454139318783
11845.0,1289.00916677458
11846.0,607.5561942304939
11847.0,1508.5812216862923
11848.0,1460.1192491422062
11849.0,2361.144276598119
11850.0,3262.1693040539158
11851.0,2897.2113315098304
11852.0,1582.7673589657443
11853.0,-904.5734500435856
11854.0,-1759.1810970893684
11855.0,-4196.266744135153
11856.0,-4417.883391180703
11857.0,-4639.500038226487
11858.0,-5177.611685272271
11859.0,-4766.2363323178215
11860.0,-4987.852979363605
11861.0,-4259.982626409389
11862.0,-5431.085273455173
11863.0,-4386.7189205007235
11864.0,-4924.831567546507
11865.0,-5779.439214592291
11866.0,-7267.037861637842
11867.0,-7488.654508683625
11868.0,-8343.26215572941
11869.0,-8248.38280277496
11870.0,-8469.999449820743
11871.0,-6476.145096866528
11872.0,-5748.2747439120785
11873.0,-4070.917390957862
11874.0,-4292.533038003646
11875.0,-2931.6716850491966
11876.0,-3469.7833320949803
11877.0,-3691.399979140764
11878.0,-4229.511626186548
11879.0,-5400.615273232099
11880.0,-4039.7529202778824
11881.0,-4261.369567323666
11882.0,-2267.516214369217
11883.0,-2489.1318614150005
11884.0,454.2084915392161
11885.0,-400.3991555063353
11886.0,327.47119744788097
11887.0,-1160.1274495979028
11888.0,-1065.2480966434537
11889.0,-20.881743689237283
11890.0,73.99760926497902
11891.0,1434.8599622194279
11892.0,1846.234315173645
11893.0,3840.0876681278605
11894.0,2985.4800210820767
11895.0,3713.351374036526
11896.0,4124.725726990742
11897.0,4219.605079944959
11898.0,5580.467432899408
11899.0,5675.346785853624
11900.0,7985.69613880784
11901.0,7131.08849176229
11902.0,9441.437844716505
11903.0,8586.830197670723
11904.0,10580.683550625172
11905.0,11625.049903579387
11906.0,12669.416256533605
11907.0,14346.77360948782
11908.0,10960.20096244227
11909.0,12321.062315396486
11910.0,7985.002668350702
11911.0,9345.865021305151
11912.0,6275.787374259367
11913.0,9219.127727213583
11914.0,10579.990080168032
11915.0,11940.851433122249
11916.0,13301.713786076465
11917.0,11814.115139030915
11918.0,10854.008825318542
11919.0,9893.90251160617
11920.0,8933.796197893796
11921.0,6813.2055508480125
11922.0,6908.084903802229
11923.0,6686.468256756445
11924.0,5831.860609710894
11925.0,7192.722962665111
11926.0,5705.124315619327
11927.0,7698.977668573776
11928.0,6527.874021527992
11929.0,7255.7443744822085
11930.0,5768.145727436658
11931.0,5230.034080390874
11932.0,4375.42643334509
11933.0,672.3567862995397
11934.0,1083.732139253756
11935.0,-1036.8585077920275
11936.0,324.0038451624215
11937.0,-2113.082801883362
11938.0,-435.72444892914586
11939.0,-1290.3320959749294
11940.0,-2777.93174302048
11941.0,-3949.0343900662638
11942.0,-5753.129037112048
11943.0,-5974.745684157599
11944.0,-8095.336331203382
11945.0,-8633.447978249165
11946.0,-8855.064625294717
11947.0,-8760.1852723405
11948.0,-8348.809919386284
11949.0,-8253.930566431834
11950.0,-9108.53821347762
11951.0,-9330.154860523402
11952.0,-10501.258507569186
11953.0,-10089.883154614738
11954.0,-11893.977801660521
11955.0,-10216.620448706304
11956.0,-9172.254095751856
11957.0,-7494.895742797638
11958.0,-6767.025389843422
11959.0,-6355.650036888974
11960.0,-4361.796683934757
11961.0,-4899.909330980541
11962.0,-2906.0549780260917
11963.0,-3127.6716250718755
11964.0,-500.82727211765905
11965.0,-1038.93891916321
11966.0,321.9234337910061
11967.0,1682.7857867452221
11968.0,-890.5230054692884
11969.0,-3463.831797683799
11970.0,-6037.14058989831
11971.0,-2129.150788602602
11972.0,-753.1259873066592
11973.0,2521.872813989281
11974.0,2315.4186152849907
11975.0,3374.9474165809315
11976.0,2851.9982178768732
11977.0,4544.518019172583
11978.0,5287.551820468525
11979.0,6663.576621764467
11980.0,7723.1054230604095
11981.0,9732.121224356117
11982.0,10475.15402565206
11983.0,9952.204826948
11984.0,9745.75062824371
11985.0,8273.314429539652
11986.0,7750.364230835592
11987.0,5961.432032131301
11988.0,4805.490833427242
11989.0,4282.541634723184
11990.0,3443.0964360191265
11991.0,2287.155237314835
11992.0,2397.197038610777
11993.0,1557.7518399067194
11994.0,401.8106412024272
11995.0,-121.13855750163111
11996.0,-2226.5667562056888
11997.0,-3699.0029549099804
11998.0,-4538.448153614039
11999.0,-4744.902352318097
12000.0,-4951.356551022155
12001.0,-3258.8357497264465
12002.0,-3148.7939484305048
12003.0,-2405.761147134563
12004.0,-2612.214345838854
12005.0,-2818.6685445429125
12006.0,-2392.1307432469707
12007.0,-3548.071941951029
12008.0,-3438.0301406553203
12009.0,-4277.475339359378
12010.0,-3850.9385380634367
12011.0,-3740.896736767728
12012.0,-2997.8629354717864
12013.0,-1938.3341341758446
12014.0,-878.8053328801352
12015.0,180.72346841580566
12016.0,-342.22573028825263
12017.0,-1814.6629289923108
12018.0,-3603.5951276966016
12019.0,-5709.02332640066
12020.0,-6548.468525104718
12021.0,-8337.400723809009
12022.0,-6644.879922513068
12023.0,-6534.838121217126
12024.0,-4525.822319921417
12025.0,-5048.772518625476
12026.0,-4305.738717329534
12027.0,-4828.688916033592
12028.0,-5668.134114737883
12029.0,-6191.083313441941
12030.0,-7663.520512145999
12031.0,-6287.495710850291
12032.0,-7759.93190955435
12033.0,-6700.403108258408
12034.0,-6590.361306962699
12035.0,-5214.336505666757
12036.0,-4154.807704370815
12037.0,-2778.7839030748737
12038.0,-2668.742101779165
12039.0,-1925.708300483223
12040.0,-2132.1624991872814
12041.0,-1389.1296978915725
12042.0,-1912.0788965956308
12043.0,-852.5500952996891
12044.0,-426.0122940039803
12045.0,1899.4995072919614
12046.0,1693.045308587903
12047.0,2436.0781098838447
12048.0,3495.606911179554
12049.0,2972.657712475496
12050.0,3399.1955137714367
12051.0,2243.254315067146
12052.0,2669.7921163630876
12053.0,2463.3379176590292
12054.0,2573.379718954738
12055.0,3632.9085202506803
12056.0,4692.437321546621
12057.0,5751.966122842563
12058.0,5862.007924138272
12059.0,5339.058725434214
12060.0,4816.108526730156
12061.0,2077.6893280258646
12062.0,2820.7221293218063
12063.0,-234.19206938225216
12064.0,2091.3187319134568
12065.0,935.3785332093984
12066.0,2311.40233450534
12067.0,2104.949135801282
12068.0,2847.981937096991
12069.0,4856.997738392933
12070.0,3701.056539688874
12071.0,4760.586340984582
12072.0,2655.1581422805248
12073.0,-226.07943396296469
12074.0,-3107.317010206454
12075.0,-5988.5545864499445
12076.0,-6564.628583713121
12077.0,-5874.720580976414
12078.0,-3918.82957823959
12079.0,-2595.929575502883
12080.0,-7.046572766059398
12081.0,49.87042997064782
12082.0,739.7784327074714
12083.0,163.70443544417867
12084.0,-1994.8485618189975
12085.0,-2254.4275590822904
12086.0,-4096.484556345466
12087.0,-3090.080553608759
12088.0,-5565.128550871936
12089.0,-3925.7335481352284
12090.0,-3552.3205453984046
12091.0,-2862.4125426616974
12092.0,-2172.504539924874
12093.0,-2432.082537188167
12094.0,-1425.6785344513432
12095.0,-2951.240531714636
12096.0,-2894.323528977812
12097.0,-3786.893526241105
12098.0,-3096.9845235042812
12099.0,-2723.572520767574
12100.0,-1717.1685180307504
12101.0,-77.77251529404293
12102.0,295.6404874427799
12103.0,985.5484901794871
12104.0,1991.9524929163108
12105.0,1732.373495653018
12106.0,3055.2734983898417
12107.0,3428.686501126549
12108.0,5384.577503863373
12109.0,5441.49450660008
12110.0,7713.881509336903
12111.0,8720.285512073611
12112.0,9410.193514810435
12113.0,9783.606517547141
12114.0,9207.531520283965
12115.0,9580.944523020673
12116.0,7738.887525757496
12117.0,7795.804528494204
12118.0,6903.234531231026
12119.0,6960.1515339677335
12120.0,7017.068536704557
12121.0,7390.481539441265
12122.0,8396.885542178088
12123.0,9086.793544914795
12124.0,10093.19754765162
12125.0,9833.618550388326
12126.0,7991.56155312515
12127.0,6149.5045558618585
12128.0,2408.473558598681
12129.0,566.4165613353885
12130.0,-2858.119435927788
12131.0,-1218.7234331910806
12132.0,-1161.806430454257
12133.0,794.0845722824502
12134.0,851.0015750192738
12135.0,591.4225777559809
12136.0,964.8355804928046
12137.0,-1826.708416770488
12138.0,-1136.8004140336643
12139.0,-4561.335411296957
12140.0,-2605.4444085601335
12141.0,-6029.980405823427
12142.0,-5340.072403086602
12143.0,-6865.633400349895
12144.0,-6808.716397613071
12145.0,-5485.816394876365
12146.0,-5745.395392139541
12147.0,-2840.017389402834
12148.0,-4998.57038666601
12149.0,-2093.191383929303
12150.0,-4251.744381192479
12151.0,-4827.819378455772
12152.0,-5720.389375718948
12153.0,-6612.959372982241
12154.0,-3707.5803702454177
12155.0,-4916.646367508711
12156.0,-2011.2683647718868
12157.0,-3220.3343620351793
12158.0,-1264.443359298356
12159.0,-3422.995356561649
12160.0,-3366.078353824825
12161.0,-2992.6663510881176
12162.0,-4834.723348351295
12163.0,-2878.8323456145868
12164.0,-3771.402342877763
12165.0,83.4626598590603
12166.0,-1758.5943374042324
12167.0,2096.2706653325913
12168.0,887.2056680692983
12169.0,2526.600670806122
12170.0,684.5436735428292
12171.0,1374.451676279653
12172.0,1747.86467901636
12173.0,2754.2686817531835
12174.0,5343.151684489891
12175.0,6349.555687226714
12176.0,2742.4653951257787
12177.0,2438.4228615038446
12178.0,5299.337327881938
12179.0,5944.781794260003
12180.0,7539.714260638069
12181.0,7235.671727016163
12182.0,7564.621193394229
12183.0,6311.0916597722935
12184.0,4424.5711261503875
12185.0,2854.5465925284516
12186.0,3499.9910589065166
12187.0,4461.931525284612
12188.0,6373.358991662677
12189.0,6385.812458040742
12190.0,8613.735924418836
12191.0,6410.719390796901
12192.0,6423.172857174966
12193.0,3587.1653235530594
12194.0,3283.122789931125
12195.0,2346.089256309191
12196.0,1725.5517226872853
12197.0,2687.4921890653495
12198.0,1750.4586554434154
12199.0,2395.9031218215096
12200.0,2091.861588199574
12201.0,3686.793054577638
12202.0,2433.263520955734
12203.0,4028.1959873337983
12204.0,2141.675453711863
12205.0,2470.623920089958
12206.0,584.1033864680221
12207.0,1229.5478528460872
12208.0,925.5063192241814
12209.0,1570.9507856022465
12210.0,950.4132519803115
12211.0,962.8667183584057
12212.0,975.3201847364708
12213.0,-1544.1923488854636
12214.0,-2164.7298825073694
12215.0,-4367.746416129305
12216.0,-4355.2929497512105
12217.0,-6241.813483373146
12218.0,-6862.3510169950805
12219.0,-7166.393550616986
12220.0,-7470.4360842389215
12221.0,-7457.982617860856
12222.0,-8711.511151482762
12223.0,-8066.066685104697
12224.0,-9952.587218726632
12225.0,-10573.125752348536
12226.0,-13409.133285970473
12227.0,-14662.662819592408
12228.0,-14333.713353214314
12229.0,-15903.737886836248
12230.0,-13359.319420458183
12231.0,-13346.865954080089
12232.0,-8903.472487702023
12233.0,-10473.498021323958
12234.0,-7296.087554945865
12235.0,-9499.1040885678
12236.0,-7904.171622189735
12237.0,-8524.70915581164
12238.0,-8195.760689433575
12239.0,-7233.820223055511
12240.0,-7537.861756677416
12241.0,-3410.965290299351
12242.0,-3398.511823921286
12243.0,728.3856424568075
12244.0,-525.1428911651274
12245.0,2968.762575212939
12246.0,2348.225041591033
12247.0,3943.156507969097
12248.0,4588.6019743471625
12249.0,6500.029440725257
12250.0,8411.456907103322
12251.0,8423.910373481387
12252.0,9702.346839859481
12253.0,9714.800306237546
12254.0,11309.73177261561
12255.0,10689.194238993707
12256.0,11334.63870537177
12257.0,11347.092171749835
12258.0,10726.554638127931
12259.0,9156.529104505995
12260.0,7586.504570884059
12261.0,6649.471037262154
12262.0,5712.437503640218
12263.0,5408.394970018284
12264.0,5737.344436396377
12265.0,5116.805902774442
12266.0,3863.2773691525363
12267.0,1660.260835530602
12268.0,-542.7556980913332
12269.0,-3378.763231713239
12270.0,-4315.796765335173
12271.0,-6518.813298957109
12272.0,-6189.863832579014
12273.0,-6177.410366200949
12274.0,-4898.974899822884
12275.0,-3620.53843344479
12276.0,-3291.588967066725
12277.0,-2962.64050068866
12278.0,-3583.1780343105656
12279.0,-3570.7245679325006
12280.0,-4507.758101554436
12281.0,-4495.304635176341
12282.0,-4166.355168798276
12283.0,-2571.4237024202116
12284.0,-2242.4742360421174
12285.0,-2230.0207696640523
12286.0,-1901.0713032859871
12287.0,-1255.6268369078925
12288.0,-293.6863705298283
12289.0,351.75809584823674
12290.0,997.2035622263311
12291.0,693.161028604396
12292.0,-876.863505017539
12293.0,-2446.8890386394446
12294.0,-4649.905572261379
12295.0,-4637.452105883314
12296.0,-4308.50263950522
12297.0,-3030.0661731271553
12298.0,-2701.11770674909
12299.0,-1739.1762403709959
12300.0,-3309.2017739929306
12301.0,-4562.731307614866
12302.0,-5499.764841236772
12303.0,-6120.302374858707
12304.0,-5791.352908480641
12305.0,-4196.421442102547
12306.0,-4183.967975724482
12307.0,-3222.027509346417
12308.0,-3209.574042968323
12309.0,-2880.624576590258
12310.0,-2235.180110212193
12311.0,-2539.2226438340986
12312.0,-627.794177456034
12313.0,-1248.3327110779396
12314.0,346.59975530012525
12315.0,-906.929778321809
12316.0,1320.9936880562846
12317.0,700.4551544343494
12318.0,3244.8746208124157
12319.0,3890.31908719051
12320.0,5168.755553568573
12321.0,5814.200019946638
12322.0,5193.6624863247325
12323.0,5206.115952702798
12324.0,3636.0914190808635
12325.0,4914.526885458958
12326.0,3344.5023518370235
12327.0,4306.442818215088
12328.0,4635.392284593181
12329.0,6546.819750971246
12330.0,8141.751217349312
12331.0,7837.7086837274055
12332.0,9116.14515010547
12333.0,7546.120616483537
12334.0,7558.574082861631
12335.0,4130.115279840786
12336.0,3519.4846916156675
12337.0,3225.351103390605
12338.0,2614.7205151654853
12339.0,4536.055926940366
12340.0,3292.435338715246
12341.0,6163.2577504901255
12342.0,3653.6531622650073
12343.0,6207.980574039886
12344.0,3698.375985814768
12345.0,4986.720397589646
12346.0,3110.1078093645283
12347.0,2499.4772211394074
12348.0,2521.8386329142877
12349.0,-304.2609553108314
12350.0,1617.0744564640481
12351.0,-259.5381317610709
12352.0,2294.789280013809
12353.0,-531.3103082113112
12354.0,2023.0161035635692
12355.0,-170.09248466154986
12356.0,168.76492711332958
12357.0,-2340.8396611117896
12358.0,-2318.4782493369094
12359.0,-2612.6118375620295
12360.0,-3856.233425787149
12361.0,-3200.8810140122687
12362.0,-4128.0066022373885
12363.0,-3789.149190462508
12364.0,-5982.257778687628
12365.0,-6276.391366912748
12366.0,-7203.516955137868
12367.0,-7181.155543362987
12368.0,-8741.273131588106
12369.0,-8718.911719813168
12370.0,-8063.559308038288
12371.0,-8041.1978962634075
12372.0,-6436.357484488528
12373.0,-4515.0220727136475
12374.0,-3859.6696609387673
12375.0,-1938.3342491638869
12376.0,-2232.467837389007
12377.0,-1577.1154256141267
12378.0,-3453.728013839246
12379.0,-2481.879602064366
12380.0,-2459.5181902894856
12381.0,-1171.1737785146056
12382.0,-515.8213667397254
12383.0,1405.5140450351546
12384.0,3326.849456810035
12385.0,4298.6988685849155
12386.0,5270.547280359795
12387.0,5292.908692134675
12388.0,5948.2611039095555
12389.0,4388.144515684437
12390.0,4727.000927459318
12391.0,3166.884339234197
12392.0,3822.236751009077
12393.0,2578.615162783957
12394.0,3233.9685745588376
12395.0,2939.833986333718
12396.0,3911.682398108598
12397.0,4883.530809883479
12398.0,4589.397221658359
12399.0,5244.749633433239
12400.0,3684.632045208119
12401.0,2757.5064569830574
12402.0,564.3988687579376
12403.0,-995.7187194671819
12404.0,-973.3573076923017
12405.0,-1583.9868959174214
12406.0,20.85251585745891
12407.0,-1222.7690723676606
12408.0,698.5673394072192
12409.0,-1811.0372488179003
12410.0,-839.1888370430202
12411.0,-2082.8104252681396
12412.0,-2376.9440134932593
12413.0,-2038.0876017183791
12414.0,-2965.213189943499
12415.0,-1360.3727781686189
12416.0,-4186.472366393738
12417.0,-999.154954618858
12418.0,-2559.271542843978
12419.0,-4.944131069097693
12420.0,-2198.0527192942172
12421.0,-1542.7003075193372
12422.0,-1836.8348957444568
12423.0,-3080.4554839695766
12424.0,-2108.6070721946962
12425.0,-3035.732660419816
12426.0,-481.4062486449361
12427.0,-2041.5228368700557
12428.0,-120.18742509517551
12429.0,-730.818013320295
12430.0,-708.4566015454147
12431.0,-369.59918977053485
12432.0,-2246.2117779956543
12433.0,-1274.3633662207742
12434.0,-3467.4719544458358
12435.0,-1862.6315426709555
12436.0,-3106.253130896075
12437.0,-1817.908719121195
12438.0,-1479.0523073463146
12439.0,125.78810442856548
12440.0,2363.6195162034455
12441.0,803.501927978326
12442.0,3357.829339753206
12443.0,1481.2167515280862
12444.0,2453.0651633029665
12445.0,576.4525750778471
12446.0,2181.291986852727
12447.0,3153.1403986276073
12448.0,5074.475810402488
12449.0,6995.811222177368
12450.0,8284.155633952249
12451.0,10151.670385032268
12452.0,8878.369387688444
12453.0,10770.026390344621
12454.0,9496.725393000797
12455.0,9489.407395656974
12456.0,7899.610398313151
12457.0,6942.805400969326
12458.0,7251.983403625503
12459.0,6295.178406281679
12460.0,7870.338408937856
12461.0,7863.020411594032
12462.0,8488.694414250209
12463.0,6582.402416906385
12464.0,6258.58841956256
12465.0,4985.287422218738
12466.0,3395.4914248749137
12467.0,3388.17342753109
12468.0,2431.3684301872663
12469.0,2424.0504328434426
12470.0,517.7584354996188
12471.0,826.935438155796
12472.0,1136.1134408119715
12473.0,1761.7864434681478
12474.0,1754.4684461243241
12475.0,2380.1424487805007
12476.0,2689.319451436677
12477.0,1416.0194540928533
12478.0,775.7094567490303
12479.0,-497.59054059479377
12480.0,128.082462061383
12481.0,120.76446471755935
12482.0,1379.429467373735
12483.0,1372.1114700299113
12484.0,1364.7934726860876
12485.0,91.4924753422647
12486.0,-1498.3045220015592
12487.0,-3088.100519345383
12488.0,-5310.888516689207
12489.0,-5634.70151403303
12490.0,-7224.498511376854
12491.0,-7231.816508720678
12492.0,-8505.1175060645
12493.0,-8828.930503408326
12494.0,-10418.72750075215
12495.0,-12325.019498095973
12496.0,-12965.328495439797
12497.0,-15821.10749278362
12498.0,-14878.938490127442
12499.0,-16785.230487471264
12500.0,-16159.55748481509
12501.0,-18065.849482158912
12502.0,-17123.68047950274
12503.0,-18080.48547684656
12504.0,-19037.290474190384
12505.0,-16829.138471534206
12506.0,-16836.45646887803
12507.0,-13678.818466221855
12508.0,-15585.11046356568
12509.0,-12743.967460909504
12510.0,-14966.754458253326
12511.0,-12442.107455597152
12512.0,-14664.895452940975
12513.0,-10241.273450284798
12514.0,-8033.121447628622
12515.0,-4242.491444972446
12516.0,-2350.835442316269
12517.0,-459.17943966009307
12518.0,1748.972562996083
12519.0,475.67156565226014
12520.0,2683.823568308436
12521.0,2043.5145709646122
12522.0,5201.153573620788
12523.0,5510.330576276965
12524.0,8667.969578933142
12525.0,9293.642581589318
12526.0,10868.803584245494
12527.0,11494.47658690167
12528.0,12753.141589557847
12529.0,13378.814592214025
12530.0,14004.4885948702
12531.0,13997.170597526376
12532.0,13673.356600182553
12533.0,11767.06460283873
12534.0,10810.259605494904
12535.0,9536.95860815108
12536.0,9529.640610807257
12537.0,8256.339613463433
12538.0,7932.526616119625
12539.0,8241.7036187758
12540.0,7284.8986214319775
12541.0,6328.093624088153
12542.0,4421.801626744331
12543.0,3464.996629400506
12544.0,925.7136320566824
12545.0,601.8996347128586
12546.0,-987.8963626309646
12547.0,-45.72735997478867
12548.0,-53.04535731861233
12549.0,572.627645337564
12550.0,-384.17735200625884
12551.0,241.49565064991748
12552.0,-1348.3003466939067
12553.0,-1355.6183440377304
12554.0,-1679.4323413815541
12555.0,-737.2633387253777
12556.0,1470.8886639307984
12557.0,1147.0746665869747
12558.0,2405.739669243151
12559.0,815.9436718993275
12560.0,2074.6076745555038
12561.0,801.3076772116801
12562.0,1110.4846798678564
12563.0,1103.1666825240327
12564.0,779.3536851802091
12565.0,772.0356878363855
12566.0,-1134.256309507438
12567.0,-508.5833068512611
12568.0,-1465.3883041950853
12569.0,-523.2193015389084
12570.0,102.45370111726788
12571.0,-537.8552962265558
12572.0,87.81770642962056
12573.0,-1501.9782909142036
12574.0,-2142.288288258027
12575.0,933.7113400823865
12576.0,1458.953794078393
12577.0,1034.7082480741665
12578.0,1243.454702070173
12579.0,1452.2001560661793
12580.0,1660.9466100621858
12581.0,2502.6840640581922
12582.0,1761.9435180541984
12583.0,1970.688972049972
12584.0,1229.9484260459785
12585.0,489.2078800419848
12586.0,64.96233403799124
12587.0,-992.2742119660023
12588.0,-1100.023757969996
12589.0,-1207.7733039742225
12590.0,-1315.522849978216
12591.0,159.2056040177904
12592.0,-898.0309419862032
12593.0,576.6985120098032
12594.0,-797.0340339941904
12595.0,-271.79257999841684
12596.0,-2278.5161260024106
12597.0,-2702.760672006404
12598.0,-2494.015218010398
12599.0,-3867.7467640143914
12600.0,-3026.0093100186177
12601.0,-3766.750856022611
12602.0,-1026.0394020266049
12603.0,-2399.7709480305984
12604.0,-292.051494034592
12605.0,-716.2960400385857
12606.0,441.93641395718805
12607.0,-615.3001320468056
12608.0,-723.0496780507992
12609.0,118.68777594520725
12610.0,-1255.0437700587865
12611.0,1169.1716839372198
12612.0,-1154.0478620670065
12613.0,2219.6555919289995
12614.0,845.9230459250061
12615.0,3586.6344999210123
12616.0,2212.9029539170187
12617.0,3371.135407913025
12618.0,2630.3948619087987
12619.0,3155.636315904805
12620.0,3680.8787699008117
12621.0,1990.6502238968178
12622.0,4098.3706778928245
12623.0,3674.125131888598
12624.0,5465.350585884604
12625.0,4091.618039880612
12626.0,4933.355493876617
12627.0,3876.1189478726246
12628.0,3135.37740186863
12629.0,1445.1498558644034
12630.0,1020.9043098604097
12631.0,280.16376385641615
12632.0,-144.08178214757663
12633.0,-884.8223281515702
12634.0,-359.58087415556383
12635.0,-1100.3214201597903
12636.0,-575.0799661637839
12637.0,-2265.307512167778
12638.0,-3639.0400581717713
12639.0,-5645.763604175765
12640.0,-6703.000150179992
12641.0,-7127.245696183985
12642.0,-9133.969242187979
12643.0,-7975.7357881919725
12644.0,-7766.989334195966
12645.0,-5975.764880199959
12646.0,-6083.514426204186
12647.0,-4925.2819722081795
12648.0,-3767.0485182121733
12649.0,-3241.8060642161668
12650.0,-3033.0606102201605
12651.0,-3140.810156224154
12652.0,-3565.0547022283804
12653.0,-2723.3172482323744
12654.0,-2514.571794236367
12655.0,-406.8513402403614
12656.0,1700.8691137556452
12657.0,3175.597567751651
12658.0,5283.3180217474255
12659.0,4542.577475743432
12660.0,5384.3149297394375
12661.0,3377.5913837354437
12662.0,4219.328837731451
12663.0,1896.1092917272235
12664.0,3370.837745723231
12665.0,3579.5841997192365
12666.0,4104.825653715243
12667.0,4313.57210771125
12668.0,3889.3265617072557
12669.0,4098.07301570303
12670.0,3357.3324696990367
12671.0,2933.086923695042
12672.0,2508.8413776910493
12673.0,1768.1008316870557
12674.0,77.87328568306111
12675.0,-979.3632603211645
12676.0,-2353.0958063251583
12677.0,-2144.350352329152
12678.0,-1619.1078983331445
12679.0,-777.3704443371389
12680.0,-2467.598990341133
12681.0,-152.40452186994935
12682.0,2162.789946601234
12683.0,4477.984415072418
12684.0,1259.2434247869428
12685.0,2471.442434501584
12686.0,1468.1714442162242
12687.0,1730.883453930865
12688.0,1044.1074636455055
12689.0,357.3324733601462
12690.0,936.5394830746704
12691.0,-1649.2095072106886
12692.0,195.9805025039518
12693.0,-3339.2564877814075
12694.0,-3646.2368780667903
12695.0,-3953.2172683521726
12696.0,-4260.197658637555
12697.0,-4567.178048922938
12698.0,-4874.1584392083205
12699.0,-5560.93442949368
12700.0,-4032.239419779039
12701.0,-3136.5364100643983
12702.0,-3823.312400349874
12703.0,-3560.6003906352335
12704.0,-6146.350380920592
12705.0,-5567.142371205951
12706.0,-8152.892361491311
12707.0,-6940.693351776671
12708.0,-8576.955342062145
12709.0,-7048.261332347506
12710.0,-7735.036322632865
12711.0,-4623.863312918224
12712.0,-4994.143303203584
12713.0,-3465.449293488943
12714.0,-3835.7282837744187
12715.0,-1674.043274059778
12716.0,-2677.3142643451374
12717.0,-1781.6112546304967
12718.0,-2468.386244915856
12719.0,-939.6922352012152
12720.0,-43.988225486691135
12721.0,1484.7057842279492
12722.0,3013.39979394259
12723.0,4542.094803657232
12724.0,6070.788813371872
12725.0,6649.996823086512
12726.0,7229.203832801037
12727.0,6542.428842515677
12728.0,7121.635852230318
12729.0,5485.373861944958
12730.0,5748.084871659599
12731.0,5061.3098813741235
12732.0,6590.003891088763
12733.0,5903.228900803404
12734.0,6798.931910518046
12735.0,6745.147920232686
12736.0,6374.867929947326
12737.0,5055.10193966185
12738.0,3735.3349493764927
12739.0,1466.0809590911322
12740.0,1095.8009688057728
12741.0,725.5219785204135
12742.0,1304.7289882350542
12743.0,1883.9359979495785
12744.0,2463.1440076642193
12745.0,3358.847017378861
12746.0,2988.5670270935007
12747.0,3567.7750368081415
12748.0,3197.495046522783
12749.0,3776.7020562373073
12750.0,4355.910065951946
12751.0,3669.1340756665886
12752.0,4881.333085381228
12753.0,4827.549095095868
12754.0,5723.25210481051
12755.0,6302.459114525034
12756.0,7831.154124239674
12757.0,9359.848133954316
12758.0,8989.569143668956
12759.0,9568.776153383596
12760.0,7616.018163098237
12761.0,6612.747172812762
12762.0,4659.989182527403
12763.0,3973.213192242043
12764.0,3286.4382019566838
12765.0,3549.1502116713236
12766.0,3811.861221385965
12767.0,3125.0862311004894
12768.0,1172.32824081513
12769.0,-1096.9257494702297
12770.0,-4315.666739755588
12771.0,-5318.937730040948
12772.0,-8537.678720326307
12773.0,-7641.975710611783
12774.0,-8961.741700897142
12775.0,-8699.030691182501
12776.0,-9702.301681467861
12777.0,-11338.563671753222
12778.0,-9493.373662038579
12779.0,-12079.123652324055
12780.0,-9917.437642609415
12781.0,-12819.682632894774
12782.0,-10974.492623180133
12783.0,-13124.052987864019
12784.0,-10909.0001042261
12785.0,-12491.895220588178
12786.0,-9327.356336950259
12787.0,-8378.285453312339
12788.0,-5846.737569674418
12789.0,-2682.197686036499
12790.0,-2999.1108023985785
12791.0,-467.56191876065895
12792.0,-1733.9620351227386
12793.0,481.0908485151813
12794.0,-1734.7962678468984
12795.0,1113.2476157910214
12796.0,-786.1435005710591
12797.0,2694.892383066862
12798.0,2377.9792667047823
12799.0,6492.006150342701
12800.0,7441.076033980621
12801.0,9656.128917618542
12802.0,9022.719801256462
12803.0,10604.781684894384
12804.0,9021.885568532301
12805.0,8704.973452170221
12806.0,7755.0683358081415
12807.0,7754.651219446062
12808.0,8387.226103083982
12809.0,7437.321986721901
12810.0,8069.895870359821
12811.0,6487.000753997741
12812.0,6170.087637635661
12813.0,3637.7055212735804
12814.0,4586.775404911502
12815.0,2687.3842885494214
12816.0,3319.958172187342
12817.0,1420.5670558252614
12818.0,1103.653939463181
12819.0,-479.24117689889863
12820.0,-796.1542932609791
12821.0,-1746.0584096230577
12822.0,-1113.4845259851381
12823.0,-1746.8926423472185
12824.0,-1747.309758709298
12825.0,-2697.213875071379
12826.0,-2697.6309914334583
12827.0,-3964.0311077955384
12828.0,-4280.944224157618
12829.0,-2698.8823405196986
12830.0,-2382.803456881779
12831.0,-484.2465732438586
12832.0,-801.1596896059391
12833.0,780.9011940319815
12834.0,147.49307766990114
12835.0,-802.4110386921793
12836.0,-2385.3061550542584
12837.0,-3018.715271416339
12838.0,-3968.619387778418
12839.0,-4918.5235041404985
12840.0,-3969.453620502578
12841.0,-3653.3747368646586
12842.0,-2071.313853226739
12843.0,-2071.7309695888184
12844.0,-1755.6520859508983
12845.0,-1439.5732023129785
12846.0,-2389.4773186750585
12847.0,-2389.894435037139
12848.0,-3023.3035513992186
12849.0,-3656.711667761299
12850.0,-4290.120784123378
12851.0,-3974.0419004854584
12852.0,-4290.955016847538
12853.0,-3341.8851332096183
12854.0,-2392.814249571699
12855.0,-494.2573659337786
12856.0,454.8125177041411
12857.0,1087.3864013420616
12858.0,1086.9692849799812
12859.0,1086.5521686179018
12860.0,-179.84794774417878
12861.0,-496.76006410625905
12862.0,-497.1771804683385
12863.0,-814.090296830419
12864.0,134.97958680750162
12865.0,451.05847044542134
12866.0,1716.623354083341
12867.0,1399.7112377212616
12868.0,1399.2941213591812
12869.0,-183.60199500289855
12870.0,-184.01911136497893
12871.0,-1133.9232277270576
12872.0,-817.8443440891388
12873.0,131.22553954878094
12874.0,447.30442318670157
12875.0,1712.8693068246212
12876.0,1395.9571904625418
12877.0,1712.0350741004613
12878.0,129.13995773838087
12879.0,761.7138413763014
12880.0,444.8017250142211
12881.0,760.8796086521415
12882.0,1709.9494922900612
12883.0,1709.5323759279818
12884.0,2975.0982595659025
12885.0,2658.1861432038213
12886.0,5327.375701281946
12887.0,5647.031948374777
12888.0,8498.6551954676
12889.0,8185.3204425604235
12890.0,8821.472689653247
12891.0,6925.659936746077
12892.0,5979.334183838899
12893.0,4083.5214309317216
12894.0,4086.6826780245447
12895.0,5672.321925117376
12896.0,6624.970172210198
12897.0,8527.106419303022
12898.0,8846.762666395845
12899.0,8849.923913488676
12900.0,6954.111160581499
12901.0,6007.785407674321
12902.0,3478.9816547671435
12903.0,2849.1509018599754
12904.0,1586.3291489527974
12905.0,956.4993960456204
12906.0,-306.32235686154945
12907.0,-936.1521097687264
12908.0,-1565.9818626759034
12909.0,-613.3336155830802
12910.0,-1559.65936849025
12911.0,-2505.9851213974266
12912.0,-3768.8068743046038
12913.0,-5664.61962721178
12914.0,-6927.44138011895
12915.0,-9139.750133026128
12916.0,-9136.588885933304
12917.0,-9449.92363884048
12918.0,-8497.274391747651
12919.0,-8810.609144654827
12920.0,-7541.464897562005
12921.0,-7854.799650469182
12922.0,-6902.1514033763515
12923.0,-6898.990156283528
12924.0,-6895.828909190705
12925.0,-6892.667662097875
12926.0,-7206.002415005052
12927.0,-6569.849167912229
12928.0,-6250.192920819406
12929.0,-4031.5616737265755
12930.0,-2762.4174266337527
12931.0,-543.7861795409299
12932.0,-1173.6169324481061
12933.0,-853.9596853552766
12934.0,-1800.2854382624528
12935.0,-3063.1071911696304
12936.0,-3692.9369440768073
12937.0,-2423.792696983977
12938.0,-2104.136449891154
12939.0,-518.4962027983311
12940.0,-831.8309557055081
12941.0,120.81729138732226
12942.0,123.97853848014529
12943.0,127.13978557296832
12944.0,-186.19496733420146
12945.0,-499.5287202413783
12946.0,-496.3674731485553
12947.0,-2075.685226055732
12948.0,-1439.531978962902
12949.0,-2069.3627318700787
12950.0,-800.218484777256
12951.0,1101.9167623155672
12952.0,1738.0690094083975
12953.0,2690.718256501221
12954.0,3643.366503594043
12955.0,3013.5357506868677
12956.0,2700.201997779697
12957.0,487.89324487252
12958.0,1124.045491965343
12959.0,-771.7672609418269
12960.0,813.8719861509962
12961.0,-132.4537667561808
12962.0,1769.6814803366424
12963.0,1772.8427274294727
12964.0,2408.995974522297
12965.0,3045.14822161512
12966.0,199.84846870794172
12967.0,1468.9927158007722
12968.0,-2642.2900371064047
12969.0,-2006.1377900135817
12970.0,-5484.428542920758
12971.0,-2949.3022958279284
12972.0,-4212.124048735105
12973.0,-2309.987801642282
12974.0,-3256.314554549459
12975.0,-2303.665307456629
12976.0,-1984.009060363806
12977.0,-4196.317813270983
12978.0,-3876.6605661781523
12979.0,-6405.464319085329
12980.0,-5136.321071992506
12981.0,-7348.628824899683
12982.0,-5446.493577806853
12983.0,-5443.33233071403
12984.0,-2591.710083621207
12985.0,-2272.052836528384
12986.0,263.073410564446
12987.0,-50.26134234273104
12988.0,-47.10009524990801
12989.0,-676.929848157085
12990.0,-673.7686010642547
12991.0,-670.6073539714316
12992.0,-34.4551068786086
12993.0,918.1931402142145
12994.0,2820.329387307045
12995.0,4722.464634399868
12996.0,6308.103881492691
12997.0,8526.735128585522
12998.0,8846.392375678344
12999.0,8533.057622771168
13000.0,7586.73186986399
13001.0,7273.397116956821
13002.0,5694.080364049643
13003.0,5380.745611142467
13004.0,6016.89785823529
13005.0,6653.051105328121
13006.0,6972.707352420943
13007.0,6659.373599513767
13008.0,6029.54284660659
13009.0,6032.70409369942
13010.0,4453.387340792242
13011.0,3823.557587885065
13012.0,1927.7438349778886
13013.0,1297.914082070719
13014.0,-914.3946708364574
13015.0,-1227.7284237436352
13016.0,-2490.5501766508046
13017.0,-1221.4059295579818
13018.0,-268.7576824651587
13019.0,-265.5964353723357
13020.0,54.05981172049451
13021.0,-1525.2569411866816
13022.0,-1205.5996940938594
13023.0,-2151.925447001036
13024.0,-2148.7641999082057
13025.0,-1196.115952815383
13026.0,73.02729427743998
13027.0,1658.6675413702633
13028.0,1978.3237884630935
13029.0,2297.9810355559166
13030.0,2301.1422826487396
13031.0,2304.3035297415627
13032.0,1990.9687768343929
13033.0,728.148023927216
13034.0,-218.1777289799611
13035.0,-1480.99948188713
13036.0,-2427.3252347943076
13037.0,-4006.6429877014843
13038.0,-3370.4897406086616
13039.0,-2734.3374935158313
13040.0,-2731.1762464230083
13041.0,-3993.997999330185
13042.0,-4623.827752237362
13043.0,-3996.9106015686107
13044.0,-5932.53194442768
13045.0,-9767.12728728669
13046.0,-10753.261630145702
13047.0,-11739.39597300477
13048.0,-11776.04331586378
13049.0,-11179.699658722791
13050.0,-11216.347001581802
13051.0,-9354.02034444087
13052.0,-9707.162687299882
13053.0,-9110.819030158891
13054.0,-10096.953373017961
13055.0,-10133.600715876972
13056.0,-11436.231058735983
13057.0,-11472.878401594993
13058.0,-11193.029744454063
13059.0,-9963.694087313073
13060.0,-6835.385430172083
13061.0,-6239.040773031094
13062.0,-3110.731115890163
13063.0,-2197.8914587491736
13064.0,-335.56480160818455
13065.0,-372.21214446725344
13066.0,540.627512673736
13067.0,1453.4671698147258
13068.0,1733.3158269557143
13069.0,2962.6504840966454
13070.0,2293.0121412376348
13071.0,4788.329798378624
13072.0,4751.682455519555
13073.0,9145.975112660544
13074.0,8476.336769801534
13075.0,11604.646426942523
13076.0,9985.520084083455
13077.0,11531.351741224444
13078.0,10228.721398365433
13079.0,9559.082055506364
13080.0,9838.930712647354
13081.0,10435.274369788343
13082.0,12614.097026929332
13083.0,11311.467684070263
13084.0,13173.794341211255
13085.0,11554.667998352243
13086.0,11834.516655493231
13087.0,8316.416312634163
13088.0,9545.751969775152
13089.0,7926.626626916141
13090.0,9155.961284057072
13091.0,7853.331941198061
13092.0,9399.162598339051
13093.0,9046.01925548004
13094.0,8692.876912620972
13095.0,8023.237569761961
13096.0,7353.59922690295
13097.0,6683.960884043881
13098.0,5381.3305411848705
13099.0,4711.69219832586
13100.0,3725.556855466849
13101.0,3372.41451260778
13102.0,2702.7751697487693
13103.0,4248.60682688976
13104.0,4844.950484030691
13105.0,6707.2771411716785
13106.0,6670.629798312668
13107.0,7899.965455453657
13108.0,5331.353112594588
13109.0,4978.209769735578
13110.0,2093.1014268765675
13111.0,790.4710840175567
13112.0,-1461.646258841512
13113.0,-865.3016017005225
13114.0,-585.4539445595333
13115.0,960.3777125813976
13116.0,607.2343697223869
13117.0,1203.5780268633762
13118.0,533.9396840043655
13119.0,-768.6906588547031
13120.0,-2071.3210017137135
13121.0,-4006.9423445727243
13122.0,-2777.606687431793
13123.0,-4713.228030290804
13124.0,-3167.3973731498145
13125.0,-4786.522716008825
13126.0,-3557.187058867894
13127.0,-3593.8344017269046
13128.0,-2997.4907445859153
13129.0,-3350.634087444926
13130.0,-3387.281430303995
13131.0,-2790.936773163006
13132.0,-4410.063116022016
13133.0,-4446.710458881085
13134.0,-5116.348801740096
13135.0,-5469.492144599107
13136.0,-5189.643487458117
13137.0,-6175.777830317186
13138.0,-5579.434173176197
13139.0,-6249.072516035208
13140.0,-6285.7198588942765
13141.0,-6955.358201753287
13142.0,-9207.475544612298
13143.0,-9244.122887471309
13144.0,-11812.736230330378
13145.0,-9633.913573189388
13146.0,-12930.498340251419
13147.0,-9112.387488364771
13148.0,-9408.720636478121
13149.0,-7489.582784591531
13150.0,-8102.411932704881
13151.0,-8398.744080818233
13152.0,-7429.094228931642
13153.0,-9307.906377044992
13154.0,-6439.281525158343
13155.0,-8001.597673271694
13156.0,-3550.4948213851035
13157.0,-5112.810969498454
13158.0,-1611.1951176118046
13159.0,-2224.023265725156
13160.0,328.1045861614348
13161.0,981.2584380480839
13162.0,1950.9082899347331
13163.0,3237.054141821325
13164.0,1991.2339937079732
13165.0,3910.371845594622
13166.0,1398.5686974812716
13167.0,3950.697549367862
13168.0,2388.3814012545117
13169.0,5889.99725314116
13170.0,5277.168105027809
13171.0,7512.8009569144015
13172.0,7216.46780880105
13173.0,7553.1266606877
13174.0,6940.298512574291
13175.0,4112.000364460939
13176.0,3815.6672163475887
13177.0,2569.8470682342377
13178.0,2906.5059201208296
13179.0,1660.6857720074777
13180.0,2630.335623894127
13181.0,2650.498475780776
13182.0,3303.653327667367
13183.0,2374.328179554016
13184.0,2394.491031440665
13185.0,832.1758833273143
13186.0,-97.14826478609484
13187.0,-1975.9594128994454
13188.0,-2588.788561012796
13189.0,-2885.1207091262054
13190.0,-2548.462857239556
13191.0,-1895.308005352907
13192.0,-1242.1541534662579
13193.0,-905.4953015796664
13194.0,-885.3324496930172
13195.0,-865.1695978063681
13196.0,-1477.9977459197194
13197.0,-824.843894033128
13198.0,-171.69004214647885
13199.0,481.4648097401696
13200.0,818.1226616267604
13201.0,2104.2685135134097
13202.0,2124.431365400059
13203.0,4043.568217286709
13204.0,4063.7310691733
13205.0,5666.372921059949
13206.0,4737.048772946597
13207.0,4757.211624833246
13208.0,3511.3914767198385
13209.0,2265.5713286064865
13210.0,2602.230180493136
13211.0,1989.4010323797265
13212.0,4541.529884266376
13213.0,3928.701736153025
13214.0,6797.325588039674
13215.0,5868.001439926265
13216.0,5888.164291812915
13217.0,3692.8571436995644
13218.0,2447.0369955862125
13219.0,1517.7128474728033
13220.0,271.8926993594532
13221.0,292.05555124610237
13222.0,1261.7054031326925
13223.0,2231.3552550193417
13224.0,3517.501106905991
13225.0,3854.159958792641
13226.0,4823.809810679231
13227.0,4210.9816625658805
13228.0,3914.6485144525304
13229.0,3618.3153663391786
13230.0,1739.5042182257694
13231.0,3025.6500701124187
13232.0,1146.8389219990677
13233.0,3382.4707738856587
13234.0,870.6686257723077
13235.0,3422.796477658957
13236.0,1860.481329545606
13237.0,2830.131181432197
13238.0,1267.8160333188462
13239.0,654.986885205496
13240.0,358.6547370921444
13241.0,-2469.644411021264
13242.0,-2765.976559134615
13243.0,-5594.274707247966
13244.0,-3675.1378553613167
13245.0,-5870.445003474726
13246.0,-3634.8121515880766
13247.0,-4564.136299701428
13248.0,-3910.9824478148366
13249.0,-5156.802595928188
13250.0,-6719.117744041538
13251.0,-7648.4418921548895
13252.0,-10160.245040268299
13253.0,-8874.09918838165
13254.0,-9170.432336495
13255.0,-6934.799484608351
13256.0,-7547.62763272176
13257.0,-7492.404969216398
13258.0,-8747.739034107912
13259.0,-7154.613098999427
13260.0,-8093.452163890971
13261.0,-7133.3172287824855
13262.0,-7122.669293674029
13263.0,-6795.525358565544
13264.0,-6151.886423457058
13265.0,-5508.247488348602
13266.0,-3915.120553240117
13267.0,-3587.9766181316604
13268.0,-1678.3546830231753
13269.0,-401.72474791468994
13270.0,1507.8981871937667
13271.0,1202.050122302253
13272.0,2478.6810574107076
13273.0,1223.3459925191946
13274.0,1233.99392762768
13275.0,-337.83713726386486
13276.0,622.2977978446206
13277.0,949.441732953077
13278.0,3175.5596680615618
13279.0,3819.198603170047
13280.0,4462.838538278504
13281.0,4156.99047338699
13282.0,3218.151408495445
13283.0,1962.8163436039322
13284.0,707.4812787124165
13285.0,-231.3577861791273
13286.0,-537.2048510706418
13287.0,-526.5569159621855
13288.0,-832.4049808537002
13289.0,444.2259542547854
13290.0,454.8738893632417
13291.0,2364.4958244717272
13292.0,2058.6477595801844
13293.0,3651.774694688669
13294.0,3029.4306297971543
13295.0,3673.070564905611
13296.0,3683.718500014096
13297.0,4010.8614351225515
13298.0,4970.996370231038
13299.0,6247.627305339494
13300.0,8473.745240447979
13301.0,8484.393175556464
13302.0,10710.51111066492
13303.0,10721.159045773406
13304.0,10731.806980881862
13305.0,9159.975915990348
13306.0,9170.623851098833
13307.0,8548.28078620729
13308.0,7925.937721315775
13309.0,7303.593656424231
13310.0,7630.7375915327175
13311.0,7324.889526641202
13312.0,6702.546461749658
13313.0,6080.202396858143
13314.0,5141.3633319666005
13315.0,3253.0372670750858
13316.0,731.720202183571
13317.0,-840.110862707973
13318.0,-4310.914927599488
13319.0,-4933.258992491031
13320.0,-6188.593057382545
13321.0,-6494.44112227406
13322.0,-7749.776187165604
13323.0,-6156.649252057118
13324.0,-7411.984316948662
13325.0,-7401.336381840177
13326.0,-8656.67144673169
13327.0,-9595.510511623235
13328.0,-9901.358576514749
13329.0,-11473.188641406294
13330.0,-11462.540706297808
13331.0,-11768.388771189322
13332.0,-9858.766836080866
13333.0,-9531.622900972381
13334.0,-6989.0089658639245
13335.0,-6661.866030755439
13336.0,-5385.235095646954
13337.0,-5691.083160538497
13338.0,-5680.435225430012
13339.0,-5353.291290321556
13340.0,-5975.63435521307
13341.0,-3433.021420104585
13342.0,-4371.860484996128
13343.0,-1829.2465498876436
13344.0,-2768.085614779187
13345.0,91.02332032929826
13346.0,101.67125543778366
13347.0,1694.79719054624
13348.0,1072.4541256547254
13349.0,2349.085060763182
13350.0,1726.740995871667
13351.0,1104.3979309801525
13352.0,1748.0368660886088
13353.0,2391.6768011970944
13354.0,3351.81173630555
13355.0,3995.4506714140352
13356.0,5905.072606522521
13357.0,6232.216541630978
13358.0,6559.3594767394625
13359.0,4987.52941184792
13360.0,4681.681346956404
13361.0,3109.851282064861
13362.0,2804.0032171733474
13363.0,1548.6681522818317
13364.0,2825.299087390289
13365.0,3468.939022498773
13366.0,4745.568957607229
13367.0,4123.2258927157145
13368.0,4450.369827824201
13369.0,3195.034762932657
13370.0,2889.1866980411432
13371.0,1950.3476331495986
13372.0,695.0125682580838
13373.0,705.6605033665692
13374.0,-549.6735615249745
13375.0,93.96537358351088
13376.0,-528.3776913080328
13377.0,748.2522438004526
13378.0,1075.396178908938
13379.0,2668.5231140173946
13380.0,2362.675049125881
13381.0,2689.8189842343363
13382.0,1434.4839193428215
13383.0,495.64485445130686
13384.0,-759.690210440237
13385.0,-1065.5382753317508
13386.0,-738.3943402232953
13387.0,-411.25040511480984
13388.0,232.38852999367555
13389.0,243.03646510213184
13390.0,1203.1714002106173
13391.0,580.8283353190736
13392.0,907.9712704275589
13393.0,-347.36279446395565
13394.0,-653.2108593554995
13395.0,-959.0589242470132
13396.0,-1264.9059891385577
13397.0,-304.77105403007226
13398.0,971.8588810784131
13399.0,2248.4898161868696
13400.0,2259.137751295355
13401.0,2586.2816864038123
13402.0,2596.9296215122977
13403.0,2291.081556620782
13404.0,1352.2424917292383
13405.0,1046.3944268377236
13406.0,424.0513619461799
13407.0,1067.6902970546653
13408.0,1078.3382321631507
13409.0,2038.473167271607
13410.0,1099.6341023800924
13411.0,1426.7780374885488
13412.0,804.4349725970342
13413.0,-450.9000922944806
13414.0,-1389.7391571860235
13415.0,-2645.0742220775387
13416.0,-3267.4172869690824
13417.0,-4839.248351860597
13418.0,-4828.600416752111
13419.0,-5134.447481643655
13420.0,-3224.82554653517
13421.0,-3847.1696114267133
13422.0,-1937.546676318228
13423.0,-1610.4037412097427
13424.0,-1916.2508061012863
13425.0,-1589.107870992801
13426.0,-2844.4429358843445
13427.0,-1884.3070007758593
13428.0,-2823.147065667403
13429.0,-3355.4801543576386
13430.0,-2983.034700107126
13431.0,-78.6242458566121
13432.0,1243.3082083937825
13433.0,4147.718662644296
13434.0,5469.651116894693
13435.0,5525.600571145205
13436.0,6214.541025395718
13437.0,5321.003479646113
13438.0,6326.439933896627
13439.0,4166.919388147022
13440.0,7387.825842397535
13441.0,6177.7932966480475
13442.0,8765.707750898444
13443.0,7239.179205148957
13444.0,8244.615659399355
13445.0,7351.078113649866
13446.0,6774.035567900379
13447.0,4931.011022150775
13448.0,4670.464476401286
13449.0,3776.9269306516835
13450.0,2883.389384902195
13451.0,1673.3568391527078
13452.0,463.3232934031057
13453.0,519.2727476536184
13454.0,-690.7607980959865
13455.0,-634.8113438454739
13456.0,-1844.8448895949614
13457.0,-2421.886435344565
13458.0,-3631.919981094052
13459.0,-4208.9615268436555
13460.0,-6368.482072593143
13461.0,-6945.5236183426305
13462.0,-7839.061164092234
13463.0,-6517.129709841722
13464.0,-6461.1802555913255
13465.0,-5139.247801340813
13466.0,-5399.7943470903
13467.0,-5976.835892839904
13468.0,-7819.860438589391
13469.0,-9662.884984338994
13470.0,-10239.927530088482
13471.0,-10183.97807583797
13472.0,-8545.549621587574
13473.0,-7856.609167337061
13474.0,-5585.189713086665
13475.0,-4896.249258836152
13476.0,-4207.30780458564
13477.0,-5100.845350335243
13478.0,-5044.89589608473
13479.0,-5305.442441834334
13480.0,-4932.9969875838215
13481.0,-4560.552533333309
13482.0,-4821.098079082913
13483.0,-4765.1486248324
13484.0,-5025.695170582004
13485.0,-4020.258716331491
13486.0,-3647.813262080979
13487.0,-2325.8808078305824
13488.0,-1320.4443535800701
13489.0,-315.0078993296738
13490.0,-575.5544450791613
13491.0,-519.6049908286486
13492.0,-1729.6385365782521
13493.0,-2623.1760823277396
13494.0,-2250.730628077343
13495.0,-1245.29417382683
13496.0,1342.6202804236818
13497.0,2664.5527346740782
13498.0,3986.485188924591
13499.0,4675.425643174987
13500.0,5047.871097425499
13501.0,5103.820551676012
13502.0,4526.779005926408
13503.0,4582.728460176921
13504.0,4955.172914427318
13505.0,4694.6273686778295
13506.0,6016.558822928342
13507.0,5756.013277178739
13508.0,7394.440731429251
13509.0,6817.399185679647
13510.0,6556.852639930161
13511.0,5346.819094180673
13512.0,4453.28154843107
13513.0,3243.248002681582
13514.0,2033.2154569319782
13515.0,2089.164911182491
13516.0,562.6353654330042
13517.0,1568.0718196833996
13518.0,41.54327393391304
13519.0,97.49272818430927
13520.0,-479.5488175651785
13521.0,-107.10436331466599
13522.0,898.3320909357308
13523.0,-1261.1884548137568
13524.0,-1205.2390005633606
13525.0,-3681.254546312848
13526.0,-2675.8180920623354
13527.0,-4202.346637811939
13528.0,-1297.9361835614268
13529.0,-292.4997293110305
13530.0,1978.919724939482
13531.0,2984.3561791899947
13532.0,2407.3136334403907
13533.0,1160.3083315418514
13534.0,-86.69697035668787
13535.0,-1333.7022722552274
13536.0,-2880.4297329721912
13537.0,636.7728063108434
13538.0,-593.4586544061212
13539.0,2923.7438848769725
13540.0,2959.494424160008
13541.0,3628.2369634430434
13542.0,5562.961502726079
13543.0,5282.216042009113
13544.0,7216.940581292149
13545.0,4720.726120575242
13546.0,5705.963659858278
13547.0,3209.7481991413133
13548.0,3878.490738424349
13549.0,2331.762277707385
13550.0,3633.4958169904767
13551.0,4618.733356273513
13552.0,4970.9798955565475
13553.0,5323.225434839584
13554.0,4092.993974122619
13555.0,3495.752513405654
13556.0,366.5460526887473
13557.0,-230.69440802821737
13558.0,-1144.4308687451821
13559.0,-1108.6803294621468
13560.0,-1705.9207901791115
13561.0,-1670.170250896018
13562.0,-1317.9247116129818
13563.0,-1282.1741723299465
13564.0,-613.4316330469119
13565.0,-577.6810937638766
13566.0,91.06044551915875
13567.0,-189.68501519774782
13568.0,-786.9254759147125
13569.0,-751.1749366316772
13570.0,-1664.911397348641
13571.0,-363.1778580656064
13572.0,622.0596812174872
13573.0,2873.280220500523
13574.0,3225.525759783559
13575.0,5160.250299066593
13576.0,5196.000838349628
13577.0,4915.256377632664
13578.0,3368.5279169157584
13579.0,2138.2954561987926
13580.0,2490.541995481828
13581.0,1260.3095347648632
13582.0,1612.5560740478986
13583.0,1331.810613330992
13584.0,2317.0481526140275
13585.0,1403.3116918970627
13586.0,1122.5672311800981
13587.0,-424.1612295368659
13588.0,-1337.8976902538311
13589.0,-2884.6251509707376
13590.0,-4431.353611687702
13591.0,-5978.081072404667
13592.0,-7524.808533121632
13593.0,-9071.536993838596
13594.0,-9985.273454555503
13595.0,-10582.513915272466
13596.0,-9597.276375989433
13597.0,-10194.517836706396
13598.0,-8892.78429742336
13599.0,-9806.520758140327
13600.0,-10403.761218857231
13601.0,-11001.002679574198
13602.0,-12231.234140291162
13603.0,-12195.483601008127
13604.0,-11843.238061725091
13605.0,-10225.008522441996
13606.0,-9239.770983158964
13607.0,-7621.542443875927
13608.0,-7585.791904592892
13609.0,-6284.0583653098565
13610.0,-6564.80382602682
13611.0,-6845.548286743728
13612.0,-6809.797747460692
13613.0,-6457.552208177656
13614.0,-4522.827668894622
13615.0,-4487.077129611586
13616.0,-1919.360590328493
13617.0,-1567.1150510454572
13618.0,367.61048823757756
13619.0,403.3610275206129
13620.0,1072.1025668036482
13621.0,2373.8361060866837
13622.0,1776.594645369777
13623.0,4027.8151846528126
13624.0,2164.5917239358478
13625.0,5048.803263218884
13626.0,3818.5708025019185
13627.0,7335.774341785012
13628.0,6738.533881068048
13629.0,9622.745420351082
13630.0,10924.478959634118
13631.0,13175.698498917154
13632.0,13211.44903820019
13633.0,11981.217577483283
13634.0,11383.976116766318
13635.0,10153.743656049353
13636.0,11138.982195332388
13637.0,9592.253734615424
13638.0,10664.586295778341
13639.0,11285.44993912425
13640.0,12855.801582470158
13641.0,10944.70022581604
13642.0,11249.067869161947
13643.0,9337.966512507855
13644.0,7743.361155853734
13645.0,6781.746799199644
13646.0,6453.123442545551
13647.0,6124.500085891461
13648.0,5479.381729237341
13649.0,4201.271372583249
13650.0,4505.640015929157
13651.0,4177.0166592750375
13652.0,4481.385302620945
13653.0,4785.753945966855
13654.0,4457.130589312734
13655.0,3812.0122326586425
13656.0,1267.9188760045517
13657.0,939.2955193504604
13658.0,-971.8058373036592
13659.0,-34.44619395775135
13660.0,-363.0685506118425
13661.0,1523.7780927340373
13662.0,245.66773607994583
13663.0,1499.5233794258547
13664.0,221.41302277173418
13665.0,-740.2013338823572
13666.0,-1701.8156905364476
13667.0,-1713.943047190539
13668.0,-1726.0704038446593
13669.0,-2054.693760498751
13670.0,-2066.8211171528424
13671.0,-2711.9394738069627
13672.0,-1141.5888304610535
13673.0,-1153.7161871151447
13674.0,100.13945623076324
13675.0,-861.4749004233572
13676.0,-873.6022570774485
13677.0,-2468.2076137315394
13678.0,-3429.8229703856596
13679.0,-5024.428327039751
13680.0,-5036.555683693842
13681.0,-4732.1870403479625
13682.0,-5060.810397002054
13683.0,-4756.441753656145
13684.0,-5401.5611103102365
13685.0,-6363.175466964357
13686.0,-7324.789823618448
13687.0,-9552.387180272539
13688.0,-9881.00953692666
13689.0,-12108.60689358075
13690.0,-12753.725250234842
13691.0,-14348.331606888964
13692.0,-14360.458963543055
13693.0,-14372.586320197146
13694.0,-14384.713676851237
13695.0,-12181.371033505357
13696.0,-14092.472390159448
13697.0,-10939.64274681354
13698.0,-12850.74410346766
13699.0,-10647.40246012175
13700.0,-12242.007816775842
13701.0,-8772.682173429963
13702.0,-8784.809530084054
13703.0,-6264.971886738145
13704.0,-5327.612243392236
13705.0,-3757.2616000463568
13706.0,-287.9359567004485
13707.0,-616.5593133545399
13708.0,2852.76632999134
13709.0,2207.647973337249
13710.0,5043.981616683157
13711.0,2499.888260029038
13712.0,5019.726903374945
13713.0,4058.112546720855
13714.0,6577.950190066764
13715.0,6882.318833412643
13716.0,8452.669476758552
13717.0,9073.534120104461
13718.0,8111.91976345034
13719.0,7466.800406796248
13720.0,5872.195050142158
13721.0,5543.571693488066
13722.0,3315.974336833946
13723.0,4253.333980179854
13724.0,3291.7196235257634
13725.0,3279.592266871643
13726.0,2950.969910217551
13727.0,3571.8335535634596
13728.0,3559.7061969093393
13729.0,2914.587840255248
13730.0,2269.4684836011584
13731.0,2573.8371269470663
13732.0,979.2307702929456
13733.0,17.616413638854283
13734.0,-943.9979430152371
13735.0,-1589.1162996693574
13736.0,-1917.739656323448
13737.0,-1613.37101297754
13738.0,-992.5073696316604
13739.0,261.34827371424853
13740.0,1198.7079170601573
13741.0,870.084560406066
13742.0,541.4622037519457
13743.0,-1369.6391529021457
13744.0,-2331.253509556237
13745.0,-2659.8768662103566
13746.0,-2355.5082228644487
13747.0,-1418.14857951854
13748.0,-480.7889361726602
13749.0,-176.4212928267516
13750.0,-188.54864948084287
13751.0,-517.171006134934
13752.0,-1478.7853627890545
13753.0,-1807.4087194431459
13754.0,-1819.5360760972371
13755.0,-1198.6724327513575
13756.0,-577.8077894054486
13757.0,-589.9351460595399
13758.0,-602.0625027136603
13759.0,-297.69485936775163
13760.0,6.673783978157189
13761.0,627.5374273240659
13762.0,1248.4020706699466
13763.0,603.2827140158543
13764.0,1224.147357361764
13765.0,-370.4589992923575
13766.0,-66.09035594644865
13767.0,-711.2087126005399
13768.0,542.6459307453397
13769.0,2429.493574091248
13770.0,3366.8532174371576
13771.0,3987.7168607830663
13772.0,4292.085504128945
13773.0,4279.958147474854
13774.0,3951.3347908207634
13775.0,2989.720434166642
13776.0,3294.0890775125517
13777.0,2965.4657208584595
13778.0,2953.338364204368
13779.0,2308.220007550248
13780.0,1979.5966508961574
13781.0,3549.9472942420653
13782.0,2588.3329375879457
13783.0,4475.179580933855
13784.0,3390.194252497153
13785.0,3067.2020969632667
13786.0,-420.7480585706335
13787.0,-1693.2282141045184
13788.0,-3598.699369638418
13789.0,-4554.683525172303
13790.0,-3928.189680706203
13791.0,-4884.173836240088
13792.0,-4257.678991773988
13793.0,-5846.655147307873
13794.0,-6169.647302841773
13795.0,-7442.1274583756585
13796.0,-9031.103613909558
13797.0,-8404.608769443443
13798.0,-9993.584924977342
13799.0,-9050.595080511228
13800.0,-10956.066236045113
13801.0,-9696.580391579013
13802.0,-9386.581547112899
13803.0,-7810.600702646798
13804.0,-6234.618858180684
13805.0,-6874.108013714584
13806.0,-3399.152169248469
13807.0,-5304.623324782368
13808.0,-2779.155480316254
13809.0,-5950.609635850154
13810.0,-2792.149791384039
13811.0,-3431.6379469179387
13812.0,-1222.6651024518242
13813.0,-1229.162257985724
13814.0,346.8185864803909
13815.0,2239.2954309464913
13816.0,1283.311275412606
13817.0,3175.788119878707
13818.0,953.8209643448208
13819.0,2846.2988088109214
13820.0,307.8356532770358
13821.0,1250.825497743136
13822.0,1877.3193422092509
13823.0,2503.814186675352
13824.0,5029.282031141465
13825.0,5022.7848756075655
13826.0,6282.27072007368
13827.0,5009.7905645397805
13828.0,5003.293409005895
13829.0,3414.318253472011
13830.0,1508.847097938111
13831.0,2768.332942404226
13832.0,1495.8527868703259
13833.0,3704.82563133644
13834.0,1799.3534758025407
13835.0,4008.3263202686558
13836.0,4001.829164734756
13837.0,4944.81900920087
13838.0,5571.31385366697
13839.0,5248.320698133086
13840.0,7773.788542599186
13841.0,5235.326387065301
13842.0,6494.812231531401
13843.0,4589.341075997516
13844.0,6165.321920463615
13845.0,5842.328764929731
13846.0,7418.31060939583
13847.0,10576.770453861947
13848.0,10570.273298328048
13849.0,12146.254142794161
13850.0,10873.773987260261
13851.0,9917.789831726375
13852.0,8012.318676192475
13853.0,7689.325520658591
13854.0,8315.820365124691
13855.0,8309.323209590806
13856.0,9885.304054056905
13857.0,10195.302898523021
13858.0,10188.805742989136
13859.0,7650.342587455236
13860.0,6377.863431921351
13861.0,4788.88727638745
13862.0,3516.4081208535645
13863.0,1294.4409653196653
13864.0,971.44780978578
13865.0,15.463654251880143
13866.0,-307.5295012820052
13867.0,-630.5216568159049
13868.0,-1270.0108123497894
13869.0,-327.02096788369
13870.0,-1283.0051234175744
13871.0,-340.015278951475
13872.0,-3827.96443448536
13873.0,-4150.957590019259
13874.0,-7005.915745553145
13875.0,-7961.899901087045
13876.0,-8917.88405662093
13877.0,-8291.390212154829
13878.0,-6398.913367688715
13879.0,-6405.410523222615
13880.0,-3879.9416787565
13881.0,-5152.4218342904
13882.0,-3576.4409898242848
13883.0,-6431.399145358185
13884.0,-5804.90430089207
13885.0,-8343.367456425969
13886.0,-7400.377611959855
13887.0,-8356.36176749374
13888.0,-8046.36292302764
13889.0,-6470.382078561525
13890.0,-6476.879234095425
13891.0,-3951.4103896293104
13892.0,-4907.39454516321
13893.0,-3331.4137006970955
13894.0,-5236.884856230995
13895.0,-2711.4160117648803
13896.0,-4616.88816729878
13897.0,-2724.4103228326653
13898.0,-3363.8994783665653
13899.0,-1154.9266339004507
13900.0,-528.4327894343505
13901.0,414.5570550317643
13902.0,1674.0428994978647
13903.0,2617.0327439639805
13904.0,3876.518588430079
13905.0,3237.030432896194
13906.0,4496.515277362294
13907.0,4173.52312182841
13908.0,5433.00796629451
13909.0,4477.023810760624
13910.0,6369.500655226724
13911.0,6363.003499692839
13912.0,7938.98534415894
13913.0,7615.992188625054
13914.0,7925.991033091155
13915.0,6337.014877557269
13916.0,5381.030722023384
13917.0,3792.0555664894837
13918.0,2519.5754109556
13919.0,2196.5832554216995
13920.0,2190.0860998878143
13921.0,2816.5799443539145
13922.0,2177.0917888200293
13923.0,2487.0896332861303
13924.0,1531.105477752244
13925.0,1841.1043222183453
13926.0,252.12816668445885
13927.0,245.63101115055906
13928.0,-1659.8401443833254
13929.0,-1982.832299917226
13930.0,-3888.3044554511107
13931.0,-3578.305610985011
13932.0,-2951.810766518896
13933.0,-1375.829922052796
13934.0,-432.8400775866812
13935.0,510.1497668794191
13936.0,1136.6436113455338
13937.0,-135.83554418836593
13938.0,-142.33269972225116
13939.0,-1098.316855256151
13940.0,-788.3190107900364
13941.0,-794.8161663239362
13942.0,148.1736781421787
13943.0,-174.818477391721
13944.0,1717.6583670743948
13945.0,2027.6572115405088
13946.0,3287.142056006609
13947.0,4230.131900472723
13948.0,4540.130744938824
13949.0,5483.120589404938
13950.0,4210.640433871038
13951.0,3571.152278337153
13952.0,1982.177122803254
13953.0,1975.6799672693687
13954.0,1652.6868117354697
13955.0,2279.1806562015845
13956.0,1956.188500667684
13957.0,1633.1953451337995
13958.0,677.2111895998987
13959.0,-595.2689659339867
13960.0,-2817.2361214678863
13961.0,-3456.7242770017715
13962.0,-4729.204432535671
13963.0,-4102.710588069556
13964.0,-5058.694743603456
13965.0,-4748.695899137341
13966.0,-4122.202054671241
13967.0,-5711.177210205126
13968.0,-5401.178365739026
13969.0,-6990.154521272912
13970.0,-5097.677676806811
13971.0,-7636.139832340697
13972.0,-6060.158987874596
13973.0,-6066.6561434084815
13974.0,-4490.674298942367
13975.0,-2598.197454476266
13976.0,-1655.2076100101522
13977.0,-251.43301783870265
13978.0,-1157.822367453242
13979.0,2683.2232829321038
13980.0,1143.8429333174481
13981.0,3718.9055837027936
13982.0,1863.0292340881388
13983.0,3172.1098844734843
13984.0,2582.2165348588296
13985.0,2308.8181852441758
13986.0,4250.889835629638
13987.0,3977.491486014982
13988.0,7502.042136400329
13989.0,5329.669786785673
13990.0,8221.22843717102
13991.0,5732.3610875563645
13992.0,6408.44973794171
13993.0,2337.103388327054
13994.0,2696.6970387125166
13995.0,1473.8116890978617
13996.0,1200.4143394832063
13997.0,294.02498986855244
13998.0,337.12264025389777
13999.0,380.2202906392431
14000.0,-209.67405897541175
14001.0,149.91959140993458
14002.0,-1072.9657582047212
14003.0,-396.87710781925944
14004.0,-2252.7534574339143
14005.0,-1576.6638070485687
14006.0,-2799.5491566632236
14007.0,-2123.4605062778783
14008.0,-3029.849855892532
14009.0,-2037.2652055071876
14010.0,-2943.6545551218414
14011.0,-1951.0699047363805
14012.0,-3173.954254351035
14013.0,-2497.86560396569
14014.0,-3720.7509535803442
14015.0,-3994.148303194999
14016.0,-3951.0506528096535
14017.0,-5173.936002424309
14018.0,-4814.343352038963
14019.0,-5087.740701653502
14020.0,-3778.6600512681557
14021.0,-3735.5624008828104
14022.0,-3059.4737504974646
14023.0,-4282.35910011212
14024.0,-4872.252449726775
14025.0,-6411.633799341429
14026.0,-6685.031148956084
14027.0,-7274.925498570622
14028.0,-6282.340848185277
14029.0,-5922.747197799931
14030.0,-4930.162547414586
14031.0,-4887.0648970292405
14032.0,-4210.976246643895
14033.0,-3851.38259625855
14034.0,-3175.2929458732046
14035.0,-3132.195295487743
14036.0,-3405.5936451023977
14037.0,-2729.5049947170523
14038.0,-4268.8853443317075
14039.0,-3276.3006939463617
14040.0,-3549.6990435610164
14041.0,-974.6353931756712
14042.0,334.4442572096741
14043.0,2909.507907595136
14044.0,3585.5965579804815
14045.0,4578.181208365826
14046.0,3988.2878587511714
14047.0,4031.3855091365167
14048.0,4390.979159521863
14049.0,3801.084809907208
14050.0,5426.661460292553
14051.0,5786.254110678015
14052.0,5829.351761063361
14053.0,5872.449411448706
14054.0,6548.539061834052
14055.0,5325.653712219397
14056.0,6318.238362604741
14057.0,5728.345012990087
14058.0,6404.433663375432
14059.0,4548.557313760777
14060.0,2376.1849641462395
14061.0,1153.2996145315847
14062.0,246.91026491692992
14063.0,-26.48708469772464
14064.0,16.610565687620692
14065.0,-256.78778392703407
14066.0,-846.6811335416887
14067.0,-1120.0794831563426
14068.0,-2342.9648327708815
14069.0,-3249.3541823855358
14070.0,-3522.7525320001905
14071.0,-3479.654881614845
14072.0,-2170.5742312295
14073.0,-2443.9725808441544
14074.0,-818.3959304588088
14075.0,-142.30728007346352
14076.0,533.7823703119975
14077.0,576.8800206973428
14078.0,936.4726710826881
14079.0,1296.0663214680335
14080.0,389.67697185337875
14081.0,1382.2616222387242
14082.0,792.3682726240695
14083.0,3367.430923009415
14084.0,3094.0325733948766
14085.0,2486.937843806647
14086.0,1262.66009440374
14087.0,3203.33934500095
14088.0,2295.557595598042
14089.0,2970.254846195252
14090.0,2378.9680967924614
14091.0,2104.1783473895557
14092.0,1829.3875979867644
14093.0,-27.88115141614071
14094.0,963.3110991810681
14095.0,-1526.9496502217225
14096.0,1046.721600375371
14097.0,455.43585097258074
14098.0,3345.6021015696733
14099.0,1804.8283521668836
14100.0,3429.0126027639762
14101.0,938.7518533611874
14102.0,-285.525896041604
14103.0,-2142.794645444511
14104.0,-2101.0893948473013
14105.0,-2059.384144250208
14106.0,-2017.6788936529983
14107.0,-393.4946430557884
14108.0,-35.294392458695256
14109.0,6.410858138514413
14110.0,-268.3788912643922
14111.0,-543.1696406671826
14112.0,131.526609930027
14113.0,489.72786052712036
14114.0,531.43311112433
14115.0,1206.1303617214235
14116.0,931.339612318634
14117.0,1289.5408629158428
14118.0,381.7581135129358
14119.0,1372.9513641101457
14120.0,465.1686147072387
14121.0,1772.8568653044495
14122.0,548.579115901658
14123.0,2172.7633664987516
14124.0,-1.0013829040390192
14125.0,990.1908676930543
14126.0,-234.0868817097362
14127.0,124.11436888747357
14128.0,-783.6673805154333
14129.0,-425.4661299182235
14130.0,-67.26587932113034
14131.0,-342.05562872392056
14132.0,-616.846378126711
14133.0,-2790.6111275296175
14134.0,-3065.4008769324078
14135.0,-5239.165626335314
14136.0,-5513.956375738105
14137.0,-6738.234125140895
14138.0,-5114.049874543802
14139.0,-5072.344623946592
14140.0,-4714.144373349499
14141.0,-4355.943122752289
14142.0,-5263.7248721550795
14143.0,-5855.010621557986
14144.0,-6446.297370960777
14145.0,-7354.079120363684
14146.0,-6679.381869766474
14147.0,-8853.146619169263
14148.0,-6595.971368572171
14149.0,-7820.249117974961
14150.0,-6196.065867377868
14151.0,-6787.351616780658
14152.0,-5796.159366183449
14153.0,-5121.463115586355
14154.0,-6029.244864989146
14155.0,-5038.052614392052
14156.0,-6895.321363794843
14157.0,-6220.624113197633
14158.0,-8394.38886260054
14159.0,-7719.6926120033295
14160.0,-8310.978361406236
14161.0,-8585.769110809028
14162.0,-6645.089860211934
14163.0,-6286.888609614724
14164.0,-3080.226359017515
14165.0,-4621.000108420421
14166.0,-2996.815857823212
14167.0,-3588.1026072261184
14168.0,-2596.9103566289086
14169.0,-3821.187106031699
14170.0,-2829.994855434606
14171.0,-1205.8116048373963
14172.0,-214.61935424030253
14173.0,2992.0428963569066
14174.0,2717.252146954116
14175.0,5923.914397551209
14176.0,4699.6376481484185
14177.0,7589.803898745513
14178.0,6998.517149342722
14179.0,9572.188399939932
14180.0,8664.406650537025
14181.0,11554.572901134236
14182.0,11912.77415173133
14183.0,12903.966402328537
14184.0,13262.166652925749
14185.0,13303.871903522842
14186.0,14295.06415412005
14187.0,13070.787404717143
14188.0,13428.987655314355
14189.0,11571.718905911563
14190.0,11296.929156508657
14191.0,9123.164407105865
14192.0,9797.860657702959
14193.0,8890.07890830017
14194.0,9564.775158897379
14195.0,8024.002409494471
14196.0,8382.203660091682
14197.0,7157.925910688775
14198.0,6250.1441612859835
14199.0,4709.371411883194
14200.0,3801.588662480287
14201.0,1627.8249130774966
14202.0,720.0431636745898
14203.0,-187.73858572820018
14204.0,-146.0333351309905
14205.0,845.1589154661024
14206.0,1519.855166063312
14207.0,3144.0384166604053
14208.0,2869.248667257615
14209.0,3543.944917854825
14210.0,1686.6761684519179
14211.0,1728.3814190491275
14212.0,504.1036696462211
14213.0,2128.2879202434306
14214.0,1853.4971708406401
14215.0,3794.1764214377336
14216.0,3202.8906720349432
14217.0,3561.0909226320364
14218.0,3602.796173229246
14219.0,3328.006423826456
14220.0,3369.711674423549
14221.0,3094.9209250207587
14222.0,4086.113175617852
14223.0,3178.3314262150616
14224.0,3220.0366768122713
14225.0,1995.7589274093652
14226.0,2037.464178006575
14227.0,813.1874286036677
14228.0,1171.3876792008773
14229.0,580.1019297979706
14230.0,938.3031803951803
14231.0,-285.97456900761017
14232.0,-2143.2433184105166
14233.0,-4633.504067813306
14234.0,-6174.276817216214
14235.0,-7715.050566619004
14236.0,-7989.840316021794
14237.0,-7948.135065424701
14238.0,-6956.942814827492
14239.0,-6915.237564230399
14240.0,-7190.028313633188
14241.0,-8414.30606303598
14242.0,-9005.591812438885
14243.0,-9596.877561841677
14244.0,-9871.668311244583
14245.0,-8247.485060647374
14246.0,-8205.779810050164
14247.0,-5632.1085594530705
14248.0,-5590.403308855861
14249.0,-3333.2280582587673
14250.0,-4493.1667313429225
14251.0,-5653.105404427079
14252.0,-6813.044077511234
14253.0,-6401.966856009892
14254.0,-4091.9156345087813
14255.0,-4946.821413007671
14256.0,-2636.770191506561
14257.0,-4441.163970005451
14258.0,-2447.6077485043406
14259.0,-2036.5315270032297
14260.0,-992.4633055018876
14261.0,684.5969159992219
14262.0,462.68213750033283
14263.0,3722.2203590014433
14264.0,1917.8275805025532
14265.0,3594.8868020036625
14266.0,841.0070235050061
14267.0,2201.5712450061164
14268.0,-868.8045334927738
14269.0,175.26368800833552
14270.0,-363.14609049055434
14271.0,-585.0608689894434
14272.0,1408.4943525116669
14273.0,553.5885740130088
14274.0,1914.1527955141191
14275.0,-523.2319829847693
14276.0,1470.3232385163392
14277.0,298.92246001744934
14278.0,1342.9906815185605
14279.0,1437.5719030196706
14280.0,2481.6401245210127
14281.0,3842.203346022123
14282.0,2670.802567523233
14283.0,2765.383789024343
14284.0,2226.973010525453
14285.0,2321.554232026563
14286.0,1466.648453527674
14287.0,1561.229675029017
14288.0,1972.3068965301263
14289.0,167.9141180312381
14290.0,895.4863395323482
14291.0,-592.4104389665426
14292.0,1084.6487825345685
14293.0,862.7350040356778
14294.0,1273.8112255370215
14295.0,2001.38444703813
14296.0,-119.5043314607592
14297.0,-341.4191099596492
14298.0,-3095.2988884585384
14299.0,-2684.221666957429
14300.0,-3855.6234454563187
14301.0,-2811.555223954975
14302.0,-2083.983002453865
14303.0,-1672.9057809527558
14304.0,-628.8375594516456
14305.0,-217.76033795053536
14306.0,1775.7948835505758
14307.0,920.8891050519178
14308.0,1964.957326553029
14309.0,1426.546548054138
14310.0,571.640769555248
14311.0,-283.265008943642
14312.0,-821.6747874425319
14313.0,-94.10256594142174
14314.0,949.9656555599213
14315.0,2627.0258770610326
14316.0,3987.590098562141
14317.0,4715.162320063251
14318.0,5442.734541564361
14319.0,4904.324763065471
14320.0,4998.9059845665815
14321.0,4144.000206067925
14322.0,4238.581427569035
14323.0,4016.6666490701464
14324.0,3478.2568705712565
14325.0,3256.3420920723656
14326.0,3034.4273135734757
14327.0,3762.000535074587
14328.0,2907.094756575929
14329.0,2685.179978077039
14330.0,3096.257199578149
14331.0,2874.342421079259
14332.0,2019.4366425803692
14333.0,1164.5308640814792
14334.0,-6.870914417410404
14335.0,87.71030708393255
14336.0,-1716.6824714149573
14337.0,-1305.6052499138473
14338.0,-2793.503028412737
14339.0,-3331.912806911627
14340.0,-3870.3225854105167
14341.0,-5041.724363909407
14342.0,-5263.639142408063
14343.0,-6118.544920906954
14344.0,-5707.467699405843
14345.0,-5296.390477904733
14346.0,-4885.3142564036225
14347.0,-2258.767034902513
14348.0,-3113.67281340117
14349.0,-1120.11759190006
14350.0,-2924.51037039895
14351.0,-297.9641488978398
14352.0,-1785.8609273967295
14353.0,-1058.2887058956194
14354.0,-647.2114843945094
14355.0,-552.6302628931664
14356.0,-4577.485234759503
14357.0,-5194.371531512335
14358.0,-1696.8148282651664
14359.0,-3579.6841250179978
14360.0,234.36857822920138
14361.0,-1964.996718523631
14362.0,-366.413015276461
14363.0,-2882.2743120292935
14364.0,-2549.6736087820955
14365.0,-3166.5599055349267
14366.0,-4416.438202287757
14367.0,-2817.855499040589
14368.0,-3434.7417957933912
14369.0,-886.6720925462223
14370.0,-2136.5493892990535
14371.0,-1170.9576860518846
14372.0,111.13001719528438
14373.0,-189.2612795575169
14374.0,776.3304236896511
14375.0,159.44412693681988
14376.0,175.54883018398868
14377.0,-1390.8254665688137
14378.0,-1058.2247633216448
14379.0,-409.129060074476
14380.0,-76.5283568273062
14381.0,3104.53334641989
14382.0,3120.638049667059
14383.0,5668.707752914228
14384.0,3469.3424561613974
14385.0,5067.926159408595
14386.0,3818.0478626557633
14387.0,4467.143565902932
14388.0,5116.240269150101
14389.0,6081.831972397271
14390.0,7996.910675644469
14391.0,6430.537378891637
14392.0,7396.129082138807
14393.0,6146.250785385975
14394.0,7428.338488633173
14395.0,6494.956191880341
14396.0,5878.06889512751
14397.0,7476.65259837468
14398.0,5910.278301621876
14399.0,5609.887004869046
14400.0,5309.496708116214
14401.0,4692.609411363383
14402.0,5974.697114610581
14403.0,5041.31481785775
14404.0,6323.402521104919
14405.0,4124.037224352087
14406.0,4140.141927599285
14407.0,1940.7766308464543
14408.0,690.8993340936231
14409.0,-242.48396265920837
14410.0,-859.3702594120396
14411.0,739.2134438351586
14412.0,-827.1608529176729
14413.0,454.92685032949703
14414.0,471.03155357666583
14415.0,2069.614256823863
14416.0,1452.7279600710317
14417.0,835.8416633182005
14418.0,535.4503665653701
14419.0,-1980.4109301874332
14420.0,-2913.7932269402636
14421.0,-4796.662523693096
14422.0,-4147.565820445927
14423.0,-3498.470117198728
14424.0,-3482.3654139515593
14425.0,-1567.2867107043912
14426.0,-5032.635007457222
14427.0,-4067.0423042100533
14428.0,-7532.390600962855
14429.0,-6883.294897715687
14430.0,-9399.155194468518
14431.0,-7800.572491221349
14432.0,-8417.45878797415
14433.0,-9983.832084726982
14434.0,-9651.232381479813
14435.0,-11850.597678232643
14436.0,-9302.526974985447
14437.0,-12134.88327173828
14438.0,-9270.31756849111
14439.0,-11153.18686524394
14440.0,-9554.604161996742
14441.0,-12386.960458749574
14442.0,-11104.872755502405
14443.0,-10455.777052255236
14444.0,-9490.185349008067
14445.0,-6942.114645760869
14446.0,-5976.5229425137
14447.0,-2478.9662392665314
14448.0,-3412.348536019363
14449.0,-1180.7738327721654
14450.0,-2114.1561295249967
14451.0,-832.0684262778277
14452.0,-1448.955723030659
14453.0,1099.11498021654
14454.0,1748.2106834637088
14455.0,3346.794386710877
14456.0,4945.377089958045
14457.0,6860.455793205243
14458.0,7509.552496452412
14459.0,7842.152199699582
14460.0,7225.26590294675
14461.0,6924.874606193918
14462.0,5674.996309441116
14463.0,4425.119012688285
14464.0,3808.2317159354534
14465.0,4140.832419182623
14466.0,2890.954122429821
14467.0,2907.0588256769897
14468.0,2923.1635289241585
14469.0,2622.7732321713265
14470.0,2638.8779354185244
14471.0,1072.5036386656939
14472.0,1405.1043419128637
14473.0,-477.7649548399686
14474.0,-461.6602515927707
14475.0,-2028.0345483456013
14476.0,-2328.4248450984333
14477.0,-2628.8161418512636
14478.0,-1346.7284386040956
14479.0,-697.6327353568977
14480.0,267.9589678902712
14481.0,1550.046671137441
14482.0,1249.6553743846089
14483.0,1898.752077631807
14484.0,1281.8647808789756
14485.0,1297.9694841261444
14486.0,1630.5701873733142
14487.0,2596.1618906205113
14488.0,2612.26659386768
14489.0,4843.841297114848
14490.0,5809.433000362018
14491.0,5509.041703609215
14492.0,6474.633406856385
14493.0,5541.2511101035525
14494.0,5873.851813350722
14495.0,5256.964516597891
14496.0,5273.069219845089
14497.0,4972.678923092257
14498.0,5621.774626339426
14499.0,6270.870329586594
14500.0,5337.488032833793
14501.0,5353.592736080962
14502.0,4420.21043932813
14503.0,4752.8111425752995
14504.0,3186.4378458224965
14505.0,2569.550549069667
14506.0,1003.1772523168347
14507.0,-879.6920444359966
14508.0,-2446.0663411887986
14509.0,-4012.43963794163
14510.0,-4312.830934694461
14511.0,-3347.2392314472922
14512.0,-3014.6385282000942
14513.0,-2365.5428249529255
14514.0,-3615.4211217057564
14515.0,-3282.820418458588
14516.0,-5165.689715211419
14517.0,-5782.576011964221
14518.0,-6399.463308717052
14519.0,-6066.862605469883
14520.0,-3835.287902222715
14521.0,-4768.6701989755165
14522.0,-3651.156882722219
14523.0,-3630.6524268692565
14524.0,-445.1909710163527
14525.0,-108.19051516338914
14526.0,545.3049406895152
14527.0,2148.288396542477
14528.0,586.3138523953821
14529.0,2189.297308248344
14530.0,310.82776410124825
14531.0,3812.78421995421
14532.0,3200.2976758071145
14533.0,5436.271131660078
14534.0,5456.775587512982
14535.0,4844.289043365945
14536.0,5497.784499218849
14537.0,3302.819955071811
14538.0,5222.298410924715
14539.0,2394.3418667776787
14540.0,5263.307322630582
14541.0,2118.8547784835446
14542.0,3088.84623433645
14543.0,577.3856901894123
14544.0,597.8901460423167
14545.0,1884.376601895221
14546.0,-310.58894225181666
14547.0,2241.881513601087
14548.0,-269.58003054594974
14549.0,-1093.0639080263593
14550.0,-1916.5477855067688
14551.0,-2740.0316629871786
14552.0,-3669.014207134215
14553.0,-2066.0317512813117
14554.0,-463.04829542834887
14555.0,190.44716042455548
14556.0,2109.925616277518
14557.0,547.9520721304234
14558.0,884.9525279833852
14559.0,-1310.0130161637107
14560.0,-2555.4915603107484
14561.0,-3800.9701044578437
14562.0,-4413.456648604881
14563.0,-4709.448192751977
14564.0,-5954.926736899014
14565.0,-5301.43028104611
14566.0,-5280.925825193148
14567.0,-4943.926369340243
14568.0,-5239.916913487339
14569.0,-5852.404457634376
14570.0,-4249.421001781471
14571.0,-7077.377545928509
14572.0,-6423.8820900756045
14573.0,-8618.847634222642
14574.0,-7332.360178369738
14575.0,-7944.846722516775
14576.0,-7291.351266663871
14577.0,-5688.368810810908
14578.0,-5034.8723549580045
14579.0,-3748.3848991050413
14580.0,-2778.3934432521373
14581.0,-1175.4109873991747
14582.0,-1787.8975315462703
14583.0,-501.4110756933078
14584.0,-1113.8976198404034
14585.0,-143.90616398744078
14586.0,509.58929186546357
14587.0,2429.0687477184256
14588.0,2766.0682035713307
14589.0,4685.546659424235
14590.0,5339.043115277198
14591.0,5992.538571130102
14592.0,5696.547026983064
14593.0,4767.564482835969
14594.0,5421.060938688932
14595.0,5125.069394541835
14596.0,5462.069850394799
14597.0,5166.078306247702
14598.0,5503.078762100666
14599.0,6789.56521795357
14600.0,6177.078673806533
14601.0,7147.070129659436
14602.0,5268.6005855123985
14603.0,4972.609041365304
14604.0,4043.6264972182653
14605.0,2481.6529530711705
14606.0,1552.6704089241339
14607.0,623.6878647770372
14608.0,1277.1833206299998
14609.0,-1234.277223517096
14610.0,-264.28576766413335
14611.0,-1509.7643118112292
14612.0,-223.27685595832463
14613.0,-1785.2514001053614
14614.0,-2397.737944252457
14615.0,-3010.224488399495
14616.0,-4888.6950325465905
14617.0,-3918.703576693628
14618.0,-5164.181120840723
14619.0,-2928.206664987761
14620.0,-2274.7112091348563
14621.0,-671.7287532818946
14622.0,298.26270257100987
14623.0,-630.7198415760276
14624.0,972.263614276877
14625.0,-589.7109298701607
14626.0,1329.7675259827438
14627.0,-548.7020181642938
14628.0,421.28943768861063
14629.0,441.7938935415732
14630.0,462.29834939447755
14631.0,2381.7778052474405
14632.0,1769.2902611003447
14633.0,3976.080043172089
14634.0,1469.4235850788536
14635.0,4659.689126985619
14636.0,1203.544668892384
14637.0,2811.332210799148
14638.0,-1277.8032472940877
14639.0,13.487294612677033
14640.0,-910.6911634805583
14641.0,-568.8866215737935
14642.0,1038.9009203329715
14643.0,114.72146223973596
14644.0,2039.0050041465001
14645.0,-784.1484539467347
14646.0,823.6390879600312
14647.0,-1050.026370133205
14648.0,874.2561717735607
14649.0,-1632.4012863196758
14650.0,291.8812555870891
14651.0,-1265.2882025061463
14652.0,-923.4836605993814
14653.0,-1847.6621186926168
14654.0,-239.875576785852
14655.0,101.92896512091284
14656.0,760.2285070276776
14657.0,1418.5290489344425
14658.0,1760.332590841208
14659.0,519.6581327479716
14660.0,-1037.5113253452637
14661.0,-1012.202783438499
14662.0,-670.3982415317341
14663.0,304.3973003750307
14664.0,329.7058422817954
14665.0,1937.4923841885611
14666.0,1329.8099260953259
14667.0,1988.1094680020906
14668.0,114.44400990885424
14669.0,139.75255181561897
14670.0,-1733.9129062776165
14671.0,-1075.6133643708517
14672.0,-2949.2788224640867
14673.0,-1974.4832805573215
14674.0,-2898.6617386505573
14675.0,-1607.3701967437928
14676.0,-2215.052654837028
14677.0,-1556.7531129302633
14678.0,-2164.4355710234986
14679.0,-2139.127029116734
14680.0,-3063.3054872099688
14681.0,-3670.988945303204
14682.0,-3329.1844033964394
14683.0,-3620.3718614896748
14684.0,-2645.57631958291
14685.0,-2936.762777676145
14686.0,-1328.9762357693808
14687.0,-2253.154693862615
14688.0,-645.3681519558513
14689.0,-936.5546100490865
14690.0,-278.25506814232176
14691.0,63.549473764443064
14692.0,-1177.1249843287924
14693.0,-1468.3124424220268
14694.0,-3658.4739005152624
14695.0,-3000.173358608498
14696.0,-2974.864816701733
14697.0,-1683.5732747949687
14698.0,-1025.273732888204
14699.0,-50.478190981439184
14700.0,607.8213509253255
14701.0,-2848.3221071678513
14702.0,-3139.5095652610867
14703.0,-6279.158023354322
14704.0,-6253.849481447557
14705.0,-8444.009939540792
14706.0,-8102.206397634027
14707.0,-7760.401855727263
14708.0,-8051.589313820497
14709.0,-7393.288771913733
14710.0,-8000.972230006968
14711.0,-6076.689688100204
14712.0,-8266.85014619344
14713.0,-5709.576604286674
14714.0,-6950.25106237991
14715.0,-5658.959520473145
14716.0,-6583.13797856638
14717.0,-5291.846436659615
14718.0,-3684.0598947528506
14719.0,-2392.768352846086
14720.0,481.00118906067837
14721.0,2088.787730967443
14722.0,4646.062272874207
14723.0,4671.370814780972
14724.0,6595.653356687737
14725.0,7253.952898594502
14726.0,7595.757440501267
14727.0,8570.552982408031
14728.0,9861.844524314796
14729.0,12102.62306622156
14730.0,13077.418608128326
14731.0,14052.214150035092
14732.0,14077.522691941856
14733.0,13469.83923384862
14734.0,12862.156775755386
14735.0,11304.987317662151
14736.0,11013.799859568915
14737.0,9140.13440147568
14738.0,8848.946943382443
14739.0,8241.264485289208
14740.0,8899.564027195973
14741.0,7658.889569102737
14742.0,8000.694111009503
14743.0,7076.515652916267
14744.0,4886.354194823032
14745.0,3012.688736729797
14746.0,506.0322786365614
14747.0,-1051.1381794566737
14748.0,-2291.8126375499087
14749.0,-1633.5120956431442
14750.0,-1291.7075537363794
14751.0,-316.91201182961504
14752.0,-291.6034699228503
14753.0,366.6960719839144
14754.0,75.50861389067995
14755.0,1366.800155797444
14756.0,442.6216977042086
14757.0,1100.9212396109733
14758.0,493.23878151773806
14759.0,202.0513234245036
14760.0,227.35986533126834
14761.0,569.1644072380323
14762.0,2176.950949144797
14763.0,3468.242491051562
14764.0,5709.021032958326
14765.0,6050.825574865092
14766.0,5759.6381167718555
14767.0,5151.95565867862
14768.0,3278.2892005853855
14769.0,2354.11074249215
14770.0,1429.9322843989148
14771.0,2088.2328263056797
14772.0,2746.5323682124445
14773.0,2771.840910119209
14774.0,3113.645452025974
14775.0,2505.9619939327386
14776.0,1898.2795358395033
14777.0,24.614077746268777
14778.0,-583.0683803469669
14779.0,-2140.238838440202
14780.0,-3064.4172965334374
14781.0,-3988.5957546266727
14782.0,-5229.270212719908
14783.0,-5836.952670813143
14784.0,-5811.644128906379
14785.0,-7052.318586999614
14786.0,-7027.010045092849
14787.0,-7951.188503186085
14788.0,-6976.39296127932
14789.0,-8850.058419372555
14790.0,-8824.74987746579
14791.0,-8799.441335559026
14792.0,-9090.628793652202
14793.0,-8432.328251745439
14794.0,-9356.506709838672
14795.0,-12479.842099450052
14796.0,-13052.568903344238
14797.0,-9194.354707238424
14798.0,-9134.08951113261
14799.0,-7174.850315026795
14800.0,-7431.081118920863
14801.0,-7370.815922815049
14802.0,-6677.559726709234
14803.0,-6933.789530603421
14804.0,-3708.5673344976058
14805.0,-2065.824138391791
14806.0,1475.8940577140238
14807.0,903.1672538198382
14808.0,2545.911449925652
14809.0,2922.671646031584
14810.0,767.4678421373974
14811.0,1777.220038243213
14812.0,255.0062343490281
14813.0,2530.741430454842
14814.0,1325.0236265606563
14815.0,2018.280822666471
14816.0,2395.0410187722846
14817.0,2771.8022148781
14818.0,4414.54541098403
14819.0,3525.3236070898456
14820.0,6117.5548031956605
14821.0,3962.349999301474
14822.0,6238.08519540729
14823.0,3766.3843915131038
14824.0,3826.6495876189183
14825.0,2937.427783724732
14826.0,2681.1979798305474
14827.0,4640.4371759364785
14828.0,3751.215372042292
14829.0,6976.437568148107
14830.0,6720.206764253922
14831.0,8046.454960359737
14832.0,5574.754156465551
14833.0,4685.532352571365
14834.0,3479.814548677179
14835.0,1008.1147447829953
14836.0,2017.8669408889255
14837.0,812.1491369947398
14838.0,3087.8843331005537
14839.0,932.6795292063689
14840.0,1942.4317253121844
14841.0,736.7139214179979
14842.0,-469.00288247618755
14843.0,-725.2336863703731
14844.0,-3513.4294902645584
14845.0,-2187.1812941586277
14846.0,-5608.369098052813
14847.0,-3332.6339019469983
14848.0,-4854.847705841184
14849.0,-3528.5995097353693
14850.0,-2835.3423136295546
14851.0,-1825.5901175237404
14852.0,766.6400785820742
14853.0,-1388.5647253121106
14854.0,-62.31652920618035
14855.0,-1268.034333100365
14856.0,58.21386300544873
14857.0,-1147.503940888736
14858.0,178.7442552170778
14859.0,2137.9834513228925
14860.0,3147.735647428708
14861.0,5106.974843534521
14862.0,5167.240039640335
14863.0,6493.488235746267
14864.0,6553.753431852081
14865.0,6297.5226279578965
14866.0,6357.787824063711
14867.0,5152.071020169526
14868.0,5212.33621627534
14869.0,3690.1224123811553
14870.0,4383.379608486968
14871.0,3494.1578045927836
14872.0,4503.910000698714
14873.0,4880.670196804529
14874.0,3358.4573929103444
14875.0,2785.730589016158
14876.0,1263.5177851219723
14877.0,-258.6950187722132
14878.0,-1780.9088226663985
14879.0,-2986.6266265605836
14880.0,-2609.865430454769
14881.0,-2866.0962343489546
14882.0,-3122.3260382430235
14883.0,-2745.565842137209
14884.0,-3318.2916460313945
14885.0,-2625.03544992558
14886.0,-4463.744253819766
14887.0,-3770.487057713951
14888.0,-6558.682861608137
14889.0,-5865.426665502322
14890.0,-8337.127469396506
14891.0,-6061.392273290576
14892.0,-6634.118077184761
14893.0,-4041.8878810789474
14894.0,-2399.1436849731326
14895.0,-2971.8704888673183
14896.0,-1012.6312927615036
14897.0,-2218.348096655689
14898.0,-2716.4900893423246
14899.0,-3214.6320820289598
14900.0,-3712.774074715595
14901.0,-4210.9160674022305
14902.0,-4709.058060088866
14903.0,-5659.523232087789
14904.0,-4394.518404086713
14905.0,-2813.0185760856357
14906.0,-1231.518748084558
14907.0,666.4780799165201
14908.0,349.00390791759855
14909.0,664.5217359186736
14910.0,-1235.4314360802491
14911.0,-1552.9046080791713
14912.0,-2186.874780078094
14913.0,-1871.356952077018
14914.0,-289.8571240759402
14915.0,658.6527039251378
14916.0,1923.6565319262154
14917.0,2239.1743599272904
14918.0,2554.692187928369
14919.0,2553.7140159294468
14920.0,1919.7438439305242
14921.0,2235.2616719315993
14922.0,1917.7874999326777
14923.0,3182.7923279337556
14924.0,2548.8231559348333
14925.0,3813.826983935909
14926.0,3496.353811936986
14927.0,5077.853639938065
14928.0,4443.884467939142
14929.0,5392.393295940219
14930.0,5074.919123941296
14931.0,4757.444951942372
14932.0,4123.47577994345
14933.0,2856.5146079445276
14934.0,2855.5364359456034
14935.0,2221.567263946681
14936.0,2853.580091947759
14937.0,2536.1069199488375
14938.0,4117.6067479499125
14939.0,4116.62857595099
14940.0,4432.146403952069
14941.0,3481.6812319531455
14942.0,2847.711059954221
14943.0,2213.741887955299
14944.0,1579.7727159563765
14945.0,1262.298543957455
14946.0,628.3293719585308
14947.0,2209.8291999596076
14948.0,2208.8510279606853
14949.0,2207.872855961763
14950.0,2839.8856839628406
14951.0,1572.9255119639165
14952.0,2204.938339964994
14953.0,621.4821679660727
14954.0,1253.4949959671503
14955.0,303.029823968227
14956.0,1568.034651969303
14957.0,1883.5514799703815
14958.0,2515.5653079714593
14959.0,4097.065135972534
14960.0,3779.590963973613
14961.0,5994.08279197469
14962.0,3777.634619975768
14963.0,4726.143447976843
14964.0,3459.183275977921
14965.0,2508.7181039789994
14966.0,2191.243931980076
14967.0,2190.265759981152
14968.0,2822.2785879822295
14969.0,2188.309415983307
14970.0,2187.331243984385
14971.0,1236.8660719854633
14972.0,919.39189998654
14973.0,-31.073272012383313
14974.0,-2880.512444011306
14975.0,-3197.9866160102274
14976.0,-6996.912788009152
14977.0,-6997.890960008074
14978.0,-10796.817132006996
14979.0,-10164.804304005918
14980.0,-12381.252476004844
14981.0,-10799.751648003765
14982.0,-11750.216820002688
14983.0,-12384.18699200161
14984.0,-12701.660164000536
14985.0,-14601.612335999456
14986.0,-13020.11250799838
14987.0,-16819.038679997302
14988.0,-13971.555851996225
14989.0,-15555.012023995147
14990.0,-12074.538195994071
14991.0,-13341.499367992992
14992.0,-9544.528539991916
14993.0,-9229.01171199084
14994.0,-7014.519883989761
14995.0,-6382.5070559886835
14996.0,-4801.006227987606
14997.0,-2903.0103999865305
14998.0,-2270.997571985453
14999.0,259.9902560156261
15000.0,1208.499084016703
15001.0,3106.494912017779
15002.0,3422.0127400188558
15003.0,5636.503568019934
15004.0,5635.525396021012
15005.0,6584.035224022087
15006.0,6266.561052023166
15007.0,6898.573880024243
15008.0,6264.604708025321
15009.0,6580.122536026396
15010.0,5946.152364027474
15011.0,6578.166192028551
15012.0,4994.70902002963
15013.0,4993.730848030707
15014.0,4676.256676031782
15015.0,4991.774504032861
15016.0,4041.3093320339376
15017.0,2774.348160035015
15018.0,1190.8919880360918
15019.0,-392.5651839628308
15020.0,-1976.0213559617532
15021.0,-2926.4865279606756
15022.0,-1977.9776999595997
15023.0,-1029.468871958522
15024.0,552.031956042556
15025.0,-81.93821595636655
15026.0,1183.0666120447095
15027.0,-400.39055995421313
15028.0,231.62326804686563
15029.0,-718.8419039520577
15030.0,862.6579240490191
15031.0,228.6887520500968
15032.0,860.7015800511745
15033.0,859.7234080522521
15034.0,858.7452360533298
15035.0,2440.246064054405
15036.0,2755.7628920554816
15037.0,4337.2637200565605
15038.0,5285.772548057637
15039.0,6234.281376058714
15040.0,5600.311204059792
15041.0,4966.342032060869
15042.0,3382.885860061946
15043.0,2748.9156880630217
15044.0,3380.9295160640995
15045.0,3696.446344065178
15046.0,4011.964172066255
15047.0,4960.473000067332
15048.0,5275.9908280684085
15049.0,5275.012656069486
15050.0,3691.5554840705645
15051.0,3374.0823120716395
15052.0,2107.121140072717
15053.0,1789.6469680737955
15054.0,1155.6777960748732
15055.0,1154.6996240759509
15056.0,837.2254520770275
15057.0,519.7522800781044
15058.0,-430.71389192081824
15059.0,-431.6920639197406
15060.0,-2331.644235918665
15061.0,-2016.1264079175871
15062.0,-4232.574579916509
15063.0,-4550.047751915432
15064.0,-5184.017923914356
15065.0,-4552.004095913278
15066.0,-3603.4952679122007
15067.0,-4870.456439911122
15068.0,-2655.964611910047
15069.0,-4239.421783908969
15070.0,-2024.9299559078918
15071.0,-4420.348731710776
15072.0,-1882.6887577039706
15073.0,-3775.9687836971802
15074.0,-3137.283809690375
15075.0,-4397.572835683572
15076.0,-4075.3828616767664
15077.0,-1537.723887669962
15078.0,-1215.5339136631574
15079.0,1638.6210603436484
15080.0,1644.315034350453
15081.0,4498.470008357257
15082.0,1972.198982364047
15083.0,3243.875956370852
15084.0,84.61293037765608
15085.0,1039.7939043844617
15086.0,-853.4861216087347
15087.0,1051.181852398071
15088.0,107.38882640487464
15089.0,1379.0658004116794
15090.0,2334.2467744184833
15091.0,2972.9317484252733
15092.0,3928.112722432079
15093.0,3617.3106964388826
15094.0,4255.996670445687
15095.0,3945.194644452493
15096.0,3634.3926184592965
15097.0,2374.104592466101
15098.0,3329.285566472907
15099.0,2701.9875404797112
15100.0,3340.6735144865015
15101.0,2396.880488493305
15102.0,4301.54846250011
15103.0,3357.7554365069154
15104.0,3363.44941051372
15105.0,2103.1603845205245
15106.0,2741.845358527329
15107.0,848.5653325341336
15108.0,221.26830654093828
15109.0,-722.5247194522717
15110.0,-716.8307454454671
15111.0,-711.1367714386624
15112.0,-2287.921797431857
15113.0,-2282.2278234250525
15114.0,-4492.003849418248
15115.0,-4802.804875411444
15116.0,-6063.093901404639
15117.0,-6690.390927397834
15118.0,-7634.183953391044
15119.0,-8261.48197938424
15120.0,-8255.788005377435
15121.0,-8250.09403137063
15122.0,-7927.904057363826
15123.0,-6339.732083357021
15124.0,-5384.551109350216
15125.0,-3796.378135343412
15126.0,-4423.676161336607
15127.0,-4417.982187329817
15128.0,-4728.783213323013
15129.0,-5356.081239316208
15130.0,-4084.4042653094034
15131.0,-3129.2232913025987
15132.0,41.427682704205836
15133.0,1313.1046567110116
15134.0,2901.2766307178154
15135.0,3856.457604724619
15136.0,4811.63857873141
15137.0,5766.819552738214
15138.0,5139.522526745019
15139.0,6094.703500751824
15140.0,4834.414474758629
15141.0,5156.604448765433
15142.0,3896.315422772237
15143.0,3902.0093967790417
15144.0,3907.7033707858463
15145.0,5179.380344792637
15146.0,6134.561318799442
15147.0,7089.742292806246
15148.0,6462.445266813051
15149.0,5202.156240819855
15150.0,3308.8762148266596
15151.0,1732.0921888334651
15152.0,471.8031628402696
15153.0,161.00113684705957
15154.0,166.6951108538642
15155.0,-460.60191513933114
15156.0,811.0740588674735
15157.0,-132.71896712572197
15158.0,822.4620068810827
15159.0,-1387.3130191121127
15160.0,-748.628045105308
15161.0,-2325.4120710985035
15162.0,-2003.2230970917126
15163.0,-2947.0161230849085
15164.0,-2624.8261490781033
15165.0,-1036.6541750712995
15166.0,-1663.9512010644949
15167.0,-75.77922705769015
15168.0,-1652.5632530508856
15169.0,252.10472095591922
15170.0,-2907.158305037276
15171.0,-685.9943310304861
15172.0,-2895.7703570236813
15173.0,-674.6063830168769
15174.0,-1934.8954090100715
15175.0,-346.7224350032675
15176.0,-1290.515460996463
15177.0,297.65651301034177
15178.0,936.3414870171464
15179.0,1891.5234610239513
15180.0,3163.1994350307414
15181.0,1269.9194090375458
15182.0,1592.1093830443515
15183.0,-934.1626429488451
15184.0,-1561.4596689420405
15185.0,-3454.7396949352355
15186.0,-917.0807209284312
15187.0,-278.3947469216264
15188.0,1223.330090036863
15189.0,935.8692188468995
15190.0,3180.3743476569925
15191.0,1943.426476467028
15192.0,1655.9656052771224
15193.0,735.513734087217
15194.0,1081.0448628972517
15195.0,1426.5759917073447
15196.0,1455.6111205173802
15197.0,1801.1412493274747
15198.0,2146.6723781375094
15199.0,3125.194506947604
15200.0,2837.733635757697
15201.0,4132.751764567733
15202.0,3528.7958933778264
15203.0,4507.318022187863
15204.0,3270.3701509979564
15205.0,2982.909279807991
15206.0,796.4754086180856
15207.0,192.51853742817912
15208.0,-727.9333337617854
15209.0,-698.8982049516917
15210.0,-669.8630761416562
15211.0,-640.8279473315624
15212.0,-1244.7838185215269
15213.0,-2165.235689711433
15214.0,-3402.1835609013388
15215.0,-4639.131432091304
15216.0,-5559.58330328121
15217.0,-6480.035174471174
15218.0,-6451.000045661081
15219.0,-5472.477916851045
15220.0,-5126.946788040952
15221.0,-5097.911659230858
15222.0,-4435.885530420823
15223.0,-4723.346401610728
15224.0,-5010.8062728006935
15225.0,-5298.267143990599
15226.0,-5902.223015180563
15227.0,-5556.69288637047
15228.0,-4578.170757560376
15229.0,-3599.6476287503406
15230.0,-2937.6214999402464
15231.0,-1326.1083711302117
15232.0,-31.090242320117795
15233.0,1580.423886489918
15234.0,2875.4410153000117
15235.0,2904.4761441101055
15236.0,2933.511272920141
15237.0,1696.5644017302347
15238.0,459.6165305402701
15239.0,-460.83534064963624
15240.0,-431.8002118396007
15241.0,863.216916970493
15242.0,1208.7480457805868
15243.0,2820.2621745906217
15244.0,3165.7923034007163
15245.0,2561.836432210752
15246.0,1641.3845610208464
15247.0,-228.55431016911916
15248.0,-832.5111813590256
15249.0,-3651.9370525489317
15250.0,-4255.892923738897
15251.0,-7075.318794928802
15252.0,-7362.779666118767
15253.0,-7650.240537308673
15254.0,-8254.196408498638
15255.0,-7275.674279688544
15256.0,-9145.61315087845
15257.0,-7217.604022068414
15258.0,-9720.53489325832
15259.0,-8109.020764448285
15260.0,-10611.95163563819
15261.0,-8683.941506828156
15262.0,-9604.394378018062
15263.0,-8942.367249207968
15264.0,-7330.854120397933
15265.0,-7301.818991587839
15266.0,-4107.826862777803
15267.0,-4078.7917339677097
15268.0,-251.80860515767472
15269.0,-1172.2604763475802
15270.0,2021.7316524624548
15271.0,2050.7667812725485
15272.0,4295.271910082642
15273.0,5590.290038892677
15274.0,8151.290167702771
15275.0,11028.786296512808
15276.0,11374.3174253229
15277.0,13935.318554132937
15278.0,12698.37068294303
15279.0,13676.892811753125
15280.0,10857.466940563161
15281.0,12152.484069373255
15282.0,11548.528198183289
15283.0,12210.554326993384
15284.0,11290.102455803419
15285.0,11319.137584613512
15286.0,11981.164713423605
15287.0,10744.216842233642
15288.0,11089.747971043736
15289.0,9852.80009985377
15290.0,9248.844228663864
15291.0,7695.4003574739
15292.0,5508.9654862839925
15293.0,3006.035615094088
15294.0,819.6007439041223
15295.0,-100.85112728578406
15296.0,561.1750015242515
15297.0,1223.2021303343454
15298.0,2201.724259144381
15299.0,2230.7593879544747
15300.0,3209.2815167645695
15301.0,1339.342645574604
15302.0,735.3857743846975
15303.0,447.9259031947331
15304.0,476.96103200482685
15305.0,189.50016081486228
15306.0,-97.96071037504316
15307.0,247.57041843504976
15308.0,909.5965472450853
15309.0,622.1366760551791
15310.0,967.6668048652145
15311.0,1946.1889336753084
15312.0,1342.233062485344
15313.0,2320.7551912954377
15314.0,1083.8073201055313
15315.0,1429.338448915567
15316.0,192.3905777256614
15317.0,1170.912706535696
15318.0,566.9568353457898
15319.0,1228.9829641558254
15320.0,1258.018092965919
15321.0,970.5582217760129
15322.0,1316.0883505860484
15323.0,-237.35452060385705
15324.0,-208.31939179382152
15325.0,-1128.7712629837283
15326.0,-1416.2321341736929
15327.0,-2020.1880053635991
15328.0,-1358.1618765535054
15329.0,-696.1347477434697
15330.0,-350.60461893337606
15331.0,-321.56949012334053
15332.0,-292.5343613132468
15333.0,-263.49923250321126
15334.0,-867.4551036931175
15335.0,-3053.8899748830236
15336.0,-4290.837846072988
15337.0,-5211.289717262895
15338.0,-4865.758588452859
15339.0,-5153.219459642765
15340.0,-4491.19233083273
15341.0,-2246.688202022636
15342.0,-3167.1400732126003
15343.0,-2505.1129444025064
15344.0,-4691.547815592413
15345.0,-4346.016686782377
15346.0,-5582.964557972284
15347.0,-5237.433429162248
15348.0,-5524.8943003521545
15349.0,-5179.363171542119
15350.0,-3884.346042732025
15351.0,-3538.8149139219313
15352.0,-1610.8057851118958
15353.0,-2531.257656301802
15354.0,-5625.9482672748245
15355.0,-5550.6365341079045
15356.0,-4209.341800940985
15357.0,-5400.013067774064
15358.0,-5008.205334606912
15359.0,-5249.389601439992
15360.0,-5807.0688682730715
15361.0,-4782.2701351059195
15362.0,-4390.462401938999
15363.0,-517.202668772079
15364.0,-1391.3779356049254
15365.0,2165.385797561994
15366.0,658.219530728913
15367.0,2632.505263896066
15368.0,492.3469970629867
15369.0,2466.632730229907
15370.0,2225.449463397059
15371.0,3250.24819656398
15372.0,3958.5509297309
15373.0,4666.853662898053
15374.0,6008.148396064973
15375.0,5450.469129231893
15376.0,7108.258862398812
15377.0,5601.092595565966
15378.0,5992.900328732885
15379.0,3219.7500618998056
15380.0,4244.548795066958
15381.0,2737.3825282338785
15382.0,3762.1812614007977
15383.0,2888.0059945679513
15384.0,4545.7957277348705
15385.0,3988.1164609017906
15386.0,3430.4371940689434
15387.0,1923.269927235864
15388.0,1049.094660402785
15389.0,-774.5676064300633
15390.0,-1965.2388732631434
15391.0,-1889.9271400962234
15392.0,-3080.5974069290705
15393.0,-3005.2856737621505
15394.0,-3562.96594059523
15395.0,-2221.6712074283105
15396.0,-1829.8634742611575
15397.0,460.91725890576254
15398.0,-96.76200792731743
15399.0,1244.5327252398365
15400.0,-262.63454159324465
15401.0,-503.8178084263245
15402.0,-2327.480075259172
15403.0,-1619.1773420922518
15404.0,-1227.3696089253317
15405.0,1063.4111242418212
15406.0,2721.2018574087415
15407.0,3429.5045905756615
15408.0,3821.3123237428135
15409.0,3580.1280569097344
15410.0,3655.4397900766544
15411.0,2464.7695232438073
15412.0,3489.5682564107265
15413.0,2931.887989577648
15414.0,4273.182722744799
15415.0,2449.520455911721
15416.0,3474.31918907864
15417.0,2283.64792224556
15418.0,2675.455655412714
15419.0,2434.271388579633
15420.0,2193.087121746553
15421.0,1635.4078549137057
15422.0,761.2325880806256
15423.0,-112.94267875245441
15424.0,-2253.1009455853014
15425.0,-2494.285212418381
15426.0,-2735.4684792514613
15427.0,-2660.1567460843085
15428.0,-2268.350012917388
15429.0,-2509.5332797504684
15430.0,-1801.2305465833156
15431.0,-2991.9018134163953
15432.0,-3866.0770802494753
15433.0,-4107.260347082322
15434.0,-5930.9226139154025
15435.0,-5222.6198807484825
15436.0,-7046.282147581562
15437.0,-4755.5004144144095
15438.0,-6262.667681247489
15439.0,-3655.3899480805694
15440.0,-4846.061214913417
15441.0,-2871.7754817464966
15442.0,-5011.933748579577
15443.0,-4303.630015412424
15444.0,-5810.797282245503
15445.0,-6684.972549078584
15446.0,-5660.17381591143
15447.0,-6534.349082744511
15448.0,-3927.071349577591
15449.0,-5750.733616410438
15450.0,-2826.960883243518
15451.0,-4017.632150076598
15452.0,-1093.8594169094451
15453.0,-3234.017683742525
15454.0,-626.7399505756052
15455.0,-1184.420217408685
15456.0,-792.6124842415322
15457.0,-2299.778751074612
15458.0,-1591.476017907692
15459.0,-1199.6682847405393
15460.0,141.6254484263809
15461.0,1799.4161815933012
15462.0,3773.7019147604533
15463.0,5747.9876479273735
15464.0,6456.291381094294
15465.0,7481.090114261446
15466.0,7556.401847428366
15467.0,7948.208580595287
15468.0,7390.529313762439
15469.0,9681.311046929359
15470.0,9756.622780096279
15471.0,6300.411126002135
15472.0,7254.252610778038
15473.0,8841.085095553943
15474.0,8528.944580329848
15475.0,8849.79406510575
15476.0,7904.661549881654
15477.0,7592.521034657559
15478.0,6330.892519433462
15479.0,6018.751004209365
15480.0,5706.60948898527
15481.0,5394.468973761173
15482.0,4765.831458537077
15483.0,4453.690943312982
15484.0,4141.549428088885
15485.0,3196.41691286479
15486.0,2251.2843976407075
15487.0,40.16888241661218
15488.0,-904.9636328074839
15489.0,-2483.08714803158
15490.0,-2795.228663255676
15491.0,-3107.3701784797713
15492.0,-2470.023693703868
15493.0,-1516.182208927964
15494.0,-1511.82772415206
15495.0,-1507.473239376156
15496.0,-1503.118754600252
15497.0,-1815.2602698243481
15498.0,-2443.896785048444
15499.0,-3072.5343002725394
15500.0,-2435.187815496636
15501.0,-3063.8253307207315
15502.0,-1476.9918459448281
15503.0,-1156.1423611689243
15504.0,747.1871236069801
15505.0,2334.0196083828832
15506.0,4237.348093158787
15507.0,5191.189577934692
15508.0,4246.057062710595
15509.0,3933.9155474865
15510.0,2672.288032262404
15511.0,1727.1555170383072
15512.0,1098.5180018142273
15513.0,1735.8644865901297
15514.0,3322.6969713660346
15515.0,3327.0514561419386
15516.0,3014.9099409178416
15517.0,2702.7694256937466
15518.0,1757.6369104696496
15519.0,1445.4953952455544
15520.0,-765.6201199785419
15521.0,-128.2746352026379
15522.0,-2972.3811504267333
15523.0,-2651.53066565083
15524.0,-5812.1331808749255
15525.0,-6440.7696960990215
15526.0,-7702.398211323118
15527.0,-8014.539726547214
15528.0,-7377.19324177131
15529.0,-9271.812756995405
15530.0,-8634.467272219501
15531.0,-11478.573787443598
15532.0,-11790.715302667693
15533.0,-14001.83081789179
15534.0,-12731.493333115886
15535.0,-12410.642848339983
15536.0,-11773.297363564077
15537.0,-10502.959878788173
15538.0,-10815.101394012256
15539.0,-8278.780909236351
15540.0,-10173.400424460448
15541.0,-7953.5769396845435
15542.0,-8898.70945490864
15543.0,-6678.884970132735
15544.0,-6991.0264853568315
15545.0,-5087.698000580927
15546.0,-2867.873515805023
15547.0,-1597.5360310291198
15548.0,1571.7754537467845
15549.0,1259.6339385226893
15550.0,4428.945423298592
15551.0,1901.3349080744956
15552.0,4121.158392850401
15553.0,2226.5388776263044
15554.0,3813.3723624022077
15555.0,2551.7438471781115
15556.0,4138.5763319540165
15557.0,3193.4438167299195
15558.0,3197.7983015058235
15559.0,3202.1527862817275
15560.0,3523.0032710576324
15561.0,4160.348755833536
15562.0,1949.2342406094394
15563.0,2586.5797253853434
15564.0,1324.9512101612636
15565.0,-253.1723050628334
15566.0,-2147.7918202869296
15567.0,-2143.4373355110256
15568.0,-2455.5788507351217
15569.0,-1818.2333659592177
15570.0,-1813.8788811833138
15571.0,-227.0453964074095
15572.0,-855.6829116315057
15573.0,-534.8324268556016
15574.0,-1796.4609420796978
15575.0,-2108.6014573037937
15576.0,-2420.74297252789
15577.0,-2099.8924877519858
15578.0,-1779.0430029760819
15579.0,-192.20951820017763
15580.0,128.63996657572625
15581.0,1398.9774513516313
15582.0,1403.3319361275353
15583.0,1407.6864209034393
15584.0,1728.5369056793425
15585.0,783.4043904552473
15586.0,1104.2548752311504
15587.0,-157.37363999294575
15588.0,1112.9638447829584
15589.0,484.3263295588622
15590.0,2387.654814334781
15591.0,1759.018299110685
15592.0,3029.355783886589
15593.0,3350.205268662492
15594.0,3987.551753438396
15595.0,3991.9062382143
15596.0,2730.277722990204
15597.0,3367.623207766108
15598.0,2422.4906925420128
15599.0,3059.837177317917
15600.0,2747.69566209382
15601.0,4018.033146869724
15602.0,4971.874631645629
15603.0,5609.220116421533
15604.0,4664.087601197436
15605.0,4984.938085973341
15606.0,4672.796570749244
15607.0,3094.673055525149
15608.0,2149.540540301052
15609.0,3103.382025076957
15610.0,2640.068047434258
15611.0,3884.4846614454145
15612.0,1963.9442754565107
15613.0,3208.360889467667
15614.0,2553.8025034788216
15615.0,3165.22811748992
15616.0,3460.1577315010745
15617.0,1223.1213455122297
15618.0,1201.554959523327
15619.0,-2301.4644264655176
15620.0,-1057.0478124544197
15621.0,-4560.067198443265
15622.0,-1100.1805844321088
15623.0,-1754.737970421012
15624.0,-193.826356409857
15625.0,-531.8887423987007
15626.0,-1819.437128387604
15627.0,-258.5255143764489
15628.0,-3128.552900365293
15629.0,-934.6492863541962
15630.0,-3488.18167234304
15631.0,-28.29505833188523
15632.0,-2265.331444320788
15633.0,-387.92383030963265
15634.0,-1358.9772162984764
15635.0,201.93439771262
15636.0,496.86401172377555
15637.0,158.8016257349309
15638.0,1403.2182397460283
15639.0,115.66885375718357
15640.0,727.0944677683392
15641.0,-243.95891822056365
15642.0,50.969695790591686
15643.0,-287.09169019831097
15644.0,1906.8109238128445
15645.0,1885.244537824
15646.0,3762.6531518350967
15647.0,3108.0947658462537
15648.0,4036.0153798574083
15649.0,2748.4669938685056
15650.0,2093.908607879661
15651.0,173.36822189081613
15652.0,-164.69416409808673
15653.0,-2085.234550086931
15654.0,-2423.2959360757754
15655.0,-2761.3583220646783
15656.0,-1833.4377080535223
15657.0,-1222.013094042367
15658.0,-610.5874800312704
15659.0,-948.649866020115
15660.0,-1603.2072520089596
15661.0,-2574.260637997862
15662.0,-4811.297023986706
15663.0,-4516.368409975609
15664.0,-5487.421795964454
15665.0,-4243.005181953298
15666.0,-4581.067567942201
15667.0,-4286.137953931046
15668.0,-4624.20033991989
15669.0,-3696.279725908793
15670.0,-3717.8461118976375
15671.0,-2473.4294978864823
15672.0,-1545.5088838753845
15673.0,-617.5882698642299
15674.0,-639.1546558530745
15675.0,-977.2160418419771
15676.0,-682.2874278308218
15677.0,245.63318618033372
15678.0,1490.0498001914311
15679.0,2417.9704142025876
15680.0,3978.8830282137424
15681.0,4273.811642224839
15682.0,4252.245256235994
15683.0,3597.6878702471495
15684.0,2310.1384842582484
15685.0,2605.068098269403
15686.0,2267.005712280501
15687.0,3194.9263262916556
15688.0,2856.8649403028103
15689.0,4101.2805543139075
15690.0,4396.210168325064
15691.0,4374.643782336219
15692.0,3720.0863963473166
15693.0,2749.033010358471
15694.0,2410.9706243696273
15695.0,806.9252383807243
15696.0,152.36785239187975
15697.0,-502.1895335969648
15698.0,-523.7559195858676
15699.0,-228.82730557471223
15700.0,382.5983084364434
15701.0,1310.5189224475416
15702.0,972.4565364586961
15703.0,950.8901504698515
15704.0,612.8277644809486
15705.0,-1307.712621507896
15706.0,-696.2870074967987
15707.0,-2616.8273934856434
15708.0,-1688.9067794744878
15709.0,-3292.9521654633904
15710.0,-2048.5355514522353
15711.0,-1753.6059374410797
15712.0,-1775.1723234299825
15713.0,-847.251709418827
15714.0,-1185.3140954076716
15715.0,692.0935186034258
15716.0,-409.887910716684
15717.0,510.68310831864983
15718.0,-2050.197872645958
15719.0,-1129.6268536106245
15720.0,-2108.0298345752904
15721.0,-1187.4588155398988
15722.0,682.5992034954352
15723.0,20.691222530826963
15724.0,2207.245241566161
15725.0,-37.140739398447295
15726.0,1199.9262796368866
15727.0,-2310.441701327721
15728.0,-440.3836822923877
15729.0,-2368.2736632569954
15730.0,-181.72064422166204
15731.0,-843.6276251863283
15732.0,1342.926393849064
15733.0,1947.0014128843977
15734.0,1601.5894319197896
15735.0,2205.6654509551245
15736.0,2176.7494699905164
15737.0,2780.82448902585
15738.0,2118.917508061242
15739.0,4305.471527096575
15740.0,4276.555546131967
15741.0,6146.613565167301
15742.0,5168.210584202634
15743.0,6721.772603238027
15744.0,7325.847622273361
15745.0,8879.410641308752
15746.0,9483.485660344086
15747.0,11037.048679379477
15748.0,10375.140698414813
15749.0,9080.242717450205
15750.0,7152.351736485538
15751.0,5540.957755520929
15752.0,4562.5547745562635
15753.0,3584.1517935915963
15754.0,4504.722812626989
15755.0,3842.815831662323
15756.0,4446.890850697715
15757.0,2519.0008697330486
15758.0,2806.5808887684398
15759.0,-1020.2840921962261
15760.0,-1998.6870731608333
15761.0,-4559.568054125501
15762.0,-5537.971035090166
15763.0,-6832.870016054774
15764.0,-7494.77699701944
15765.0,-7523.692977984048
15766.0,-6919.617958948715
15767.0,-7581.524939913323
15768.0,-6977.449920877989
15769.0,-6689.869901842597
15770.0,-7351.777882807263
15771.0,-5481.719863771871
15772.0,-6143.626844736537
15773.0,-4906.559825701204
15774.0,-5251.9718066658115
15775.0,-4331.400787630479
15776.0,-5626.299768595086
15777.0,-3439.7457495597523
15778.0,-2519.17473052436
15779.0,-1282.1077114890268
15780.0,-678.0326924536348
15781.0,-73.95667341830085
15782.0,213.622345617091
15783.0,-1081.2756353475752
15784.0,-1426.6876163122415
15785.0,-2405.0905972768496
15786.0,-851.5285782415158
15787.0,-563.9485592061237
15788.0,989.6144598292103
15789.0,1277.193478864603
15790.0,298.7904978999359
15791.0,-1629.0994830646723
15792.0,-2923.998464029338
15793.0,-5168.384444993946
15794.0,-5197.300425958612
15795.0,-5859.2074069232785
15796.0,-5255.132387887887
15797.0,-5600.543368852554
15798.0,-4679.972349817161
15799.0,-4708.888330781827
15800.0,-5687.291311746436
15801.0,-6032.703292711101
15802.0,-6378.115273675709
15803.0,-5774.039254640376
15804.0,-8018.425235604984
15805.0,-8363.83721656965
15806.0,-10291.727197534316
15807.0,-9687.651178498923
15808.0,-10349.55915946359
15809.0,-8163.0051404281985
15810.0,-5976.451121392865
15811.0,-5055.880102357472
15812.0,-2552.8310833221394
15813.0,-2898.2420642867473
15814.0,-1344.6800452514135
15815.0,-3272.57002621608
15816.0,-769.5210071806878
15817.0,-2064.418988145354
15818.0,122.13503089003825
15819.0,1359.201049925372
15820.0,3545.7550689607633
15821.0,5732.309087996098
15822.0,6019.889107031489
15823.0,8522.938126066823
15824.0,7861.031145102217
15825.0,9731.08916413755
15826.0,7170.207183172883
15827.0,9356.761202208276
15828.0,8061.862221243609
15829.0,9931.920240279
15830.0,8320.526259314334
15831.0,9557.593278349726
15832.0,9212.181297385061
15833.0,8550.274316420451
15834.0,7255.375335455787
15835.0,5010.989354491177
15836.0,4665.577373526512
15837.0,6401.334880372739
15838.0,6685.994229375048
15839.0,4438.687578377358
15840.0,5989.329927379607
15841.0,4375.014276381917
15842.0,5925.656625384225
15843.0,4627.836974386475
15844.0,4912.496323388783
15845.0,3614.6766723910932
15846.0,3266.344021393401
15847.0,702.5423703956512
15848.0,-595.2772806020394
15849.0,-1576.6009315997312
15850.0,-1608.4375825974807
15851.0,-1323.778233595172
15852.0,-1039.1198845928634
15853.0,511.5224644094451
15854.0,479.68581341169556
15855.0,1713.8311624140042
15856.0,99.51651141631282
15857.0,1017.1668604185634
15858.0,-597.147790579128
15859.0,-945.4804415768185
15860.0,-2243.3000925745105
15861.0,-2275.13674357226
15862.0,-2939.9643945699513
15863.0,-2338.8100455676426
15864.0,-2370.646696565392
15865.0,-820.0043475630837
15866.0,-535.3459985607742
15867.0,-250.68664955846634
15868.0,-915.5143005562159
15869.0,-1896.8379515539068
15870.0,-1612.1796025515982
15871.0,-3226.494253549348
15872.0,-2308.843904547039
15873.0,-2024.1845555447303
15874.0,475.94379345757807
15875.0,-188.88385754017145
15876.0,1045.2614914621372
15877.0,63.9378404644458
15878.0,-284.3938105333036
15879.0,-1265.717461530995
15880.0,-1297.5541125286863
15881.0,-1645.8867635263769
15882.0,-728.2364145241272
15883.0,-760.0730655218185
15884.0,-158.91871651950987
15885.0,-1773.2333675172586
15886.0,-1488.5740185149507
15887.0,-1836.9066695126412
15888.0,-2818.230320510333
15889.0,-2533.5709715080825
15890.0,-4780.877622505774
15891.0,-3863.2272735034653
15892.0,-7693.011924501215
15893.0,-7091.857575498906
15894.0,-8389.677226496597
15895.0,-6522.539877494289
15896.0,-5604.889528492038
15897.0,-3737.7521794897293
15898.0,-2503.605830487421
15899.0,-2851.9374814851703
15900.0,-2567.2791324828618
15901.0,-4814.585783480553
15902.0,-4213.430434478245
15903.0,-6460.737085475994
15904.0,-4277.103736473686
15905.0,-4625.436387471376
15906.0,-3074.794038469126
15907.0,-1840.648689466817
15908.0,659.4806595354912
15909.0,1893.6270085378
15910.0,2178.2853575400513
15911.0,4045.4227065423584
15912.0,3064.099055544668
15913.0,4298.2454045469185
15914.0,2050.938753549228
15915.0,3601.581102551536
15916.0,2620.2574515538436
15917.0,4170.898800556095
15918.0,3506.0711495584037
15919.0,5056.7124985607115
15920.0,5341.371847562963
15921.0,5942.526196565272
15922.0,5594.193545567579
15923.0,4929.365894569888
15924.0,5214.0252435721395
15925.0,3599.709592574447
15926.0,3251.3779415767567
15927.0,2270.054290579006
15928.0,2554.7126395813157
15929.0,2206.3809885836235
15930.0,2491.039337585933
15931.0,1826.2116865881835
15932.0,2110.8710355904914
15933.0,180.0593845928006
15934.0,-801.264266404949
15935.0,-3048.5699174026404
15936.0,-2763.911568400331
15937.0,-3112.243219398023
15938.0,-928.6108703957725
15939.0,-327.45552139346364
15940.0,1856.1778276088444
15941.0,2457.332176611095
15942.0,2425.4955256134035
15943.0,1444.171874615713
15944.0,-170.14377638197857
15945.0,114.515572620272
15946.0,-1499.7990783774194
15947.0,-265.65372937511074
15948.0,1773.8742932717687
15949.0,3813.402315918648
15950.0,5852.930338565528
15951.0,8638.84654450489
15952.0,8892.79775044425
15953.0,10096.23595638361
15954.0,9717.195162322856
15955.0,9021.658368262217
15956.0,8009.626574201577
15957.0,5415.116780140937
15958.0,5036.075986080183
15959.0,2441.5661920195435
15960.0,3961.4993979589053
15961.0,3265.9636038982662
15962.0,5102.3928098376255
15963.0,5039.84801577687
15964.0,6559.781221716232
15965.0,5547.749427655592
15966.0,4852.213633594953
15967.0,2574.1988395341978
15968.0,296.1840454735584
15969.0,-715.8477485870799
15970.0,-2360.8705426477195
15971.0,-2423.415336708475
15972.0,-3118.952130769114
15973.0,-2865.0009248297533
15974.0,-2927.5457188903924
15975.0,-2990.0905129510315
15976.0,-3052.635307011787
15977.0,-4381.163101072426
15978.0,-4760.202895133065
15979.0,-5772.234689193704
15980.0,-6784.26648325446
15981.0,-6846.811277315099
15982.0,-7542.348071375738
15983.0,-5389.422865436377
15984.0,-7350.941659497133
15985.0,-6463.999453557772
15986.0,-9058.50924761841
15987.0,-8488.06304167905
15988.0,-10766.077835739688
15989.0,-10512.126629800445
15990.0,-10574.671423861084
15991.0,-11270.208217921721
15992.0,-9433.778011982362
15993.0,-11078.801806043117
15994.0,-7976.3896001037565
15995.0,-9937.908394164395
15996.0,-6519.001188225035
15997.0,-7847.52798228579
15998.0,-7593.577776346429
15999.0,-8605.609570407069
16000.0,-9617.641364467707
16001.0,-9680.186158528346
16002.0,-11325.208952589102
16003.0,-7906.301746649741
16004.0,-7019.35954071038
16005.0,-2650.96433477102
16006.0,-2080.5181288317754
16007.0,72.40707710758579
16008.0,1592.341283046946
16009.0,580.3094889863078
16010.0,1467.2516949255514
16011.0,138.72390086491396
16012.0,2291.649106804274
16013.0,1279.617312743634
16014.0,4065.5335186828797
16015.0,4952.47572462224
16016.0,7105.400930561602
16017.0,9891.317136500962
16018.0,10461.763342440325
16019.0,13880.671548379567
16020.0,12235.647754318928
16021.0,14072.076960258288
16022.0,11477.567166197648
16023.0,11415.022372136893
16024.0,9137.007578076256
16025.0,9074.462784015617
16026.0,8695.421989954979
16027.0,7366.895195894223
16028.0,7304.350401833584
16029.0,5975.822607772943
16030.0,5913.277813712304
16031.0,4268.254019651666
16032.0,3572.71822559091
16033.0,2560.68643153027
16034.0,282.6716374696316
16035.0,-1045.8551565910075
16036.0,-3007.3749506517634
16037.0,-2436.9277447124023
16038.0,-2815.9685387730415
16039.0,-2245.5223328336806
16040.0,-1675.075126894435
16041.0,-3003.602920955075
16042.0,-2749.651715015714
16043.0,-4711.1705090763535
16044.0,-4457.220303136993
16045.0,-5152.756097197748
16046.0,-2683.335891258387
16047.0,-1163.401685319026
16048.0,673.027520620335
16049.0,926.9787265595787
16050.0,2763.4079324989398
16051.0,2067.8711384383005
16052.0,2005.3263443776614
16053.0,1309.7905503169059
16054.0,297.7587562562676
16055.0,551.7099621956277
16056.0,-1409.8088318650116
16057.0,-1155.85862592565
16058.0,-1534.8984199864062
16059.0,-14.965214047044356
16060.0,-394.00600810768447
16061.0,809.4321978316766
16062.0,746.8874037709211
16063.0,-265.1443902897172
16064.0,1155.8176904227585
16065.0,2576.779771135234
16066.0,3997.7418518477098
16067.0,2619.1512231932547
16068.0,-25.422405460968548
16069.0,494.9619658845754
16070.0,-1833.1156627698801
16071.0,-46.74929142410315
16072.0,-1425.3399200785589
16073.0,-904.9555487327818
16074.0,-2283.5461773872375
16075.0,-3662.1368060416935
16076.0,-4407.735434695916
16077.0,-6735.813063350372
16078.0,-6848.420692004595
16079.0,-8860.00232065905
16080.0,-7390.131949313506
16081.0,-8135.730577967729
16082.0,-7298.851206622186
16083.0,-6778.467835276408
16084.0,-6891.075463930863
16085.0,-5737.700092585319
16086.0,-7749.281721239543
16087.0,-5962.915349893998
16088.0,-6075.522978548221
16089.0,-3972.660607202677
16090.0,-3768.7722358571327
16091.0,-1982.405864511356
16092.0,-196.0394931658111
16093.0,640.8398781799651
16094.0,2427.2062495255095
16095.0,1998.1026208710537
16096.0,5366.94799221683
16097.0,3355.366363562376
16098.0,6407.715734908152
16099.0,4396.134106253696
16100.0,7448.48247759924
16101.0,5753.396848945018
16102.0,8172.754220290562
16103.0,8060.1465916363395
16104.0,9846.513962981884
16105.0,10366.897334327428
16106.0,11203.776705673205
16107.0,10774.67307701875
16108.0,8130.1004483645265
16109.0,7384.500819710071
16110.0,4423.432191055614
16111.0,3994.3295624013917
16112.0,2299.2429337469366
16113.0,4718.601305092712
16114.0,4289.497676438257
16115.0,5759.3680477840335
16116.0,3747.7864191295776
16117.0,4268.170790475122
16118.0,2573.0841618208997
16119.0,1827.485533166444
16120.0,132.39890451222072
16121.0,336.28727585776505
16122.0,-1042.303352796691
16123.0,-2104.397981450914
16124.0,-3166.492610105369
16125.0,-3595.5952387595926
16126.0,-2442.2208674140484
16127.0,-2871.323496068504
16128.0,-1717.949124722727
16129.0,-2463.5477533771827
16130.0,-1943.1643820314057
16131.0,-3638.2500106858615
16132.0,-2801.370639340317
16133.0,-4179.961267994539
16134.0,-3026.585896648996
16135.0,-3139.193525303219
16136.0,-2302.3141539576745
16137.0,-2731.4177826121304
16138.0,-2527.5294112663532
16139.0,-2323.641039920809
16140.0,-2119.753668575032
16141.0,-2232.3612972294877
16142.0,-2028.4729258839434
16143.0,-1508.0885545381661
16144.0,-987.7051831926219
16145.0,482.1651881531543
16146.0,1319.0445594986995
16147.0,4371.393930844244
16148.0,4575.28230219002
16149.0,6045.152673535566
16150.0,4983.058044881342
16151.0,4553.955416226887
16152.0,3175.364787572431
16153.0,2113.270158918207
16154.0,2000.6625302637513
16155.0,2204.549901609529
16156.0,3357.9252729550735
16157.0,2928.822644300617
16158.0,3132.710015646395
16159.0,3020.102386991939
16160.0,1958.0077583377151
16161.0,1845.4001296832594
16162.0,-799.1724989711965
16163.0,-1544.7721276254197
16164.0,-4505.840756279875
16165.0,-6833.918384934098
16166.0,-7579.517013588554
16167.0,-10224.090642243009
16168.0,-8121.228270897232
16169.0,-7002.018957523838
16170.0,-5882.809644150446
16171.0,-4763.600330777052
16172.0,-3644.391017403659
16173.0,-2525.1817040302662
16174.0,-2541.763326211319
16175.0,-3507.8319483924297
16176.0,-3524.4135705734825
16177.0,-2275.012192754594
16178.0,-3874.0728149356464
16179.0,-1991.6794371166993
16180.0,-3590.74005929781
16181.0,-442.36468147886353
16182.0,-2674.4163036599743
16183.0,473.9590741589727
16184.0,-1125.1005480221384
16185.0,1390.282829796809
16186.0,-1474.7597923842432
16187.0,407.6325854346451
16188.0,-241.9400367464077
16189.0,1323.9563410724813
16190.0,1307.3747188914285
16191.0,2556.776096710377
16192.0,2223.698474529265
16193.0,1890.6208523482119
16194.0,1557.544230167101
16195.0,274.979607986048
16196.0,-58.098014195063115
16197.0,-1657.157636376115
16198.0,-724.2522585571687
16199.0,-1690.320880738279
16200.0,-124.42450291933255
16201.0,-1406.9881251004435
16202.0,-157.58774728149638
16203.0,-2389.638369462549
16204.0,-2089.72499164366
16205.0,-4321.7766138247125
16206.0,-4021.8622360058234
16207.0,-6253.9138581868765
16208.0,-5953.999480367987
16209.0,-6603.57210254904
16210.0,-5037.675724730093
16211.0,-5370.753346911204
16212.0,-4437.847969092257
16213.0,-3188.446591273368
16214.0,-1622.549213454421
16215.0,-373.1488356354739
16216.0,-706.2254578165848
16217.0,-89.81607999763764
16218.0,-1055.8847021787487
16219.0,-1072.4663243598015
16220.0,-1405.5439465409117
16221.0,160.3534312780348
16222.0,1093.258809096982
16223.0,3292.1471869158704
16224.0,4858.043564734819
16225.0,6423.939942553707
16226.0,6407.358320372654
16227.0,7340.263698191602
16228.0,6690.691076010491
16229.0,6041.118453829438
16230.0,6024.536831648327
16231.0,5374.963209467274
16232.0,5358.381587286163
16233.0,5658.29596510511
16234.0,5641.714342924057
16235.0,6891.115720742946
16236.0,6874.534098561893
16237.0,7174.447476380783
16238.0,6524.87485419973
16239.0,6508.293232018677
16240.0,5542.224609837565
16241.0,5209.146987656513
16242.0,4876.070365475402
16243.0,5175.98374329435
16244.0,5475.898121113238
16245.0,4826.325498932185
16246.0,5126.238876751133
16247.0,5109.657254570022
16248.0,5093.075632388969
16249.0,4127.007010207857
16250.0,4426.921388026805
16251.0,3144.3567658457523
16252.0,3444.2711436646405
16253.0,1528.7155214835893
16254.0,1828.6298993024775
16255.0,862.5602771214244
16256.0,2428.4576549403137
16257.0,2095.3800327592617
16258.0,1445.8074105782089
16259.0,479.73878839709687
16260.0,-2068.8088337839554
16261.0,-3667.868455965067
16262.0,-5899.9200781461195
16263.0,-6232.997700327231
16264.0,-5933.083322508283
16265.0,-5633.168944689336
16266.0,-5649.750566870447
16267.0,-5349.8371890515
16268.0,-4733.426811232612
16269.0,-5066.504433413664
16270.0,-4766.590055594717
16271.0,-6049.154677775828
16272.0,-5432.74529995688
16273.0,-7031.8049221379915
16274.0,-7364.882544319044
16275.0,-8330.951166500156
16276.0,-8031.036788681208
16277.0,-5694.411056075058
16278.0,-5063.685921853317
16279.0,-2217.4897876315845
16280.0,-2536.2516534098513
16281.0,309.9434808118822
16282.0,-1274.8003849663774
16283.0,938.4037492553562
16284.0,-962.837116522911
16285.0,2199.85401769883
16286.0,1881.0931519205624
16287.0,3777.801286142296
16288.0,4408.526420364036
16289.0,6305.23455458577
16290.0,7885.447688807504
16291.0,8199.676823029244
16292.0,10412.880957250978
16293.0,9777.62409147271
16294.0,11041.340225694443
16295.0,8507.109359916185
16296.0,9454.330494137917
16297.0,8186.0816283596505
16298.0,9766.29476258139
16299.0,8814.541896803126
16300.0,9761.763031024857
16301.0,7860.523165246599
16302.0,6275.778299468331
16303.0,3108.555433690064
16304.0,890.8205679118055
16305.0,-1010.4202978664616
16306.0,-1962.1731636447284
16307.0,-2597.430029422995
16308.0,-2916.191895201254
16309.0,-4184.439760979521
16310.0,-4503.201626757787
16311.0,-4821.963492536048
16312.0,-5773.716358314314
16313.0,-5775.9822240925805
16314.0,-6727.73508987084
16315.0,-5780.513955649107
16316.0,-8314.744821427374
16317.0,-7684.01968720564
16318.0,-8952.2685529839
16319.0,-6739.0644187621665
16320.0,-6741.330284540433
16321.0,-4211.630150318693
16322.0,-2314.92201609696
16323.0,-418.21388187522643
16324.0,-420.4797476534859
16325.0,-106.25061343175275
16326.0,-425.0114792100194
16327.0,-1376.764344988279
16328.0,-2012.0222107665459
16329.0,-2647.2790765448126
16330.0,-2333.0489423230792
16331.0,-1385.8278081013386
16332.0,194.3843261203947
16333.0,508.61446034212895
16334.0,822.8445945638687
16335.0,820.5787287856019
16336.0,185.320863007335
16337.0,-1082.9280027709246
16338.0,-2351.1758685491914
16339.0,-3302.928734327458
16340.0,-4254.681600105718
16341.0,-5206.435465883984
16342.0,-5525.196331662251
16343.0,-6476.949197440517
16344.0,-4896.737063218778
16345.0,-5848.4899289970435
16346.0,-4584.77279477531
16347.0,-5536.525660553571
16348.0,-4905.800526331837
16349.0,-5224.562392110103
16350.0,-5859.819257888363
16351.0,-6178.5811236666295
16352.0,-7130.333989444896
16353.0,-5866.616855223156
16354.0,-7767.856721001423
16355.0,-5554.65258677969
16356.0,-6189.910452557956
16357.0,-4926.193318336216
16358.0,-5561.450184114483
16359.0,-6196.708049892749
16360.0,-5565.981915671009
16361.0,-6834.230781449275
16362.0,-4621.026647227542
16363.0,-4306.796513005802
16364.0,-511.1143787840683
16365.0,-196.88524456233517
16366.0,2332.8148896593975
16367.0,2330.549023881138
16368.0,1695.2921581028713
16369.0,2959.0082923246046
16370.0,1374.264426546346
16371.0,4536.9555607680795
16372.0,3268.7066949898126
16373.0,7380.884829211553
16374.0,6745.627963433286
16375.0,9275.32709765502
16376.0,8323.57423187676
16377.0,11169.769366098495
16378.0,11800.495500320227
16379.0,12431.220634541958
16380.0,12112.4587687637
16381.0,11160.705902985435
16382.0,11158.440037207169
16383.0,7843.953385489134
16384.0,6921.662515594488
16385.0,6315.86764569984
16386.0,7925.541775805192
16387.0,7003.250905910545
16388.0,9245.917036015955
16389.0,7690.635166121308
16390.0,7401.33529622666
16391.0,4896.565426332012
16392.0,4290.770556437365
16393.0,1786.001686542717
16394.0,1180.205816648071
16395.0,-1008.0680532465194
16396.0,-1613.862923141167
16397.0,-3485.6407930358137
16398.0,-4091.4356629304616
16399.0,-4380.735532825109
16400.0,-4670.035402719757
16401.0,-5275.830272614405
16402.0,-6198.121142508993
16403.0,-6487.421012403641
16404.0,-8992.189882298288
16405.0,-8964.993752192935
16406.0,-10520.276622087584
16407.0,-8277.61049198223
16408.0,-9832.892361876879
16409.0,-8223.218231771467
16410.0,-9778.500101666115
16411.0,-7852.329971560763
16412.0,-9407.61284145541
16413.0,-8114.433711350058
16414.0,-8403.733581244705
16415.0,-8060.041451139353
16416.0,-7083.358321034
16417.0,-7372.65819092859
16418.0,-5446.488060823237
16419.0,-4469.804930717884
16420.0,-1910.6428006125325
16421.0,-1566.95067050718
16422.0,1308.7064595981738
16423.0,702.9105897035251
16424.0,1996.089719808937
16425.0,757.3028499142883
16426.0,1100.994980019641
16427.0,811.6951101249933
16428.0,1788.379240230346
16429.0,2448.5663703356986
16430.0,3741.7455004410513
16431.0,4401.932630546462
16432.0,4429.128760651814
16433.0,4139.828890757166
16434.0,3534.0340208625184
16435.0,1978.7521509678718
16436.0,1689.452281073225
16437.0,-182.32558882142348
16438.0,-1737.6084587160121
16439.0,-2343.4033286106596
16440.0,-3898.6861985053074
16441.0,-2922.002068399955
16442.0,-5110.275938294602
16443.0,-3500.6018081892503
16444.0,-4739.3886780838975
16445.0,-3129.713547978487
16446.0,-4368.500417873134
16447.0,-4657.800287767782
16448.0,-4630.604157662429
16449.0,-5552.895027557077
16450.0,-3943.2198974517246
16451.0,-4549.015767346372
16452.0,-1989.8536372409608
16453.0,-2595.6485071356087
16454.0,-669.4783770302565
16455.0,-642.282246924904
16456.0,334.40088318044855
16457.0,1311.0840132858011
16458.0,1021.7841433911535
16459.0,2947.9542734965653
16460.0,759.6804036019166
16461.0,3635.3385337072687
16462.0,2080.055663812622
16463.0,4322.721793917974
16464.0,3716.926924023326
16465.0,5326.60105412868
16466.0,5670.2931842340895
16467.0,3482.0193143394426
16468.0,4142.206444444795
16469.0,1953.9325745501474
16470.0,4196.5987046555
16471.0,1058.8378347608523
16472.0,4250.990964866205
16473.0,3328.7000949715584
16474.0,5254.8702250769675
16475.0,4016.08435518232
16476.0,4359.775485287673
16477.0,3753.980615393026
16478.0,2198.697745498378
16479.0,2225.8938756037305
16480.0,670.612005709083
16481.0,1647.2951358144937
16482.0,-857.4737340801539
16483.0,435.70439602519855
16484.0,146.40552613055115
16485.0,1756.0796562359037
16486.0,3049.2587863412573
16487.0,4658.932916446609
16488.0,5952.11204655202
16489.0,5662.812176657371
16490.0,6006.504306762725
16491.0,5084.213436868076
16492.0,4478.418566973429
16493.0,3872.622697078783
16494.0,3899.8188271841354
16495.0,5825.9889572895445
16496.0,5853.185087394897
16497.0,6829.8682175002505
16498.0,6857.064347605603
16499.0,8150.243477710956
16500.0,8177.439607816308
16501.0,7888.13973792166
16502.0,7915.33586802707
16503.0,7626.036998132424
16504.0,7653.233128237776
16505.0,6414.446258343129
16506.0,6441.642388448481
16507.0,4886.360518553833
16508.0,5546.547648659185
16509.0,4307.7607787645975
16510.0,4967.948908869948
16511.0,3729.1620389753025
16512.0,4072.854169080654
16513.0,3467.0582991860065
16514.0,3494.254429291359
16515.0,3837.9465593967125
16516.0,4181.638689502122
16517.0,5158.321819607474
16518.0,4869.021949712827
16519.0,5212.714079818179
16520.0,4606.918209923533
16521.0,3684.6273400288846
16522.0,2445.840470134237
16523.0,1207.0546002396477
16524.0,284.7637303450001
16525.0,628.4548604503534
16526.0,339.1559905557051
16527.0,999.3431206610576
16528.0,1343.0352507664102
16529.0,1686.7263808717626
16530.0,447.9405109771151
16531.0,791.6316410825266
16532.0,-1080.1462288121215
16533.0,-2318.9330987067688
16534.0,-4823.701968601416
16535.0,-6695.479838496063
16536.0,-7617.770708390712
16537.0,-9489.548578285358
16538.0,-9462.352448179947
16539.0,-10384.643318074595
16540.0,-9091.465187969243
16541.0,-8747.773057863891
16542.0,-8087.585927758538
16543.0,-8060.389797653185
16544.0,-8349.688667547834
16545.0,-8322.492537442424
16546.0,-9561.27940733707
16547.0,-8901.092277231717
16548.0,-9823.383147126366
16549.0,-7897.213017021012
16550.0,-6920.5298869156595
16551.0,-5627.350756810307
16552.0,-4017.675626704897
16553.0,-3040.992496599544
16554.0,-6969.854727272506
16555.0,-7899.158298775055
16556.0,-4397.520870277547
16557.0,-5326.823441780039
16558.0,-875.6990132825304
16559.0,-2121.49758478502
16560.0,747.1478437124297
16561.0,1716.8192722099375
16562.0,3002.9867007074463
16563.0,4605.649129204956
16564.0,5258.825557702465
16565.0,7177.9839861999135
16566.0,6565.176414697424
16567.0,9750.31784319493
16568.0,8188.02427169244
16569.0,10423.67870018995
16570.0,8544.888128687457
16571.0,10464.04755718491
16572.0,10484.231985682418
16573.0,10504.416414179927
16574.0,11157.591842677433
16575.0,10861.280271174943
16576.0,9615.482699672393
16577.0,6154.214128169902
16578.0,4591.92055666741
16579.0,3029.6259851649193
16580.0,1783.8274136624277
16581.0,2437.0038421599365
16582.0,3090.179270657387
16583.0,4376.346699154896
16584.0,2814.052127652403
16585.0,2201.245556149912
16586.0,638.9519846474213
16587.0,-606.8465868551284
16588.0,-270.1661583576206
16589.0,-1832.4607298601113
16590.0,-229.79730136260332
16591.0,-2425.082872865094
16592.0,-505.92444436764345
16593.0,-2068.219015870135
16594.0,-149.059587372627
16595.0,-128.87515887511836
16596.0,1473.7872696223912
16597.0,3392.9456981199
16598.0,2147.1471266173503
16599.0,3116.818555114858
16600.0,921.5339836123676
16601.0,-7.768587890124763
16602.0,-2203.0541593926155
16603.0,-1233.382730895164
16604.0,-580.2073023976554
16605.0,389.46412609985236
16606.0,1042.6405545973612
16607.0,746.3289830948688
16608.0,133.52241159237747
16609.0,-1745.2681599101716
16610.0,-3307.561731412663
16611.0,-4553.360302915154
16612.0,-5166.166874417645
16613.0,-5462.478445920136
16614.0,-5758.789017422687
16615.0,-5422.109588925177
16616.0,-6034.916160427669
16617.0,-5698.235731930161
16618.0,-6311.0433034326525
16619.0,-6923.849874935202
16620.0,-8169.648446437693
16621.0,-7832.968017940184
16622.0,-9395.262589442675
16623.0,-8425.591160945167
16624.0,-9354.893732447657
16625.0,-8701.717303950209
16626.0,-8681.5328754527
16627.0,-10243.82744695519
16628.0,-8324.669018457682
16629.0,-9886.962589960172
16630.0,-7967.804161462723
16631.0,-9530.097732965214
16632.0,-9509.913304467706
16633.0,-11072.207875970196
16634.0,-12001.510447472689
16635.0,-11664.830018975179
16636.0,-12594.13259047773
16637.0,-9408.99116198022
16638.0,-9388.806733482712
16639.0,-5887.170304985204
16640.0,-7449.4638764876945
16641.0,-5530.305447990244
16642.0,-6459.608019492736
16643.0,-6439.423590995228
16644.0,-5786.248162497719
16645.0,-4816.576734000209
16646.0,-1947.9313055027596
16647.0,-1927.746877005251
16648.0,624.403551492258
16649.0,644.5879799897666
16650.0,3829.7294084872756
16651.0,3216.921836984784
16652.0,6402.063265482235
16653.0,6422.247693979743
16654.0,8341.406122477252
16655.0,7412.10355097476
16656.0,8381.77497947227
16657.0,7768.96840796972
16658.0,8105.64883646723
16659.0,8125.833264964738
16660.0,8779.008693462245
16661.0,9432.184121959755
16662.0,9135.873550457261
16663.0,9156.057978954712
16664.0,7277.268407452222
16665.0,6031.469835949731
16666.0,3836.184264447238
16667.0,3539.8726929447475
16668.0,1661.0831214421978
16669.0,1364.7725499397056
16670.0,118.97397843721592
16671.0,772.1494069347245
16672.0,-473.6491645677679
16673.0,-1402.9517360703176
16674.0,-2648.749307572809
16675.0,-3578.0518790753003
16676.0,-4823.850450577791
16677.0,-6386.145022080283
16678.0,-6682.455593582774
16679.0,-7611.7581650853235
16680.0,-6958.582736587815
16681.0,-7571.389308090306
16682.0,-6285.222879592798
16683.0,-5632.04645109529
16684.0,-4978.871022597839
16685.0,-4642.19059410033
16686.0,-4938.502165602822
16687.0,-4918.317737105313
16688.0,-4581.637308607804
16689.0,-3611.965880110295
16690.0,-2958.7904516128447
16691.0,-1672.6230231153368
16692.0,-386.45559461782796
16693.0,1532.7028338796808
16694.0,2502.3742623771886
16695.0,4105.03669087464
16696.0,5074.708119372148
16697.0,6993.867547869657
16698.0,7014.0519763671655
16699.0,7983.723404864675
16700.0,7054.4208333621245
16701.0,7391.100261859634
16702.0,7411.284690357143
16703.0,7747.96511885465
16704.0,9034.132547352161
16705.0,9687.307975849668
16706.0,10340.48340434712
16707.0,8145.198832844628
16708.0,8165.383261342136
16709.0,5970.097689839644
16710.0,5040.795118337153
16711.0,3794.9965468346036
16712.0,3182.189975332112
16713.0,3202.374403829621
16714.0,2273.0718323271285
16715.0,1343.769260824638
16716.0,414.4656893220881
16717.0,-1147.8278821804033
16718.0,-811.1474536828946
16719.0,-2056.946025185386
16720.0,-1087.2745966878774
16721.0,-2333.073168190368
16722.0,-1363.4017396929185
16723.0,-2292.704311195409
16724.0,-1323.0328826979012
16725.0,-986.3524542003925
16726.0,-649.6720257028837
16727.0,636.4944027945667
16728.0,-925.7991687079248
16729.0,43.87225978958395
16730.0,-1201.9263117129076
16731.0,84.24111678460122
16732.0,-2427.5394547178903
16733.0,-1141.37302622044
16734.0,-1121.1885977229313
16735.0,-784.5081692254225
16736.0,-447.8277407279138
16737.0,-1060.6353122304054
16738.0,858.5231162670452
16739.0,-703.7704552354462
16740.0,265.9009732620625
16741.0,-2557.5872917878905
16742.0,-2570.7374392194497
16743.0,-5115.853586651009
16744.0,-4496.011734082598
16745.0,-5142.153881514157
16746.0,-4205.817028945716
16747.0,-3902.4711763772752
16748.0,-3599.1253238088343
16749.0,-3928.7714712404227
16750.0,-5207.904618671982
16751.0,-5221.054766103541
16752.0,-5867.1959135351
16753.0,-5247.355060966688
16754.0,-5260.505208398247
16755.0,-4640.663355829807
16756.0,-4337.318503261366
16757.0,-4666.9636506929255
16758.0,-4680.113798124514
16759.0,-3427.2809455560723
16760.0,-1857.9530929876319
16761.0,-605.1202404191908
16762.0,647.7116121492209
16763.0,1584.049464717662
16764.0,1254.4033172861036
16765.0,924.7571698545435
16766.0,1544.5990224229554
16767.0,2480.9358749913954
16768.0,3733.767727559836
16769.0,4670.104580128278
16770.0,4340.459432696718
16771.0,5276.796285265131
16772.0,3997.6631378335715
16773.0,4301.0089904020115
16774.0,3338.371842970453
16775.0,3958.212695538865
16776.0,4894.549548107305
16777.0,4248.408400675746
16778.0,5501.2402532441865
16779.0,4538.603105812599
16780.0,6107.931958381039
16781.0,5145.294810949481
16782.0,4815.648663517921
16783.0,5118.994516086363
16784.0,3839.861368654774
16785.0,4776.198221223214
16786.0,3497.065073791655
16787.0,4433.401926360097
16788.0,3470.7647789285074
16789.0,4723.597631496948
16790.0,5026.94348406539
16791.0,5330.28833663383
16792.0,6583.121189202242
16793.0,6886.467041770684
16794.0,7822.803894339124
16795.0,5910.679746907565
16796.0,6214.024599476006
16797.0,5251.387452044417
16798.0,5238.237304612858
16799.0,4592.096157181299
16800.0,5211.937009749739
16801.0,5515.282862318152
16802.0,5502.132714886593
16803.0,4539.495567455033
16804.0,4526.345420023474
16805.0,2614.2212725919144
16806.0,1651.584125160327
16807.0,55.95497772876752
16808.0,-1539.6731697027917
16809.0,-2818.80631713435
16810.0,-4097.938464565939
16811.0,-4427.584611997498
16812.0,-6023.213759429057
16813.0,-5719.867906860616
16814.0,-6682.5050542922045
16815.0,-7012.151201723764
16816.0,-7341.796349155323
16817.0,-8304.433496586882
16818.0,-7368.096644018441
16819.0,-9280.220791450029
16820.0,-8343.883938881589
16821.0,-8673.530086313147
16822.0,-7104.202233744707
16823.0,-7117.352381176295
16824.0,-5864.519528607854
16825.0,-5244.678676039413
16826.0,-5257.828823470973
16827.0,-3688.4999709025606
16828.0,-5600.624118334121
16829.0,-2765.3132657656797
16830.0,-4677.437413197238
16831.0,-892.6395606287979
16832.0,-2488.267708060386
16833.0,1296.530144508055
16834.0,17.39699707649561
16835.0,3802.1948496449368
16836.0,3472.5497022133477
16837.0,3459.3995547817885
16838.0,4712.231407350229
16839.0,3433.09925991867
16840.0,5951.914112487082
16841.0,3090.3029650555236
16842.0,7270.362579957991
16843.0,5648.821029251621
16844.0,8141.722478545251
16845.0,6520.180927838996
16846.0,9013.082377132625
16847.0,8974.01882642637
16848.0,8934.95527572
16849.0,7946.404725013746
16850.0,6324.863174307375
16851.0,4070.329623601121
16852.0,2132.29207289475
16853.0,827.2455221884957
16854.0,1104.677971482126
16855.0,1065.6144207757552
16856.0,1976.0378700695
16857.0,1620.4783193631301
16858.0,1897.910768656875
16859.0,-356.622782049496
16860.0,-395.6863327557503
16861.0,-751.2458834621211
16862.0,-1739.7964341683755
16863.0,-829.3729848747462
16864.0,-2134.4185355810005
16865.0,-274.50808628737104
16866.0,-2845.537636993741
16867.0,-669.1311876999962
16868.0,-1341.185738406367
16869.0,518.7247108873798
16870.0,-786.321839818992
16871.0,-508.8893905252462
16872.0,-864.448941231617
16873.0,-2485.9904919378714
16874.0,-2525.054042644242
16875.0,-3197.1095933504957
16876.0,-2286.6861440568673
16877.0,-2009.2536947631215
16878.0,-1415.3262454694923
16879.0,-2403.876796175863
16880.0,-1809.9483468821172
16881.0,-2798.498897588488
16882.0,-2837.5624482947424
16883.0,-4142.608999001112
16884.0,-4814.663549707368
16885.0,-6119.7101004137385
16886.0,-6158.773651119993
16887.0,-7147.324201826363
16888.0,-6553.396752532617
16889.0,-5326.477303238988
16890.0,-4416.053853945358
16891.0,-3189.1344046516133
16892.0,-3861.1899553579833
16893.0,-3583.7575060642384
16894.0,-4888.804056770608
16895.0,-5877.354607476864
16896.0,-5916.4181581832345
16897.0,-6271.977708889488
16898.0,-4412.066259595859
16899.0,-3818.1388103021136
16900.0,-3224.2113610084843
16901.0,-2946.778911714855
16902.0,-3302.3384624211094
16903.0,-2391.91501312748
16904.0,-5279.439563833734
16905.0,-3419.529114540105
16906.0,-6307.05366524636
16907.0,-4763.63821595273
16908.0,-6385.180766658985
16909.0,-5791.252317365355
16910.0,-4564.333868071609
16911.0,-5236.3884187779795
16912.0,-3059.981969484351
16913.0,-4681.524520190605
16914.0,-1872.127070896976
16915.0,-4759.65162160323
16916.0,-2583.245172309601
16917.0,-3888.2917230158555
16918.0,-2661.372273722226
16919.0,-2383.9398244284803
16920.0,-1473.51637513485
16921.0,1652.3770741588942
16922.0,2879.2955234525234
16923.0,6954.675972746154
16924.0,6599.117422039901
16925.0,9092.01887133353
16926.0,6520.990320627276
16927.0,8064.404769920904
16928.0,5809.871219214649
16929.0,7669.78166850828
16930.0,7630.7181178020255
16931.0,9807.124567095652
16932.0,11034.044016389398
16933.0,11311.476465683027
16934.0,11272.412914976656
16935.0,10600.357364270403
16936.0,9295.311813564032
16937.0,6724.282262857778
16938.0,6052.227712151409
16939.0,4114.190161445153
16940.0,2492.6476107387825
16941.0,238.11406003252705
16942.0,-433.94049067384367
16943.0,-1738.9870413800963
16944.0,-2094.545592086468
16945.0,-3716.088142792839
16946.0,-4071.6476934990933
16947.0,-6009.685244205463
16948.0,-4975.540027940126
16949.0,-3941.3948116747874
16950.0,-2907.2495954094493
16951.0,-5821.3074652809355
16952.0,-6519.895335152189
16953.0,-7218.484205023674
16954.0,-6334.594074894927
16955.0,-6083.694944766181
16956.0,-5199.804814637666
16957.0,-4948.90568450892
16958.0,-5647.493554380406
16959.0,-6662.578424251658
16960.0,-7994.157294122912
16961.0,-6793.7721639943975
16962.0,-6542.873033865651
16963.0,-3760.008903737137
16964.0,-2876.1187736083903
16965.0,-1042.741643479876
16966.0,-1424.8335133511296
16967.0,-857.4393832223827
16968.0,-923.0362530938687
16969.0,-355.64112296512167
16970.0,528.249007163392
16971.0,1095.6431372921388
16972.0,3562.011267420886
16973.0,3496.4143975494
16974.0,5013.296527678147
16975.0,3681.716657806661
16976.0,5198.598787935407
16977.0,5765.992918064154
16978.0,6016.892048192669
16979.0,6584.286178321416
16980.0,5885.69830844993
16981.0,4554.118438578676
16982.0,1956.55556870719
16983.0,624.976698835937
16984.0,-706.6031710353154
16985.0,-139.20904090680142
16986.0,1061.1770892219447
16987.0,1628.5712193504587
16988.0,1879.4703494792057
16989.0,2130.3694796079526
16990.0,482.29360973646635
16991.0,416.6967398652132
16992.0,-2180.8651300062725
16993.0,-1613.4709998775256
16994.0,-2945.0508697487785
16995.0,-2061.1597396202646
16996.0,-2443.252609491518
16997.0,-1559.3624793630033
16998.0,590.5106507657429
16999.0,1157.9047808942569
17000.0,2991.281911023005
17001.0,3558.67704115175
17002.0,4759.062171280264
17003.0,4060.474301409011
17004.0,3045.3904315375257
17005.0,3296.2895616662718
17006.0,1964.7096917950203
17007.0,2532.1038219235343
17008.0,2150.0119520522803
17009.0,2400.910082180795
17010.0,2968.3052123095404
17011.0,2902.708342438287
17012.0,4736.085472566801
17013.0,2455.018602695549
17014.0,3971.899732824062
17015.0,1374.3378629528106
17016.0,2574.723993081556
17017.0,-339.3348767899297
17018.0,861.0512533388173
17019.0,1744.9413834673323
17020.0,1046.3535135960792
17021.0,2246.7396437245916
17022.0,598.6637738533391
17023.0,1166.0589039820861
17024.0,-1747.9999658894003
17025.0,-547.6138357606533
17026.0,-1562.6977056321393
17027.0,-45.816575503392414
17028.0,838.0745546253547
17029.0,1088.9726847538695
17030.0,2922.3498148826147
17031.0,1274.2749450111296
17032.0,3424.148075139876
17033.0,2092.5682052686225
17034.0,3292.9543353971367
17035.0,2277.8704655258844
17036.0,2212.2735956543984
17037.0,2146.6767257831452
17038.0,182.1058559116591
17039.0,2015.482986040406
17040.0,1316.8941161691528
17041.0,5365.741246297666
17042.0,4034.161376426413
17043.0,7766.513506554929
17044.0,5801.942636683674
17045.0,5419.849766812422
17046.0,3138.7828969409347
17047.0,1807.2030270696814
17048.0,2374.5981571981956
17049.0,93.53128732694313
17050.0,1610.4124174556891
17051.0,-37.662452415796
17052.0,1479.21867771295
17053.0,147.63980784146406
17054.0,715.0339379702109
17055.0,1598.924068098726
17056.0,1216.8311982274718
17057.0,1467.7303283562196
17058.0,-180.34454151526734
17059.0,-1195.4284113865197
17060.0,-2843.504281258006
17061.0,-2909.101151129259
17062.0,-2658.202021000512
17063.0,-2723.798890871998
17064.0,-1206.9177607432503
17065.0,-956.018630614737
17066.0,-72.12850048599103
17067.0,-1403.7083703572425
17068.0,-2102.2962402287285
17069.0,-2800.8851100999827
17070.0,-3499.4729799714687
17071.0,-4514.556849842722
17072.0,-4580.153719713975
17073.0,-4962.246589585461
17074.0,-5027.843459456714
17075.0,-5726.4313293282
17076.0,-7058.011199199453
17077.0,-7440.1030690709395
17078.0,-9404.674938942193
17079.0,-9153.775808813445
17080.0,-9146.440890105085
17081.0,-7528.261536274148
17082.0,-10657.518182443211
17083.0,-9672.33082861216
17084.0,-11852.100474781222
17085.0,-11499.90412095017
17086.0,-10831.212767119234
17087.0,-12694.486413288298
17088.0,-10759.812059457245
17089.0,-13256.076705626307
17090.0,-11321.402351795372
17091.0,-14134.162997964318
17092.0,-12515.984644133383
17093.0,-13113.275290302328
17094.0,-11178.600936471394
17095.0,-9560.422582640456
17096.0,-8258.739228809403
17097.0,-5374.577874978468
17098.0,-5022.381521147416
17099.0,-2771.211167316479
17100.0,-3368.5028134855424
17101.0,-2699.81045965449
17102.0,-2031.1191058235536
17103.0,-2628.409751992501
17104.0,572.2466018384357
17105.0,1662.9326223360774
17106.0,2753.618642833719
17107.0,3844.304663331361
17108.0,4934.990683829003
17109.0,6025.6767043266445
17110.0,7116.3627248242865
17111.0,8101.55007865534
17112.0,6871.267432486276
17113.0,9122.437786317212
17114.0,6309.677140148266
17115.0,10459.821493979201
17116.0,7014.068847810255
17117.0,10847.71820164119
17118.0,8034.957555472127
17119.0,11235.613909303182
17120.0,9055.845263134117
17121.0,11307.01461696517
17122.0,11342.714970796107
17123.0,10428.928324627042
17124.0,11097.620678458094
17125.0,9234.347032289032
17126.0,10219.534386120085
17127.0,8989.25173995102
17128.0,10607.430093781957
17129.0,10643.13044761301
17130.0,10678.830801443946
17131.0,9448.549155274999
17132.0,8851.257509105935
17133.0,8570.46286293687
17134.0,7023.684216767924
17135.0,7059.384570598861
17136.0,7728.075924429797
17137.0,7447.281278260849
17138.0,8748.964632091785
17139.0,7518.681985922838
17140.0,9769.852339753776
17141.0,8223.07369358471
17142.0,10157.748047415764
17143.0,8294.4744012467
17144.0,8646.670755077754
17145.0,6150.40510890869
17146.0,5236.618462739625
17147.0,4006.336816570678
17148.0,3092.550170401615
17149.0,4394.232524232668
17150.0,3796.9418780636042
17151.0,5415.12023189454
17152.0,4184.838585725593
17153.0,4220.538939556529
17154.0,2040.7692933875824
17155.0,1759.9736472185186
17156.0,-736.2909989505451
17157.0,-67.59964511949238
17158.0,-1297.8822912885557
17159.0,-1578.6769374576193
17160.0,-3125.4555836265663
17161.0,-3089.75522979563
17162.0,-2737.5588759645775
17163.0,-2701.858522133641
17164.0,-2033.1671683027048
17165.0,-1364.4748144716518
17166.0,-379.28746064071584
17167.0,-1926.0661068096629
17168.0,-2523.3567529787265
17169.0,-3753.63939914779
17170.0,-3717.939045316737
17171.0,-3682.2386914858007
17172.0,-3330.042337654748
17173.0,-2977.8469838238116
17174.0,-3575.137629992875
17175.0,-3855.9332761618225
17176.0,-5402.710922330886
17177.0,-6632.993568499833
17178.0,-6913.788214668897
17179.0,-7511.079860837961
17180.0,-7158.883507006907
17181.0,-7439.679153175972
17182.0,-7087.482799345034
17183.0,-7684.774445513982
17184.0,-6699.586091683046
17185.0,-8246.364737851993
17186.0,-7261.177384021057
17187.0,-8174.964030190121
17188.0,-7506.272676359067
17189.0,-7154.076322528132
17190.0,-6168.888968697078
17191.0,-4550.709614866142
17192.0,-3565.5222610352057
17193.0,-1314.3529072041529
17194.0,-3104.491579181892
17195.0,-4894.630251159631
17196.0,-6684.7689231373715
17197.0,-4037.84565053217
17198.0,-3289.895377926967
17199.0,-959.46810532153
17200.0,-844.5098327163269
17201.0,-413.0555601111246
17202.0,334.8947124940787
17203.0,1715.8349850995146
17204.0,3413.272257704717
17205.0,5427.204530309922
17206.0,7124.640802915124
17207.0,8822.07807552056
17208.0,8620.540348125764
17209.0,8102.507620730965
17210.0,6318.49189333617
17211.0,5800.458165941607
17212.0,3699.946438546809
17213.0,2865.417711152011
17214.0,1714.3939837572143
17215.0,1196.36025636265
17216.0,361.83152896785396
17217.0,-789.1931984269431
17218.0,-1307.22592582174
17219.0,-3407.7376532163034
17220.0,-3292.7793806111004
17221.0,-4760.299108005898
17222.0,-4645.340835400695
17223.0,-6429.356562795259
17224.0,-6630.894290190056
17225.0,-8731.406017584854
17226.0,-8932.943744979417
17227.0,-9767.472472374215
17228.0,-9336.01819976901
17229.0,-8271.572927163808
17230.0,-8156.614654558372
17231.0,-7408.664381953169
17232.0,-7610.202109347965
17233.0,-6862.252836742762
17234.0,-6747.294564137326
17235.0,-5682.849291532123
17236.0,-3985.4120189269206
17237.0,-1971.4797463217164
17238.0,675.4435262837178
17239.0,1423.393798888921
17240.0,1854.847071494125
17241.0,1969.805344099328
17242.0,1768.2686167047632
17243.0,2516.2178893099663
17244.0,1998.1851619151694
17245.0,4328.612434520373
17246.0,4760.0667071258085
17247.0,7723.485979731013
17248.0,8471.436252336214
17249.0,9535.881524941418
17250.0,10283.830797546856
17251.0,9765.798070152057
17252.0,9564.260342757261
17253.0,7780.244615362697
17254.0,7578.706887967899
17255.0,5794.691160573102
17256.0,4327.171433178306
17257.0,3809.1377057837417
17258.0,3291.104978388945
17259.0,3722.559250994147
17260.0,3204.52552359935
17261.0,3002.988796204787
17262.0,2801.451068809989
17263.0,1650.4263414151937
17264.0,2081.880614020396
17265.0,-335.1271133741684
17266.0,1045.8141592310349
17267.0,-1687.6885681637623
17268.0,-939.7392955585592
17269.0,-2723.755022953123
17270.0,-1342.8137503479202
17271.0,-1544.3514777427163
17272.0,-796.4012051375139
17273.0,901.0350674679221
17274.0,-1199.4766599268742
17275.0,1763.9426126783283
17276.0,-1602.551114716468
17277.0,727.8771578889673
17278.0,-2322.1215695058295
17279.0,641.2977030993734
17280.0,123.26497570480933
17281.0,238.22324831001242
17282.0,36.68552091521542
17283.0,-1747.3302064795812
17284.0,-682.8849338741447
17285.0,-3732.883661268942
17286.0,-2035.4473886637388
17287.0,-3186.4711160585357
17288.0,-1805.5308434530998
17289.0,-2007.067570847897
17290.0,-2525.1012982426937
17291.0,-827.6640256374908
17292.0,-2928.1757530320547
17293.0,-914.2434804268519
17294.0,-2381.7632078216484
17295.0,-367.8309352164456
17296.0,-1202.3596626110098
17297.0,-1087.4013900058067
17298.0,-655.9481174006032
17299.0,-2439.9638447954003
17300.0,-426.0315721899642
17301.0,-1893.5512995847612
17302.0,-5511.00288626907
17303.0,-7072.357141263736
17304.0,-3253.2843962584593
17305.0,-3548.654651253125
17306.0,-2578.0429062477906
17307.0,-3506.4051612425146
17308.0,-3168.7854162371805
17309.0,-3147.660671231846
17310.0,-4709.01392622657
17311.0,-3738.402181221236
17312.0,-4666.764436215902
17313.0,-2430.1696912106254
17314.0,-2409.044946205291
17315.0,-805.4422012000141
17316.0,798.1615438053195
17317.0,1135.7812888106528
17318.0,1156.9060338159288
17319.0,228.5437788212639
17320.0,566.1645238265974
17321.0,-678.6937311681249
17322.0,291.9180138372085
17323.0,313.04275884254275
17324.0,334.1675038478188
17325.0,1937.7712488531524
17326.0,1325.9039938584865
17327.0,3246.0027388637627
17328.0,2317.640483869098
17329.0,4870.731228874432
17330.0,5208.351973879708
17331.0,6178.963718885043
17332.0,4617.609463890318
17333.0,5588.221208895653
17334.0,5609.345953900987
17335.0,5946.9666989062625
17336.0,6601.082443911597
17337.0,7888.190188916931
17338.0,9491.792933922206
17339.0,8563.430678927543
17340.0,9534.042423932875
17341.0,7656.193168938153
17342.0,8310.309913943485
17343.0,7065.451658948821
17344.0,8036.063403954096
17345.0,7740.6921489594315
17346.0,8394.808893964764
17347.0,8732.428638970043
17348.0,6854.579383975375
17349.0,6242.713128980709
17350.0,3731.871873985985
17351.0,2487.0146189913194
17352.0,925.6603639965961
17353.0,-1268.68489099807
17354.0,-931.0641459927356
17355.0,-3758.4004009874598
17356.0,-2787.7886559821254
17357.0,-5615.1249109767905
17358.0,-4011.5221659715144
17359.0,-5572.87542096618
17360.0,-5868.246675960847
17361.0,-5847.121930955571
17362.0,-8041.467185950236
17363.0,-7703.846440944902
17364.0,-11480.669695939625
17365.0,-9560.57095093429
17366.0,-13020.899205928956
17367.0,-8568.834460923681
17368.0,-10130.187715918346
17369.0,-5994.619970913071
17370.0,-7239.477225907736
17371.0,-4369.891480902402
17372.0,-4348.766735897126
17373.0,-4327.6419908917915
17374.0,-3673.526245886457
17375.0,-4285.392500881181
17376.0,-2365.2937558758476
17377.0,-4876.1340108705135
17378.0,-2006.5482658652372
17379.0,-4200.893520859902
17380.0,-381.82077585456864
17381.0,-1626.6790308492928
17382.0,1242.907714156041
17383.0,314.54545916137613
17384.0,1285.1572041666514
17385.0,-592.6930508280138
17386.0,694.4146941772633
17387.0,-550.4435608174035
17388.0,-212.82281581206917
17389.0,441.2939291932071
17390.0,1411.9056741985405
17391.0,1749.5254192038756
17392.0,1454.1551642091508
17393.0,1791.774909214486
17394.0,1496.4046542198193
17395.0,1201.0333992250962
17396.0,905.6621442304313
17397.0,2509.265889235765
17398.0,1264.4076342410408
17399.0,2235.0193792463742
17400.0,990.1611242517101
17401.0,2910.2598692569845
17402.0,1665.4026142623188
17403.0,2952.509359267653
17404.0,2024.14710427293
17405.0,2361.7678492782634
17406.0,483.9185942835411
17407.0,188.54733928887435
17408.0,-739.8149157057915
17409.0,230.79682929948467
17410.0,-64.57442569518116
17411.0,273.0463193101532
17412.0,927.1630643154294
17413.0,631.7918093207645
17414.0,1285.9075543260988
17415.0,41.04929933137373
17416.0,1011.6620443367083
17417.0,-233.19621065795764
17418.0,-528.5674656526817
17419.0,-2406.4167206473476
17420.0,-3018.2829756420133
17421.0,-2997.1582306367372
17422.0,-2659.538485631402
17423.0,-1372.4307406261269
17424.0,-1351.3059956207926
17425.0,-64.19825061545816
17426.0,-359.5695056101822
17427.0,-971.4357606048479
17428.0,-1583.3030155995139
17429.0,-2511.665270594237
17430.0,-1857.5485255889034
17431.0,-2469.4157805835684
17432.0,-1498.8040355782932
17433.0,-1477.679290572959
17434.0,-507.0675455676246
17435.0,-802.4378005623485
17436.0,-148.3220555570142
17437.0,189.29868944832015
17438.0,1159.9104344535972
17439.0,2447.01817945893
17440.0,2151.6469244642067
17441.0,2172.771669469541
17442.0,3143.3834144748744
17443.0,1898.525159480152
17444.0,2869.1369044854855
17445.0,1940.7746494908206
17446.0,2594.891394496095
17447.0,3249.0071395014293
17448.0,2004.1488845067652
17449.0,2341.7696295120404
17450.0,-1541.1289802922174
17451.0,-1229.5688486079798
17452.0,-4715.957716923742
17453.0,-2821.9185852394903
17454.0,-5358.820453555252
17455.0,-2831.7903218710007
17456.0,-3786.213190186763
17457.0,-3791.1490585025253
17458.0,-4745.572926818273
17459.0,-6016.490795134036
17460.0,-5071.939663449799
17461.0,-8241.832531765545
17462.0,-6347.794400081309
17463.0,-8251.704268397056
17464.0,-4775.188136712819
17465.0,-6362.6020050285815
17466.0,-2886.08487334433
17467.0,-3207.5167416600916
17468.0,1218.48739002416
17469.0,1530.0465217083984
17470.0,5006.563653392635
17471.0,6267.609785076887
17472.0,7212.161916761124
17473.0,7840.217048445376
17474.0,8151.777180129615
17475.0,9729.319311813852
17476.0,10357.374443498105
17477.0,12567.90857518234
17478.0,12879.468706866592
17479.0,14773.506838550831
17480.0,14452.07497023507
17481.0,15713.122101919322
17482.0,14442.203233603559
17483.0,14120.772365287808
17484.0,11900.366496972048
17485.0,11895.430628656286
17486.0,9358.528760340538
17487.0,8720.601892024775
17488.0,6500.196023709012
17489.0,6811.756155393265
17490.0,5224.341287077501
17491.0,3636.927418761754
17492.0,1416.521550445992
17493.0,-1120.3793178697715
17494.0,-3973.7761861855192
17495.0,-6194.1820545012815
17496.0,-6832.10992281703
17497.0,-7470.036791132792
17498.0,-7791.468659448555
17499.0,-8745.891527764303
17500.0,-9700.314396080064
17501.0,-10338.241264395812
17502.0,-10659.673132711576
17503.0,-11930.592001027337
17504.0,-11302.535869343086
17505.0,-12573.454737658849
17506.0,-11628.903605974596
17507.0,-12266.83047429036
17508.0,-11322.279342606122
17509.0,-11010.720210921869
17510.0,-9116.681079237631
17511.0,-7539.13894755338
17512.0,-5961.596815869142
17513.0,-4067.5576841849047
17514.0,-3755.9985525006527
17515.0,-3444.4384208164147
17516.0,-3449.374289132177
17517.0,-3770.8061574479257
17518.0,-2509.7590257636884
17519.0,-2198.1988940794363
17520.0,-1253.6477623951987
17521.0,7.398369289038783
17522.0,2217.932500973291
17523.0,3795.475632657528
17524.0,5056.52176434178
17525.0,4735.0908960260185
17526.0,4730.155027710256
17527.0,4092.227159394508
17528.0,2821.3092910787454
17529.0,1866.8864227629965
17530.0,1861.950554447234
17531.0,2173.5096861314723
17532.0,3118.0608178157236
17533.0,3113.124949499961
17534.0,3424.685081184214
17535.0,3103.2532128684506
17536.0,1199.3433445526898
17537.0,2143.894476236941
17538.0,239.9846079211784
17539.0,1501.031739605416
17540.0,230.11287128966796
17541.0,225.17700297390547
17542.0,-729.2458653418425
17543.0,-734.181733657605
17544.0,210.36939802663255
17545.0,205.4335297108846
17546.0,1782.9766613951215
17547.0,1145.0487930793752
17548.0,2089.599924763612
17549.0,-130.8059435521509
17550.0,-135.74181186789883
17551.0,-1723.1556801836614
17552.0,-462.10854849940915
17553.0,-150.54941681517175
17554.0,1426.993714869066
17555.0,3004.5358465533172
17556.0,1733.6179782375548
17557.0,765.2907700079087
17558.0,-203.0364382217374
17559.0,-1171.3636464513834
17560.0,-2139.6908546810296
17561.0,-3108.0180629106753
17562.0,-3705.324915747032
17563.0,-2403.658768583272
17564.0,-1101.9916214196273
17565.0,-116.82047425586825
17566.0,1501.3426729077746
17567.0,271.04382007153436
17568.0,2522.197967235179
17569.0,975.4031143989378
17570.0,2277.0702615625814
17571.0,97.28440872634201
17572.0,1082.4555558899847
17573.0,801.6447030537456
17574.0,837.3288502173891
17575.0,1506.003997381149
17576.0,2491.1751445447917
17577.0,4742.329291708553
17578.0,4145.021438872196
17579.0,5763.184586035955
17580.0,4532.885733199599
17581.0,3302.5868803633584
17582.0,1439.2970275270018
17583.0,-107.49682530923747
17584.0,-704.803678145594
17585.0,-985.6155309818332
17586.0,-0.44438381819054484
17587.0,351.73576334556856
17588.0,1020.410910509212
17589.0,423.104057672972
17590.0,142.2922048366163
17591.0,-455.0146479996238
17592.0,-2318.3055008359806
17593.0,-2915.6123536722207
17594.0,-3512.919206508577
17595.0,-3793.7310593448174
17596.0,-4074.542912181173
17597.0,-3405.866765017414
17598.0,-2104.2006178537704
17599.0,-2068.5164706900105
17600.0,-2032.832323526367
17601.0,-2630.139176362607
17602.0,-1644.9680291989634
17603.0,-2875.2668820352037
17604.0,-1890.0957348715601
17605.0,-1854.4115877078002
17606.0,-869.2404405441566
17607.0,-517.0602933803966
17608.0,468.1108537832479
17609.0,187.300000947007
17610.0,1172.4711481106497
17611.0,1841.1462952744096
17612.0,2509.821442438053
17613.0,3178.497589601813
17614.0,1948.1987367654565
17615.0,2300.3788839292174
17616.0,120.59303109286157
17617.0,156.27717825662148
17618.0,-441.0306745797361
17619.0,1177.132472584024
17620.0,1529.3126197476668
17621.0,1881.4917669114275
17622.0,1284.184914075071
17623.0,-895.6009387611693
17624.0,-2125.899791597526
17625.0,-4622.180644433765
17626.0,-5852.479497270122
17627.0,-5816.795350106362
17628.0,-6730.598202942719
17629.0,-6694.914055778959
17630.0,-8241.707908615315
17631.0,-7573.032761451555
17632.0,-8170.339614287912
17633.0,-8767.647467124152
17634.0,-8731.963319960509
17635.0,-10278.757172796748
17636.0,-9293.586025633105
17637.0,-12422.858878469346
17638.0,-11437.687731305701
17639.0,-12667.986584141941
17640.0,-9467.345436978298
17641.0,-9748.156289814538
17642.0,-6231.020142650895
17643.0,-5878.839995487135
17644.0,-4577.173848323491
17645.0,-3908.4977011597316
17646.0,-3556.317553996088
17647.0,-1621.6594068323284
17648.0,-3801.4452596686847
17649.0,-917.300112504925
17650.0,-3413.580965341281
17651.0,-212.94081817752158
17652.0,-1759.7346710138781
17653.0,2706.8894761498814
17654.0,2426.0776233135257
17655.0,4360.735770477286
17656.0,3446.9329176410447
17657.0,4115.608064804688
17658.0,2568.814211968449
17659.0,1338.5153591320923
17660.0,2323.686506295853
17661.0,3308.857653459496
17662.0,5243.515800623256
17663.0,5279.199947786899
17664.0,7213.8580949506595
17665.0,7882.534242114303
17666.0,8551.209389278063
17667.0,7953.902536441707
17668.0,9255.569683605467
17669.0,9291.25383076911
17670.0,9959.92897793287
17671.0,10312.109125096515
17672.0,10980.784272260273
17673.0,11649.459419423918
17674.0,12634.630566587675
17675.0,12986.810713751322
17676.0,14288.477860915078
17677.0,13691.171008078723
17678.0,13410.359155242484
17679.0,12180.060302406127
17680.0,11266.257449569886
17681.0,10035.95859673353
17682.0,10071.64274389729
17683.0,9474.335891060933
17684.0,9510.020038224693
17685.0,9545.704185388337
17686.0,9264.892332552097
17687.0,8667.58547971574
17688.0,7120.7906268794995
17689.0,6206.987774043144
17690.0,4343.697921206904
17691.0,3429.895068370548
17692.0,1250.1092155343067
17693.0,1602.2893626979503
17694.0,1004.9825098617102
17695.0,1990.1536570253538
17696.0,1392.8458041891136
17697.0,1745.0259513527571
17698.0,1147.719098516517
17699.0,550.4112456801604
17700.0,-46.89560715607968
17701.0,-1593.6894599924358
17702.0,-1874.501312828676
17703.0,-1838.8171656650325
17704.0,-2119.6290185012726
17705.0,-1134.457871337629
17706.0,-1415.268724173869
17707.0,835.8844229897741
17708.0,1188.064570153534
17709.0,1540.2447173171777
17710.0,1575.9288644809376
17711.0,1295.117011644581
17712.0,381.31415880834084
17713.0,100.50230597198515
17714.0,769.1784531357443
17715.0,171.87060029938857
17716.0,2106.5287474631477
17717.0,1192.7258946267912
17718.0,1861.4020417905513
17719.0,1580.5901889541947
17720.0,666.7873361179545
17721.0,69.48048328159803
17722.0,-1477.3143695546419
17723.0,-3657.100222390998
17724.0,-4570.903075227238
17725.0,-6750.687928063595
17726.0,-7664.491780899834
17727.0,-7945.302633736192
17728.0,-6327.140486572431
17729.0,-8190.430339408788
17730.0,-7205.259192245028
17731.0,-9385.045045081384
17732.0,-9665.855897917623
17733.0,-11529.145750753982
17734.0,-11809.957603590221
17735.0,-10824.786456426576
17736.0,-12055.085309262819
17737.0,-9487.435162099173
17738.0,-10084.743014935415
17739.0,-13079.867083284047
17740.0,-11378.497005316382
17741.0,-9677.126927348716
17742.0,-7975.75684938105
17743.0,-4797.406438080033
17744.0,-4467.517026779044
17745.0,-2871.6456154780253
17746.0,-1275.773204177036
17747.0,-629.3887928760178
17748.0,2548.961618425001
17749.0,4777.825029725989
17750.0,8272.670441027007
17751.0,9235.551852327997
17752.0,12413.901263629014
17753.0,12110.799674930004
17754.0,12440.68808623102
17755.0,11821.090497532012
17756.0,12150.97990883303
17757.0,12480.868320134017
17758.0,11544.774731435038
17759.0,10608.681142736055
17760.0,10622.074554037044
17761.0,9685.980965338062
17762.0,9066.383376639053
17763.0,8130.28978794007
17764.0,7510.6911992410605
17765.0,5625.110610542077
17766.0,4056.0260218430667
17767.0,1220.9584331440838
17768.0,-981.1181555549265
17769.0,-2550.2037442539086
17770.0,-2536.8103329529195
17771.0,-2839.911921651901
17772.0,-2826.518510350883
17773.0,-3129.621099049894
17774.0,-3432.723687748876
17775.0,-4052.3212764478867
17776.0,-5621.405865146869
17777.0,-5608.0124538458795
17778.0,-6544.106042544861
17779.0,-6530.712631243872
17780.0,-7150.311219942854
17781.0,-6187.430808641864
17782.0,-4908.054397340847
17783.0,-3628.6779860398283
17784.0,-2032.8065747388391
17785.0,-2335.909163437821
17786.0,-1689.5237521368308
17787.0,-2309.1223408358137
17788.0,-2612.2239295348245
17789.0,-1965.8395182338063
17790.0,-2268.9421069328173
17791.0,-40.07869563179884
17792.0,-343.18028433081054
17793.0,1569.1871269702078
17794.0,1899.0755382712268
17795.0,3178.451949572216
17796.0,4141.3323608732335
17797.0,4471.221772174224
17798.0,6067.093183475241
17799.0,4814.50459477623
17800.0,4194.906006077248
17801.0,2309.325417378237
17802.0,2955.709828679255
17803.0,2336.1122399802443
17804.0,3298.9926512812635
17805.0,4578.369062582282
17806.0,4591.762473883271
17807.0,4921.651885184288
17808.0,3985.557296485278
17809.0,2099.976707786296
17810.0,847.3881190872853
17811.0,-1354.6884696116958
17812.0,-75.31205831070838
17813.0,-2910.3806470096897
17814.0,-998.0122357087002
17815.0,-1934.1068244076823
17816.0,-1287.7214131066921
17817.0,-1907.320001805675
17818.0,-2843.413590504657
17819.0,-2197.0281792036676
17820.0,-4715.600767902649
17821.0,-3752.7203566016606
17822.0,-6904.283945300642
17823.0,-5941.402533999653
17824.0,-8143.4791226986345
17825.0,-6547.607711397646
17826.0,-7167.205300096628
17827.0,-7153.811888795639
17828.0,-6507.427477494621
17829.0,-7127.0250661936025
17830.0,-6164.144654892612
17831.0,-9315.708243591595
17832.0,-8352.827832290606
17833.0,-10871.399420989586
17834.0,-9592.024009688597
17835.0,-11794.09959838758
17836.0,-9248.74118708659
17837.0,-9235.347775785573
17838.0,-7322.980364484583
17839.0,-6676.595953183565
17840.0,-5713.714541882548
17841.0,-5383.826130581558
17842.0,-6319.91971928054
17843.0,-5357.03930797955
17844.0,-4710.653896678533
17845.0,-3114.7824853775437
17846.0,-2784.8930740765254
17847.0,-872.5256627755352
17848.0,-542.6362514745178
17849.0,736.7391598264712
17850.0,117.14157112748944
17851.0,1713.0129824285068
17852.0,776.9193937294967
17853.0,1106.8088050305141
17854.0,170.71521633150405
17855.0,500.60462763252144
17856.0,-751.9849610664878
17857.0,210.89545023452956
17858.0,540.7848615355178
17859.0,870.6732728365369
17860.0,567.5716841375252
17861.0,-52.02690456145501
17862.0,-38.63349326043681
17863.0,-974.7270819594487
17864.0,-1594.3246706584305
17865.0,-2530.4182593574415
17866.0,-2833.5208480564233
17867.0,-3769.6144367554343
17868.0,-4072.7170254544153
17869.0,-3742.827614153427
17870.0,-2146.9562028524088
17871.0,-551.0837915514185
17872.0,1044.787619749599
17873.0,1691.1730310505882
17874.0,2021.0614423516054
17875.0,768.4728536526236
17876.0,781.8662649536127
17877.0,-154.22732374536827
17878.0,2074.63508755562
17879.0,3354.0114988566384
17880.0,4949.882910157628
17881.0,6229.259321458647
17882.0,6559.148732759635
17883.0,7838.525144060655
17884.0,6902.431555361643
17885.0,8181.806966662662
17886.0,7562.20937796368
17887.0,8208.593789264669
17888.0,8538.483200565686
17889.0,7918.885611866677
17890.0,8565.270023167694
17891.0,6996.1854344686835
17892.0,7959.065845769703
17893.0,7339.46725707069
17894.0,7985.85266837171
17895.0,7049.759079672698
17896.0,6746.656490973715
17897.0,5494.066902274733
17898.0,3608.4863135757223
17899.0,3305.3837248767413
17900.0,2685.7861361777304
17901.0,1749.6925474787477
17902.0,1763.0859587797368
17903.0,510.4963700807566
17904.0,1473.3767813817449
17905.0,-412.2038073172371
17906.0,-1664.7933960162482
17907.0,-2917.38198471523
17908.0,-4486.467573414211
17909.0,-5739.057162113222
17910.0,-7941.132750812204
17911.0,-6028.765339511216
17912.0,-5944.744223152683
17913.0,-5860.72310679415
17914.0,-5776.7019904356175
17915.0,-5692.680874077085
17916.0,-5608.659757718552
17917.0,-5524.638641360019
17918.0,-5440.617525001487
17919.0,-5130.675044340889
17920.0,-5453.724563680306
17921.0,-3561.3040830197237
17922.0,-2934.8656023591407
17923.0,-4207.402121698544
17924.0,-2631.4776410379604
17925.0,-4220.509160377378
17926.0,-1378.6016797167804
17927.0,-4233.616199056198
17928.0,-1075.2127183956145
17929.0,-3297.236237735017
17930.0,-1721.3117570744334
17931.0,-5209.317276413851
17932.0,-3633.3927957532683
17933.0,-5855.416315092671
17934.0,-4279.490834432088
17935.0,-3969.5493537715047
17936.0,-1444.1368731109078
17937.0,-184.70739245032473
17938.0,758.2260882102582
17939.0,435.1765688708556
17940.0,112.12704953143839
17941.0,1055.0605301920214
17942.0,1365.003010852619
17943.0,3573.919491513201
17944.0,3567.365972173784
17945.0,6092.777452834367
17946.0,5769.7289334949655
17947.0,7978.645414155548
17948.0,6706.1088948161305
17949.0,8282.033375476729
17950.0,7642.488856137312
17951.0,8901.918336797895
17952.0,7629.381817458492
17953.0,8572.315298119074
17954.0,7299.778778779657
17955.0,7293.22525944024
17956.0,6337.184740100838
17957.0,5697.640220761421
17958.0,6007.581701422003
17959.0,5368.0371820826
17960.0,4728.492662743183
17961.0,3139.460143403767
17962.0,2499.9156240643642
17963.0,277.8921047249469
17964.0,-45.157414614470326
17965.0,-1950.6849339538721
17966.0,-1324.24645329329
17967.0,-1963.7919726327063
17968.0,-1653.8494919721243
17969.0,-1976.899011311526
17970.0,-1983.4525306509431
17971.0,-2622.99704999036
17972.0,-2946.0465693297633
17973.0,-3902.0870886691805
17974.0,-3592.1446080085975
17975.0,-3598.698127348
17976.0,-3288.755646687417
17977.0,-2662.3181660268338
17978.0,-1086.3936853662517
17979.0,489.531795294346
17980.0,2065.45627595493
17981.0,3324.885756615511
17982.0,3634.8282372761096
17983.0,3944.7697179366914
17984.0,3938.2161985972743
17985.0,3931.662679257872
17986.0,2975.6221599184555
17987.0,3602.0606405790386
17988.0,4544.994121239635
17989.0,4538.440601900218
17990.0,5164.878082560801
17991.0,5474.820563221385
17992.0,5151.771043881981
17993.0,5145.217524542564
17994.0,3872.681005203147
17995.0,3549.6324858637454
17996.0,1644.1049665243281
17997.0,1004.5594471849108
17998.0,-900.9680721544919
17999.0,-1540.512591493909
18000.0,-2180.0581108333254
18001.0,-2186.6116301727425
18002.0,-2826.156149512145
18003.0,-4415.188668851562
18004.0,-4738.23718819098
18005.0,-6327.269707530382
18006.0,-6333.823226869799
18007.0,-8239.350746209217
18008.0,-7612.912265548619
18009.0,-7302.970784888036
18010.0,-7309.524304227453
18011.0,-6366.590823566856
18012.0,-5423.657342906273
18013.0,-3214.74086224569
18014.0,-2904.7983815851067
18015.0,-695.8819009245099
18016.0,-702.435420263927
18017.0,873.489060396656
18018.0,233.94454105725345
18019.0,1809.8690217178373
18020.0,3069.2985023784186
18021.0,2709.977574850647
18022.0,5588.260807950721
18023.0,7517.0570410507935
18024.0,9129.358274150749
18025.0,9159.180507250821
18026.0,10138.489740350895
18027.0,8902.328973450967
18028.0,9565.142206551038
18029.0,8645.477439651113
18030.0,10257.778672751185
18031.0,9021.617905851257
18032.0,9367.936138951329
18033.0,7498.783372051403
18034.0,7845.101605151474
18035.0,7241.932838251545
18036.0,6638.763071351619
18037.0,5402.603304451692
18038.0,4799.433537551764
18039.0,2297.29077065172
18040.0,-204.852996248208
18041.0,-1757.5087631481347
18042.0,-4259.652530048063
18043.0,-3596.838296947991
18044.0,-5465.9900638479185
18045.0,-5119.672830747845
18046.0,-6672.328597647773
18047.0,-6009.5153645477
18048.0,-8828.154131447629
18049.0,-9114.827898347556
18050.0,-10667.483665247482
18051.0,-10954.15743214741
18052.0,-10924.335199047338
18053.0,-11527.503965947266
18054.0,-10548.194732847192
18055.0,-10834.868499747237
18056.0,-9855.559266647164
18057.0,-10458.728033547091
18058.0,-9795.914800447019
18059.0,-8816.605567346947
18060.0,-9419.774334246875
18061.0,-9389.952101146802
18062.0,-9360.12986804673
18063.0,-8380.820634946658
18064.0,-7085.0154018465855
18065.0,-6738.698168746512
18066.0,-5442.89293564644
18067.0,-5413.070702546367
18068.0,-3167.7784694462953
18069.0,-3137.956236346223
18070.0,-3108.1340032462667
18071.0,-3394.8077701461943
18072.0,-2731.9935370461217
18073.0,-2069.180303946049
18074.0,-2039.3580708459767
18075.0,-110.56183774590318
18076.0,552.2523953541677
18077.0,2481.0486284542403
18078.0,1877.8788615543126
18079.0,3490.1800946543863
18080.0,3520.0023277544587
18081.0,3549.8245608545312
18082.0,3263.1507939546027
18083.0,3925.964027054675
18084.0,3006.2992601547485
18085.0,3352.61749325482
18086.0,1799.961726354777
18087.0,2779.2709594548487
18088.0,2809.093192554921
18089.0,3471.9064256549937
18090.0,4767.711658755066
18091.0,3215.0548918551394
18092.0,3877.869124955212
18093.0,1692.2213580552834
18094.0,2038.539591155357
18095.0,-780.1001757445711
18096.0,199.2100573555017
18097.0,-1036.950709544426
18098.0,-690.6334764443536
18099.0,-1610.2982433442812
18100.0,-1263.9800102442086
18101.0,31.825222855748507
18102.0,-2153.82254404418
18103.0,-1174.5133109441076
18104.0,-3676.6560778440353
18105.0,-2697.3468447439627
18106.0,-5515.98661164389
18107.0,-3903.685378543817
18108.0,-4823.350145443745
18109.0,-3211.049912343672
18110.0,-2864.7316792436004
18111.0,-2518.413446143528
18112.0,-1222.6092130434554
18113.0,-1509.2819799433828
18114.0,1052.5052531566907
18115.0,132.84048625676223
18116.0,3011.1237193567176
18117.0,1458.467952456791
18118.0,4020.2551855568636
18119.0,3417.086418656936
18120.0,5345.882651757009
18121.0,5692.20088485708
18122.0,7937.493117957154
18123.0,8600.306351057226
18124.0,8630.128584157299
18125.0,7710.4638172573705
18126.0,7107.295050357443
18127.0,5554.638283457516
18128.0,3685.4865165575884
18129.0,4031.80474965766
18130.0,3745.1309827577334
18131.0,5357.431215857805
18132.0,4754.262448957761
18133.0,5100.580682057835
18134.0,2598.4369151579067
18135.0,2311.7641482579784
18136.0,-190.37961864194858
18137.0,155.938614458124
18138.0,-1080.2221524418037
18139.0,-733.9039193417311
18140.0,-1970.0646862416588
18141.0,-1940.2424531415863
18142.0,-3176.4032200415136
18143.0,-2513.5889869414414
18144.0,-1850.775753841369
18145.0,-871.4665207412963
18146.0,107.84271235877623
18147.0,454.1609454587324
18148.0,167.48717855880477
18149.0,-1068.673588341123
18150.0,-1355.3463552410503
18151.0,-1009.029122140978
18152.0,286.7761109590947
18153.0,316.5983440591672
18154.0,2245.3945771592407
18155.0,2908.2088102593116
18156.0,3571.022043359384
18157.0,2651.3572764594574
18158.0,2364.6835095595306
18159.0,1761.5147426596031
18160.0,2107.832975759675
18161.0,1821.159208859748
18162.0,1217.9894419598195
18163.0,2830.290675059776
18164.0,2543.616908159849
18165.0,3522.9261412599208
18166.0,1970.270374359994
18167.0,1683.5966074600656
18168.0,1080.427840560138
18169.0,477.25807366021036
18170.0,-442.40669323971724
18171.0,-412.58446013964476
18172.0,-66.26622703957219
18173.0,-985.9309939394998
18174.0,-639.6127608394272
18175.0,-926.2865277393548
18176.0,-1529.4552946392823
18177.0,-866.6420615392099
18178.0,-1786.306828439253
18179.0,-1756.4845953391805
18180.0,-2359.6533622391084
18181.0,-3595.814129139036
18182.0,-3565.9918960389637
18183.0,-5751.639662938891
18184.0,-3822.8434298388183
18185.0,-5059.004196738746
18186.0,-2497.2159636386737
18187.0,-4049.872730538601
18188.0,-7783.918950979188
18189.0,-7677.7963855157695
18190.0,-7255.177820052352
18191.0,-7465.551254588933
18192.0,-9258.402689125516
18193.0,-7253.306123662097
18194.0,-10312.14055819868
18195.0,-7674.0519927354935
18196.0,-9466.903427272076
18197.0,-6195.823861808658
18198.0,-7988.67529634524
18199.0,-5667.083730881822
18200.0,-6510.448165418403
18201.0,-6087.8295999549855
18202.0,-5348.716034491567
18203.0,-6508.575469028382
18204.0,-4819.974903564964
18205.0,-6929.322338101545
18206.0,-4924.225772638128
18207.0,-6717.077207174709
18208.0,-5344.971641711291
18209.0,-5555.345076247872
18210.0,-2917.256510784455
18211.0,-1545.1509453212693
18212.0,-489.541379857852
18213.0,882.5631856055661
18214.0,1305.1817510689852
18215.0,3310.2783165324036
18216.0,2466.9138819958207
18217.0,5105.002447459239
18218.0,6793.603012922658
18219.0,8798.699578385844
18220.0,8904.822143849262
18221.0,10593.42370931268
18222.0,11332.537274776096
18223.0,11438.659840239514
18224.0,12177.773405702934
18225.0,12283.895971166352
18226.0,13023.010536629768
18227.0,12496.141102092955
18228.0,12285.768667556375
18229.0,11442.404233019792
18230.0,11865.021798483209
18231.0,11971.144363946627
18232.0,12077.266929410045
18233.0,11233.902494873466
18234.0,9441.051060336882
18235.0,7015.208625800067
18236.0,5222.356191263485
18237.0,3113.009756726904
18238.0,2902.636322190321
18239.0,3008.7588876537393
18240.0,4064.3684531171584
18241.0,3537.5000185805766
18242.0,3327.1265840439937
18243.0,2167.2661495071807
18244.0,1956.893714970598
18245.0,797.033280434016
18246.0,1219.650845897434
18247.0,692.7824113608522
18248.0,165.91397682427032
18249.0,-44.45945771231163
18250.0,-2153.8068922488933
18251.0,-465.20532678570817
18252.0,-675.5787613222901
18253.0,1646.0138041411283
18254.0,2701.6233696045474
18255.0,4390.223935067965
18256.0,4496.346500531383
18257.0,4285.9740659948
18258.0,2809.617631458219
18259.0,1649.757196921404
18260.0,2388.8717623848224
18261.0,1229.0113278482404
18262.0,2601.1168933116587
18263.0,2390.7434587750768
18264.0,2496.866024238495
18265.0,2286.492589701913
18266.0,1759.624155165331
18267.0,-33.22727937148284
18268.0,-560.0957139080651
18269.0,-2352.948148444647
18270.0,-1930.329582981229
18271.0,-4672.668017517811
18272.0,-3933.5544520543926
18273.0,-5726.405886590974
18274.0,-6253.274321127556
18275.0,-8046.125755664371
18276.0,-8889.490190200951
18277.0,-8466.872624737534
18278.0,-10259.724059274116
18279.0,-9204.114493810699
18280.0,-10047.47892834728
18281.0,-8358.87736288386
18282.0,-8885.746797420445
18283.0,-7513.641231957258
18284.0,-7407.51866649384
18285.0,-6035.413101030423
18286.0,-4346.812535567004
18287.0,-3291.2029701035863
18288.0,-336.6194046401679
18289.0,-546.9918391767499
18290.0,2091.095726286668
18291.0,931.2352917498538
18292.0,3569.3238572132714
18293.0,2196.1578648762675
18294.0,822.9918725392636
18295.0,-550.1741197977408
18296.0,2323.5706206800132
18297.0,4880.819361157708
18298.0,5222.59910163546
18299.0,7146.856842113157
18300.0,5273.166582590908
18301.0,6880.9283230686015
18302.0,5956.725063546357
18303.0,7880.983804024108
18304.0,6640.284544501803
18305.0,8881.038284979557
18306.0,8589.826025457249
18307.0,8931.605765935004
18308.0,8323.897506412697
18309.0,7399.694246890453
18310.0,8374.464987368145
18311.0,6500.774727845899
18312.0,6842.554468323593
18313.0,5285.3592088013465
18314.0,4677.651949279041
18315.0,3120.457689756793
18316.0,2829.245430234547
18317.0,1588.5461707122413
18318.0,1613.8299111899942
18319.0,1639.1136516676888
18320.0,1664.3973921454417
18321.0,423.6981326231362
18322.0,-1133.496126899112
18323.0,-2057.6993864214164
18324.0,-2665.4066459436635
18325.0,-3589.610905465969
18326.0,-3564.3271649882163
18327.0,-2906.0514245105205
18328.0,-2247.7766840327677
18329.0,-2855.483943555015
18330.0,-3146.696203077321
18331.0,-3754.4034625995682
18332.0,-4362.111722121874
18333.0,-4969.818981644121
18334.0,-5577.526241166426
18335.0,-4919.251500688673
18336.0,-5210.463760210979
18337.0,-3602.7010197332256
18338.0,-4210.409279255531
18339.0,-1969.655538777777
18340.0,-2577.3627983000824
18341.0,-969.6010578223304
18342.0,-1577.3083173445775
18343.0,-1235.5285768668837
18344.0,-1526.74083638913
18345.0,-3083.9360959114356
18346.0,-1476.1733554336824
18347.0,-1767.385614955987
18348.0,789.8641255217644
18349.0,498.6518659994599
18350.0,2739.405606477212
18351.0,2448.1933469549076
18352.0,2789.9730874326597
18353.0,2815.2568279103543
18354.0,1891.053568388108
18355.0,2232.83230886586
18356.0,1625.1250493435546
18357.0,1650.4087898213074
18358.0,1359.196530299003
18359.0,118.49827077675582
18360.0,1093.2690112544497
18361.0,169.06575173220335
18362.0,1143.8364922098972
18363.0,-96.86276731235012
18364.0,-704.5700268346554
18365.0,-1628.7732863569017
18366.0,-3818.9595458792073
18367.0,-4110.171805401455
18368.0,-6300.358064923701
18369.0,-3743.108324446007
18370.0,-6249.7905839682535
18371.0,-4325.53284349056
18372.0,-6199.223103012806
18373.0,-6490.434362535112
18374.0,-7414.638622057359
18375.0,-8971.832881579665
18376.0,-8630.053141101911
18377.0,-11453.230400624216
18378.0,-9528.972660146464
18379.0,-11719.15891966877
18380.0,-10111.397179191015
18381.0,-11035.600438713263
18382.0,-8794.84669823557
18383.0,-8136.571957757816
18384.0,-7794.792217280121
18385.0,-7769.508476802368
18386.0,-8693.711736324674
18387.0,-6452.95799584692
18388.0,-8010.153255369226
18389.0,-5452.903514891473
18390.0,-5427.619774413778
18391.0,-2870.371033936026
18392.0,-2845.0872934583313
18393.0,-287.83755298057804
18394.0,686.933187497174
18395.0,2611.190927974869
18396.0,2952.9706684526227
18397.0,3927.7414089303165
18398.0,3320.033149408069
18399.0,2079.334889885764
18400.0,838.6356303635166
18401.0,-85.5676291587879
18402.0,-693.274888681035
18403.0,-667.9911482033403
18404.0,-9.716407725587487
18405.0,332.06333275210636
18406.0,673.84207322986
18407.0,-566.8561862923871
18408.0,-1174.5644458146926
18409.0,-3048.25470533694
18410.0,-3655.961964859245
18411.0,-4580.165224381492
18412.0,-4238.386483903797
18413.0,-4846.093743426044
18414.0,-3871.32300294835
18415.0,-4162.5352624705965
18416.0,-3504.2595219929026
18417.0,-3795.47178151515
18418.0,-2820.701041037455
18419.0,-2162.426300559702
18420.0,-554.6635600819482
18421.0,-529.3798196042535
18422.0,-504.0960791265006
18423.0,470.6746613511932
18424.0,495.9584018289461
18425.0,2103.72014230664
18426.0,2761.995882784393
18427.0,4686.253623262088
18428.0,5028.0323637398415
18429.0,6319.299104217536
18430.0,5711.591844695289
18431.0,5736.875585172984
18432.0,5129.1673256507365
18433.0,4837.956066128489
18434.0,5496.230806606183
18435.0,5838.010547083937
18436.0,7445.772287561631
18437.0,7471.056028039384
18438.0,9078.818768517078
18439.0,7838.119508994832
18440.0,7863.403249472527
18441.0,6622.70398995028
18442.0,5382.004730427974
18443.0,4457.801470905726
18444.0,2900.6072113834216
18445.0,4191.873951861175
18446.0,3584.1656923389273
18447.0,4242.441432816622
18448.0,4900.716173294375
18449.0,5242.495913772069
18450.0,6217.266654249823
18451.0,4660.071394727516
18452.0,4368.86013520527
18453.0,2178.6738756829636
18454.0,621.4796161607173
18455.0,-619.2196433615882
18456.0,-1859.9189028838355
18457.0,64.33883759385935
18458.0,-1492.8554219283878
18459.0,747.8983185493653
18460.0,-809.2969409729403
18461.0,1431.4567995048128
18462.0,-758.7294600174928
18463.0,-416.9497195397398
18464.0,-1974.1449790620454
18465.0,-3847.8352385842923
18466.0,-3189.559498106598
18467.0,-7108.91477402574
18468.0,-4890.515284237097
18469.0,-7419.551794448462
18470.0,-4568.160304659819
18471.0,-4881.7268148711755
18472.0,-3929.3103250825397
18473.0,-5508.859835293897
18474.0,-5505.930345505254
18475.0,-5819.495855716619
18476.0,-8348.532365927975
18477.0,-7079.61987613934
18478.0,-8975.664386350696
18479.0,-6124.273896562054
18480.0,-8653.309406773418
18481.0,-6434.910916984775
18482.0,-7064.972427196132
18483.0,-5796.059937407497
18484.0,-6426.122447618854
18485.0,-5157.209957830219
18486.0,-4837.784468041575
18487.0,-4201.863978252932
18488.0,-2616.4554884642966
18489.0,-1980.5349986756537
18490.0,554.3604911129896
18491.0,1823.2719809016253
18492.0,4041.6714706902676
18493.0,4994.087960478904
18494.0,5630.008450267547
18495.0,5316.442940056189
18496.0,5952.363429844825
18497.0,5955.292919633468
18498.0,6591.214409422111
18499.0,6594.143899210747
18500.0,7863.05538899939
18501.0,7232.9938787880255
18502.0,7235.9233685766685
18503.0,6922.356858365312
18504.0,7558.278348153948
18505.0,7244.71183794259
18506.0,6298.154327731234
18507.0,5035.100817519869
18508.0,3139.0563073085123
18509.0,926.5157970971486
18510.0,-1602.5197131142095
18511.0,-1283.0952233255666
18512.0,-963.6697335369308
18513.0,305.2427562517132
18514.0,624.6682460403554
18515.0,1577.0847358289902
18516.0,630.527225617634
18517.0,633.4567154062697
18518.0,-1262.5887948050877
18519.0,-1576.1543050164446
18520.0,-1256.729815227809
18521.0,-1886.791325439166
18522.0,-934.374835650523
18523.0,-1247.9413458618874
18524.0,337.46714392675676
18525.0,973.3876337153924
18526.0,3191.7871235040348
18527.0,3511.212613292677
18528.0,5096.620103081314
18529.0,5732.5405928699565
18530.0,6368.462082658592
18531.0,6371.391572447235
18532.0,5108.338062235878
18533.0,5744.258552024514
18534.0,5430.693041813156
18535.0,5433.622531601799
18536.0,5120.0560213904355
18537.0,6388.968511179079
18538.0,6391.898000967714
18539.0,5761.835490756357
18540.0,4182.286980544999
18541.0,3868.7204703336356
18542.0,1339.6849601222784
18543.0,393.1274499109222
18544.0,-869.9260603004432
18545.0,-866.9965705118002
18546.0,-1180.5630807231646
18547.0,-1494.1285909345215
18548.0,-2757.1821011458787
18549.0,-4336.730611357243
18550.0,-5599.7841215686
18551.0,-7812.324631779957
18552.0,-9075.378141991321
18553.0,-9705.439652202678
18554.0,-8753.023162414042
18555.0,-9066.5896726254
18556.0,-8114.1731828367565
18557.0,-7794.747693048121
18558.0,-6209.340203259478
18559.0,-4940.427713470835
18560.0,-5253.994223682199
18561.0,-4301.576733893557
18562.0,-4615.14324410492
18563.0,-3029.735754316277
18564.0,-4292.788264527635
18565.0,-2074.389774738999
18566.0,-1754.9642849503562
18567.0,1729.4182048382863
18568.0,3314.825694626923
18569.0,5216.729184415566
18570.0,7751.624674204202
18571.0,8071.049163992844
18572.0,9972.952653781489
18573.0,9026.395143570124
18574.0,10928.298633358765
18575.0,9032.25412314741
18576.0,10617.662612936045
18577.0,9038.113102724688
18578.0,10623.521592513323
18579.0,9993.459082301968
18580.0,11578.86757209061
18581.0,11581.797061879246
18582.0,11268.23055166789
18583.0,10638.169041456531
18584.0,9375.115531245166
18585.0,8745.054021033811
18586.0,6849.009510822445
18587.0,7801.426000611089
18588.0,6221.876490399731
18589.0,6857.797980188367
18590.0,4645.25746997701
18591.0,4964.681959765652
18592.0,3701.629449554288
18593.0,3071.5669393429307
18594.0,859.0274291315673
18595.0,861.9569189202102
18596.0,-1350.583591291147
18597.0,-2613.6371015025115
18598.0,-3876.6906117138683
18599.0,-4190.256121925226
18600.0,-4503.822632136589
18601.0,-4817.389142347947
18602.0,-5447.4506525593115
18603.0,-6394.008162770668
18604.0,-6707.574672982025
18605.0,-8603.619183193388
18606.0,-8284.193693404746
18607.0,-9863.743203616103
18608.0,-9227.821713827467
18609.0,-9857.884224038824
18610.0,-8905.46773425019
18611.0,-9535.529244461546
18612.0,-7633.625754672903
18613.0,-6681.209264884267
18614.0,-5095.801775095624
18615.0,-4776.376285306982
18616.0,-4456.950795518345
18617.0,-4454.021305729702
18618.0,-5717.074815941067
18619.0,-5081.154326152424
18620.0,-4445.232836363781
18621.0,-5439.737117743571
18622.0,-4429.617944499661
18623.0,-1520.5237712555172
18624.0,-826.9005980113743
18625.0,183.21857523253493
18626.0,243.85074847667784
18627.0,620.9789217205889
18628.0,1314.6020949647318
18629.0,2008.2252682088747
18630.0,3018.345441452784
18631.0,2129.4896146969277
18632.0,2506.617787940837
18633.0,2250.7539611849807
18634.0,2311.3861344291236
18635.0,3321.506307673033
18636.0,3065.6424809171767
18637.0,3759.265654161087
18638.0,2553.9148274052295
18639.0,715.5730006493723
18640.0,-489.77682610671764
18641.0,-2328.118652862575
18642.0,-1317.9994796186656
18643.0,-3156.342306374522
18644.0,-563.7441331303799
18645.0,-2718.581959886469
18646.0,-758.975786642326
18647.0,-2913.8136133984162
18648.0,-3802.6684401542734
18649.0,-4691.523266910131
18650.0,-6213.36909366622
18651.0,-5203.249920422078
18652.0,-7674.583747178167
18653.0,-4765.4895739340245
18654.0,-5970.840400689881
18655.0,-2428.7562274459715
18656.0,-3634.1060542018286
18657.0,-1990.9958809579184
18658.0,-1930.3637077137755
18659.0,-2502.7225344696326
18660.0,-2442.0903612257225
18661.0,-3647.44118798158
18662.0,-738.3480147376686
18663.0,-994.2108414935265
18664.0,2231.3773317506166
18665.0,1975.5145049945259
18666.0,5201.103678238669
18667.0,4945.23985148258
18668.0,8170.829024726721
18669.0,7598.469197970866
18670.0,8608.588371214777
18671.0,8036.229544458918
18672.0,7147.374717703062
18673.0,6258.519890946971
18674.0,4736.6730641911145
18675.0,4480.810237435024
18676.0,4541.442410679167
18677.0,4918.56958392331
18678.0,4346.21075716722
18679.0,5039.833930411363
18680.0,3201.4921036552732
18681.0,1679.6462768994152
18682.0,-791.6875498564414
18683.0,-1364.0463766125313
18684.0,-2885.8922033683884
18685.0,-2825.2600301244784
18686.0,-4030.6108568803347
18687.0,-2703.9956836361926
18688.0,-3909.3465103922817
18689.0,-3215.723337148139
18690.0,-4104.578163904229
18691.0,-3094.458990660086
18692.0,-3666.817817415943
18693.0,-3606.185644172033
18694.0,-3545.55347092789
18695.0,-3801.4172976839805
18696.0,-3107.793124439838
18697.0,-3047.160951195695
18698.0,-454.5637779517847
18699.0,239.0593952923582
18700.0,2515.1615685362685
18701.0,2259.2987417804106
18702.0,2003.4349150245544
18703.0,165.09308826846427
18704.0,-407.266738487393
18705.0,-979.6255652434829
18706.0,-1551.98439199934
18707.0,-541.865218755197
18708.0,-797.729045511287
18709.0,1161.877127732856
18710.0,906.013300976766
18711.0,2232.62847422091
18712.0,1976.765647465052
18713.0,2670.388820708962
18714.0,2098.029993953105
18715.0,576.1831671970149
18716.0,-312.6716595588423
18717.0,-885.0304863146994
18718.0,-1140.8943130707894
18719.0,-1396.7581398266457
18720.0,-386.63896658273643
18721.0,939.9762066614066
18722.0,1950.0953799055496
18723.0,2643.71955314946
18724.0,3020.8467263936036
18725.0,2764.983899637513
18726.0,2509.1200728816566
18727.0,987.2732461257983
18728.0,731.4104193697085
18729.0,-157.44440738614867
18730.0,1485.6657658577615
18731.0,1229.8019391019043
18732.0,2239.9211123460473
18733.0,1984.0582855899574
18734.0,1728.1944588341003
18735.0,1472.3306320780102
18736.0,266.9808053221532
18737.0,-305.3790214337032
18738.0,-877.7378481897931
18739.0,-1133.6016749456508
18740.0,-1705.9605017017407
18741.0,-1645.3283284575978
18742.0,-951.7051552134549
18743.0,-891.0729819695448
18744.0,-513.9448087254013
18745.0,-769.8086354814918
18746.0,-1025.6714622373488
18747.0,-1281.535288993206
18748.0,-2486.8861157492956
18749.0,-3059.2449425051527
18750.0,-3631.604769261243
18751.0,-1671.9985960170998
18752.0,-2244.357422772957
18753.0,31.744750470953477
18754.0,92.37692371509638
18755.0,-3379.868631243423
18756.0,-4616.435582161755
18757.0,-3954.02953307997
18758.0,-4557.605483998302
18759.0,-3262.208434916517
18760.0,-2916.2973858348487
18761.0,-2570.386336753063
18762.0,307.4897123286046
18763.0,1286.3917614103884
18764.0,5746.746810492059
18765.0,6092.656859573843
18766.0,9603.524908655509
18767.0,8999.948957737295
18768.0,10611.842006818963
18769.0,9058.779055900748
18770.0,8771.698104982417
18771.0,9434.1041540642
18772.0,8514.032203145987
18773.0,10442.421252227654
18774.0,10155.34130130944
18775.0,12083.730350391106
18776.0,11480.153399472892
18777.0,12142.56044855456
18778.0,10905.992497636344
18779.0,9352.929546718013
18780.0,8116.361595799797
18781.0,5613.810644881465
18782.0,4693.738693963251
18783.0,1241.7017430449177
18784.0,954.6207921267032
18785.0,34.548841208370504
18786.0,696.9548902901552
18787.0,409.87493937182444
18788.0,1072.280988453609
18789.0,1101.6960375352774
18790.0,-1717.3499133829373
18791.0,-2004.43086430127
18792.0,-4506.9808152194855
18793.0,-3844.5747661378173
18794.0,-6030.629717056032
18795.0,-4735.231667974364
18796.0,-4072.8256188925798
18797.0,-3093.9235698109114
18798.0,-3064.5085207291268
18799.0,-3035.0934716474585
18800.0,-2689.1824225656737
18801.0,-3292.758373483889
18802.0,-2630.352324402221
18803.0,-3233.928275320436
18804.0,-3204.513226238768
18805.0,-3175.098177156983
18806.0,-2829.188128075315
18807.0,-2799.7730789935304
18808.0,-2770.358029911862
18809.0,-2424.4469808300773
18810.0,-2711.527931748409
18811.0,-3315.1038826666245
18812.0,-4868.166833584956
18813.0,-5471.743784503171
18814.0,-6391.815735421504
18815.0,-7628.383686339718
18816.0,-7915.46363725805
18817.0,-9468.527588176265
18818.0,-8489.625539094597
18819.0,-10675.679490012812
18820.0,-10013.273440931143
18821.0,-12515.824391849359
18822.0,-11536.921342767691
18823.0,-13406.481293685905
18824.0,-14010.057244604239
18825.0,-14930.129195522453
18826.0,-16483.192146440786
18827.0,-14554.803097359
18828.0,-16740.858048277332
18829.0,-13546.485999195549
18830.0,-14150.062950113763
18831.0,-10639.194901032095
18832.0,-11242.77085195031
18833.0,-10580.364802868642
18834.0,-10550.949753786857
18835.0,-11787.51770470519
18836.0,-9542.632655623403
18837.0,-7804.141006541689
18838.0,-6065.649357459974
18839.0,-4327.15770837826
18840.0,-2588.6660592965454
18841.0,-850.1744102148305
18842.0,1711.2066388669537
18843.0,3006.604687948622
18844.0,3352.5147370304076
18845.0,5597.399786112075
18846.0,3727.8408351938597
18847.0,6605.716884275529
18848.0,4419.661933357313
18849.0,6981.042982438981
18850.0,4794.9880315207665
18851.0,8305.856080602436
18852.0,8968.262129684219
18853.0,11529.643178765888
18854.0,11559.058227847672
18855.0,12221.464276929339
18856.0,12567.375326011126
18857.0,11014.311375092795
18858.0,11043.72642417458
18859.0,10123.654473256247
18860.0,10786.06052233803
18861.0,9549.493571419815
18862.0,10211.899620501485
18863.0,10241.31466958327
18864.0,10903.720718664936
18865.0,10933.13576774672
18866.0,11279.046816828391
18867.0,10675.470865910174
18868.0,9438.902914991842
18869.0,7569.343964073627
18870.0,6965.768013155295
18871.0,5729.20006223708
18872.0,5125.623111318748
18873.0,5155.038160400532
18874.0,4551.462209482201
18875.0,2681.903258563985
18876.0,812.3443076456551
18877.0,-740.7196432725614
18878.0,-2610.2785941908924
18879.0,-2580.8635451091077
18880.0,-2867.9434960274402
18881.0,-2522.0334469456548
18882.0,-3125.6093978639865
18883.0,-3729.1853487822023
18884.0,-4332.762299700535
18885.0,-3986.8512506187494
18886.0,-3957.436201537081
18887.0,-3295.0301524552965
18888.0,-2632.6231033736285
18889.0,-3236.2000542918436
18890.0,-3206.785005210059
18891.0,-4126.856956128391
18892.0,-3464.449907046606
18893.0,-1852.556857964938
18894.0,2270.275218290517
18895.0,4413.807568389258
18896.0,6557.339918487769
18897.0,6801.89726858651
18898.0,7362.95161868502
18899.0,6341.526968783763
18900.0,5636.597318882272
18901.0,5881.155668981013
18902.0,6442.2090190795225
18903.0,6686.767369178266
18904.0,6931.325719277007
18905.0,7492.379069375516
18906.0,7103.945419474259
18907.0,7348.503769572768
18908.0,6327.079119671511
18909.0,6255.14146977002
18910.0,5233.716819868761
18911.0,3895.7961699672705
18912.0,1924.8845200660144
18913.0,903.4598701645227
18914.0,-1383.9477797367354
18915.0,-1455.885429638226
18916.0,-3426.7970795394835
18917.0,-2865.7427294409745
18918.0,-4203.663379342232
18919.0,-3326.1140292434893
18920.0,-5297.025679144981
18921.0,-6634.946329046238
18922.0,-7023.379978947729
18923.0,-8677.795628848986
18924.0,-8749.733278750477
18925.0,-11670.131928651736
18926.0,-9526.599578553225
18927.0,-11181.016228454484
18928.0,-9037.483878355974
18929.0,-10058.908528257232
18930.0,-8548.368178158722
18931.0,-8936.80082805998
18932.0,-9008.738477961238
18933.0,-8764.181127862728
18934.0,-8836.118777763986
18935.0,-6692.5864276654775
18936.0,-6764.524077566735
18937.0,-3988.0007274682257
18938.0,-4376.433377369484
18939.0,-1283.4150272709749
18940.0,-1988.3436771722327
18941.0,-161.30732707372226
18942.0,-866.2359769749801
18943.0,1593.7913731235276
18944.0,1521.8537232222698
18945.0,1766.412073321013
18946.0,1694.4744234195223
18947.0,2572.0237735182636
18948.0,2816.582123616774
18949.0,2428.148473715515
18950.0,2672.7068238140255
18951.0,1967.7771739127675
18952.0,2212.335524011276
18953.0,874.414874110018
18954.0,485.98222420852835
18955.0,-851.9384256927297
18956.0,-1873.3630755942195
18957.0,-2894.7877254954783
18958.0,-2650.230375396969
18959.0,-2405.672025298227
18960.0,-1528.1226751994836
18961.0,-967.0683251009759
18962.0,-722.510975002233
18963.0,-477.9526249037244
18964.0,-1499.3772748049814
18965.0,-938.3239247064721
18966.0,-1643.25257460773
18967.0,-1398.6942245092214
18968.0,-837.6408744104792
18969.0,356.4044756880303
18970.0,1233.9538257867735
18971.0,1795.0071758852828
18972.0,3305.5485259840243
18973.0,3233.6108760827665
18974.0,4427.655226181276
18975.0,3722.726576280018
18976.0,4283.779926378527
18977.0,3895.3472764772705
18978.0,3190.4176265757797
18979.0,3118.479976674522
18980.0,2413.551326773031
18981.0,3291.1006768717725
18982.0,3852.154026970282
18983.0,3147.225377069024
18984.0,4024.7747271675344
18985.0,3003.3500772662755
18986.0,3564.403427364785
18987.0,1276.9957774635277
18988.0,1838.05012756227
18989.0,1133.1204776607792
18990.0,1061.1828277595214
18991.0,1938.73317785803
18992.0,600.8125279567721
18993.0,1794.8578780552816
18994.0,773.4322281540244
18995.0,1967.477578252534
18996.0,1262.5489283512761
18997.0,2140.0982784497846
18998.0,1118.6736285485276
18999.0,1363.2319786470362
19000.0,-291.18467125422103
19001.0,-46.62632115547967
19002.0,-1701.0429710569697
19003.0,-190.50162095822816
19004.0,-1211.926270859718
19005.0,-650.8729207609758
19006.0,-1988.7935706624667
19007.0,-2693.7222205637245
19008.0,-2109.900269643095
19009.0,-1526.0783187224652
19010.0,-942.2563678018355
19011.0,-358.43441688120583
19012.0,531.522738469891
19013.0,-2692.964106179012
19014.0,-2119.5029508279154
19015.0,-4078.0067954768183
19016.0,-3821.040640125722
19017.0,-4513.562484774625
19018.0,-5206.083329423528
19019.0,-4949.117174072431
19020.0,-7224.117018721335
19021.0,-6650.655863370238
19022.0,-10191.637708019141
19023.0,-8352.193552668045
19024.0,-9677.706397316715
19025.0,-7521.766241965618
19026.0,-7897.792086614521
19027.0,-7324.329931263424
19028.0,-6117.877775912328
19029.0,-7126.894620561231
19030.0,-5920.441465210134
19031.0,-6929.458309859037
19032.0,-4140.527154507941
19033.0,-5782.534999156844
19034.0,-2677.1078438057475
19035.0,-3369.6296884546505
19036.0,-580.6985331035539
19037.0,-7.236377752456974
19038.0,2781.694777598639
19039.0,4621.138932949736
19040.0,5827.592088301066
19041.0,6717.549243652164
19042.0,6658.01939900326
19043.0,7864.472554354357
19044.0,6538.959709705454
19045.0,8061.90786505655
19046.0,8002.3780204076465
19047.0,9525.327175758743
19048.0,9149.30133110984
19049.0,10672.249486460936
19050.0,9663.232641812036
19051.0,8970.71179716313
19052.0,7645.198952514227
19053.0,7902.165107865325
19054.0,6260.157263216421
19055.0,5884.131418567518
19056.0,4558.618573918848
19057.0,4499.088729269944
19058.0,3490.07188462104
19059.0,3114.046039972138
19060.0,3687.5081953232348
19061.0,3627.9783506743315
19062.0,3568.4485060254283
19063.0,2242.935661376525
19064.0,2816.3968167276216
19065.0,541.3979720787174
19066.0,1747.8501274298142
19067.0,105.84228278091177
19068.0,1312.2954381320087
19069.0,936.2695934831045
19070.0,2142.7227488342014
19071.0,2083.192904185531
19072.0,2656.6540595366278
19073.0,2597.1242148877245
19074.0,3170.5853702388213
19075.0,2794.560525589919
19076.0,2418.534680941015
19077.0,2675.5008362921126
19078.0,2299.4749916432083
19079.0,3505.9281469943053
19080.0,2813.406302345402
19081.0,4969.3464576965
19082.0,4276.825613047597
19083.0,4850.286768398693
19084.0,3208.278923749789
19085.0,3465.2440791008867
19086.0,1506.7402344519833
19087.0,1447.2103898033129
19088.0,1071.1855451544088
19089.0,695.1597005055064
19090.0,1268.6208558566032
19091.0,892.5960112076991
19092.0,-116.42083344120329
19093.0,-1441.9336780901067
19094.0,-2767.44652273901
19095.0,-3459.9673673879133
19096.0,-3835.9932120368167
19097.0,-5161.50605668572
19098.0,-4271.548901334623
19099.0,-6230.052745983526
19100.0,-5340.09559063243
19101.0,-7615.094435281333
19102.0,-5142.659279930236
19103.0,-5518.685124578907
19104.0,-4312.23196922781
19105.0,-4055.265813876713
19106.0,-5064.282658525616
19107.0,-5123.812503174519
19108.0,-8031.803347823423
19109.0,-7141.846192472326
19110.0,-6289.501318969069
19111.0,-5437.156445465812
19112.0,-4584.811571962555
19113.0,-1716.5829528944014
19114.0,-2013.3103338263081
19115.0,-1044.0557147581567
19116.0,-707.7930956900036
19117.0,-1004.5204766218521
19118.0,-35.26585755369888
19119.0,-964.9852384855476
19120.0,1586.7473805825466
19121.0,-608.9550003493005
19122.0,1942.7786187188522
19123.0,380.06723778700325
19124.0,2931.800856855156
19125.0,1369.0894759233088
19126.0,4553.814094991403
19127.0,3940.5907140595555
19128.0,5859.332333127708
19129.0,4929.612952195859
19130.0,5265.8765712640125
19131.0,4652.6521903321645
19132.0,4355.924809400258
19133.0,5008.68342846841
19134.0,5028.451047536562
19135.0,5997.705666604716
19136.0,4751.490285672868
19137.0,6037.24090474102
19138.0,4474.530523809113
19139.0,5443.7851428772665
19140.0,3564.5777619454184
19141.0,4533.83338101357
19142.0,2654.626000081722
19143.0,2990.889619149875
19144.0,1428.1792382179683
19145.0,1764.4418572861214
19146.0,201.73147635427267
19147.0,-727.9879045775742
19148.0,-1974.2032855094221
19149.0,-3853.40966644127
19150.0,-6049.112047373175
19151.0,-8561.309428305023
19152.0,-9491.028809236872
19153.0,-10420.748190168719
19154.0,-8818.502571100567
19155.0,-10381.212952032414
19156.0,-9095.46333296432
19157.0,-10341.677713896168
19158.0,-10005.415094828015
19159.0,-10618.638475759863
19160.0,-10282.374856691711
19161.0,-9946.112237623558
19162.0,-9293.352618555466
19163.0,-8640.593999487313
19164.0,-9253.817380419161
19165.0,-7335.075761351009
19166.0,-6682.317142282856
19167.0,-4130.583523214704
19168.0,-3161.3289041466096
19169.0,339.8907149215429
19170.0,1625.6413339896953
19171.0,4177.373953057848
19172.0,4513.637572125999
19173.0,5166.397191194152
19174.0,4553.172810262246
19175.0,4889.436429330399
19176.0,5542.195048398551
19177.0,5561.962667466703
19178.0,7480.704286534856
19179.0,7816.967905603007
19180.0,8786.222524671102
19181.0,8489.494143739255
19182.0,8509.261762807408
19183.0,7579.542381875559
19184.0,6966.319000943711
19185.0,5720.103620011863
19186.0,5739.871239079957
19187.0,4177.160858148109
19188.0,3880.4324772162618
19189.0,1051.7390962844129
19190.0,2020.9937153525661
19191.0,-174.70866557928093
19192.0,161.55495348881232
19193.0,-1401.1564274430357
19194.0,-1697.8838083748833
19195.0,-1994.6121893067311
19196.0,-1974.8445702385789
19197.0,-1322.0859511704266
19198.0,-2884.7963321023326
19199.0,-1282.5507130341803
19200.0,-2212.270093966028
19201.0,-1243.0154748978757
19202.0,-2172.7348558297235
19203.0,-2152.9672367616295
19204.0,-867.216617693477
19205.0,-2429.926998625325
19206.0,-1144.1773795571726
19207.0,-2390.3917604890203
19208.0,161.34085857913306
19209.0,-768.3785223527739
19210.0,1783.3550967153787
19211.0,2436.113715783531
19212.0,4739.516454378627
19213.0,4754.019939848007
19214.0,4768.523425317388
19215.0,4783.026910786768
19216.0,3215.051396256147
19217.0,3546.0508817254704
19218.0,2294.5713671948506
19219.0,4208.048852664231
19220.0,3273.0653381336106
19221.0,6136.030823602992
19222.0,5201.0473090723135
19223.0,6165.037794541695
19224.0,3647.575280011075
19225.0,3662.0787654804553
19226.0,2410.5992509498356
19227.0,1475.615736419215
19228.0,857.1282218885372
19229.0,-77.85529264208162
19230.0,-1962.3258071727014
19231.0,-3213.805321703321
19232.0,-4148.788836233941
19233.0,-4134.2853507645605
19234.0,-3170.294865295238
19235.0,-2839.2953798258577
19236.0,-1875.3048943564772
19237.0,-2177.297408887097
19238.0,-2479.2899234177166
19239.0,-3730.768437948336
19240.0,-2766.777952479014
19241.0,-2752.2744670096336
19242.0,-1471.7889815402532
19243.0,-1457.2854960708728
19244.0,-176.79901060149132
19245.0,-795.2865251321691
19246.0,-464.28703966278954
19247.0,-766.2795541934083
19248.0,-1384.768068724029
19249.0,-1053.7685832546485
19250.0,-1039.2650977852682
19251.0,-1657.752612315946
19252.0,-1643.2491268465656
19253.0,-1945.2416413771853
19254.0,-981.2511559078048
19255.0,-650.2516704384234
19256.0,-1585.235184969044
19257.0,-1254.236699499722
19258.0,-3138.7072140303417
19259.0,-2491.211728560961
19260.0,-3742.691243091581
19261.0,-2778.7007576222004
19262.0,-3397.188272152878
19263.0,-2116.702786683498
19264.0,-1785.7033012141173
19265.0,-2087.695815744737
19266.0,-490.7133302753555
19267.0,-792.7058448059761
19268.0,804.2766406633455
19269.0,-447.2028738672725
19270.0,1149.778611602107
19271.0,847.7870970714866
19272.0,-87.19641745913214
19273.0,-72.69293198975174
19274.0,891.2975534795696
19275.0,1538.79203894895
19276.0,3135.7735244183314
19277.0,2833.782009887711
19278.0,4114.267495357091
19279.0,3495.7799808264717
19280.0,3193.7874662957947
19281.0,1942.3089517651752
19282.0,690.8294372345554
19283.0,-560.6500772960644
19284.0,-862.6425918266841
19285.0,-848.1391063573619
19286.0,-2099.6176208879815
19287.0,-2085.114135418601
19288.0,-2070.6106499492207
19289.0,-2689.0991644798405
19290.0,-3307.58667901046
19291.0,-4559.066193541137
19292.0,-4228.066708071757
19293.0,-6112.537222602377
19294.0,-7364.016737132996
19295.0,-7666.009251663616
19296.0,-8284.496766194236
19297.0,-7004.010280724913
19298.0,-7938.993795255533
19299.0,-5392.525309786153
19300.0,-6327.508824316772
19301.0,-3148.048338847392
19302.0,-5032.518853378011
19303.0,-2802.5453679086895
19304.0,-3421.0338824393084
19305.0,-2457.043396969929
19306.0,-1493.0529115005484
19307.0,-2111.540426031168
19308.0,1700.9110594381546
19309.0,1082.423544907535
19310.0,5211.371030376915
19311.0,3010.404515846296
19312.0,7455.848001315677
19313.0,6204.368486785057
19314.0,8434.34197225438
19315.0,7499.35845772376
19316.0,8779.84394319314
19317.0,9743.834428662522
19318.0,8175.859914131901
19319.0,10405.83339960128
19320.0,9470.849885070602
19321.0,13647.753946315996
19322.0,12664.756355066897
19323.0,14530.219763817684
19324.0,12914.231172568583
19325.0,11614.737581319489
19326.0,9682.252990070388
19327.0,8066.264398821175
19328.0,8032.753807572077
19329.0,6416.7642163229775
19330.0,7649.23662507388
19331.0,7299.230033824666
19332.0,7265.719442575568
19333.0,6282.721851326469
19334.0,5616.220260077371
19335.0,5266.2136688282735
19336.0,3333.729077579059
19337.0,3933.209486329961
19338.0,2633.7168950808627
19339.0,2600.2063038317647
19340.0,351.22571258255084
19341.0,634.211121333452
19342.0,1233.6915300843539
19343.0,1200.1809388352558
19344.0,1483.1663475860405
19345.0,183.67275633694408
19346.0,1099.6491650878452
19347.0,-2098.8184261612532
19348.0,-2765.3200174104677
19349.0,-4381.309608659565
19350.0,-4414.820199908663
19351.0,-4764.825791157762
19352.0,-4165.345382406976
19353.0,-3882.3599736560745
19354.0,-3915.8705649051726
19355.0,-3949.3811561542707
19356.0,-4615.883747403484
19357.0,-5598.8813386525835
19358.0,-7214.869929901681
19359.0,-8514.363521150779
19360.0,-9497.361112399876
19361.0,-10163.86270364909
19362.0,-9564.382294898189
19363.0,-8964.901886147287
19364.0,-7732.429477396386
19365.0,-7449.4440686456
19366.0,-7482.954659894698
19367.0,-8782.448251143796
19368.0,-9448.949842392894
19369.0,-10748.443433642109
19370.0,-10781.954024891207
19371.0,-11131.960616140304
19372.0,-10848.975207389403
19373.0,-10565.989798638617
19374.0,-11232.492389887715
19375.0,-10000.019981136813
19376.0,-9717.034572385912
19377.0,-7218.580163635126
19378.0,-8201.577754884225
19379.0,-5703.122346133323
19380.0,-7635.6079373824205
19381.0,-7985.613528631635
19382.0,-9601.603119880732
19383.0,-9635.11371112983
19384.0,-7769.650302378929
19385.0,-6853.673893628027
19386.0,-4671.714484877241
19387.0,-4072.23307612634
19388.0,-1573.778667375438
19389.0,-2873.2722586245363
19390.0,-1324.3038498737496
19391.0,-2307.3014411228487
19392.0,-1707.8210323719468
19393.0,-1741.3316236210449
19394.0,-1458.3462148702583
19395.0,90.62119388064275
19396.0,-259.3843973684561
19397.0,1606.079011382446
19398.0,2205.5594201332315
19399.0,4387.518828884135
19400.0,4037.5122376350355
19401.0,5586.480646385939
19402.0,5236.474055136723
19403.0,5202.963463887625
19404.0,5485.948872638528
19405.0,6401.925281389431
19406.0,7317.901690140214
19407.0,7917.3820988911175
19408.0,8833.35850764202
19409.0,9432.83991639292
19410.0,10032.320325143704
19411.0,8732.82673389461
19412.0,8699.316142645512
19413.0,8349.30955139641
19414.0,7366.311960147315
19415.0,7016.306368898098
19416.0,6349.803777649002
19417.0,6632.789186399903
19418.0,6915.774595150804
19419.0,6249.272003901591
19420.0,5266.274412652492
19421.0,3966.781821403394
19422.0,3981.0454142151602
19423.0,3995.3090070269263
19424.0,4009.5725998386924
19425.0,1393.931297527216
19426.0,-905.2150047842601
19427.0,-1305.3873070957363
19428.0,-2022.0546094072126
19429.0,-1472.7399117184561
19430.0,-1239.9202140299326
19431.0,-374.10951634140883
19432.0,-1407.2728186528852
19433.0,-2756.9321209641284
19434.0,-3157.104423275605
19435.0,-4823.258725587081
19436.0,-5223.431027898558
19437.0,-4674.115330209801
19438.0,-3175.313632521277
19439.0,-1993.0069348327538
19440.0,455.28176285577047
19441.0,1321.0924605442933
19442.0,3452.88615823305
19443.0,4002.201855921574
19444.0,5184.507553610098
19445.0,5733.8232512986215
19446.0,7232.624948987377
19447.0,7465.444646675902
19448.0,7381.7683443644255
19449.0,7298.092042052949
19450.0,7214.415739741473
19451.0,8396.72143743023
19452.0,8313.045135118753
19453.0,8545.864832807276
19454.0,7512.7015304958
19455.0,7429.025228184557
19456.0,5129.878925873079
19457.0,4096.715623561604
19458.0,2430.5613212501285
19459.0,1713.8930189388839
19460.0,1313.7217166274077
19461.0,280.55841431593126
19462.0,-119.61388799554516
19463.0,-836.2811903070215
19464.0,-1552.9494926182642
19465.0,-2586.112794929741
19466.0,-4885.259097241217
19467.0,-5918.422399552694
19468.0,-8217.567701863936
19469.0,-8301.244004175413
19470.0,-9017.912306486889
19471.0,-7835.605608798366
19472.0,-5703.811911109609
19473.0,-6103.984213421086
19474.0,-4921.677515732563
19475.0,-6271.336818044038
19476.0,-6038.517120355515
19477.0,-7388.176422666758
19478.0,-7155.3567249782345
19479.0,-5973.051027289711
19480.0,-6056.727329601187
19481.0,-4874.420631912431
19482.0,-5591.087934223908
19483.0,-4408.781236535384
19484.0,-3542.97053884686
19485.0,-2677.1598411581035
19486.0,-228.8711434695797
19487.0,-312.547445781056
19488.0,1502.7502519074678
19489.0,-479.90005040400865
19490.0,69.41564728474805
19491.0,-2546.2266550267286
19492.0,-1680.4159573382049
19493.0,-498.1092596496801
19494.0,-265.2895619609244
19495.0,2182.9991357275994
19496.0,2099.322833416123
19497.0,3281.629531104647
19498.0,349.4922287934023
19499.0,898.806926481926
19500.0,-1083.8433758295487
19501.0,-1484.015678141026
19502.0,-2200.6829804525023
19503.0,-2600.855282763746
19504.0,-1418.5485850752211
19505.0,-2135.2168873866985
19506.0,-636.4141896981746
19507.0,-403.5944920094189
19508.0,-170.77579432089442
19509.0,62.043903367628445
19510.0,-654.6233989438479
19511.0,-105.30870125509136
19512.0,-2404.455003566567
19513.0,-272.661305878044
19514.0,-672.8336081895195
19515.0,1775.4560894990045
19516.0,1375.28378718776
19517.0,1924.5984848762837
19518.0,4372.888182564808
19519.0,2706.732880253332
19520.0,4522.031577942089
19521.0,2222.8852756306114
19522.0,3405.1919733191353
19523.0,1422.5406710076586
19524.0,1655.3603686964161
19525.0,1571.6840663849398
19526.0,1804.5037640734627
19527.0,3619.8014617619865
19528.0,4169.11615945051
19529.0,5034.926857139268
19530.0,4001.7635548277904
19531.0,2652.105252516314
19532.0,1302.4459502048376
19533.0,-1313.1963521064063
19534.0,-1396.8726544178826
19535.0,-1164.052956729358
19536.0,-298.24225904083505
19537.0,884.0644386479216
19538.0,1433.3791363364453
19539.0,3248.676834024969
19540.0,2215.5135317134936
19541.0,2131.8372294020173
19542.0,782.1779270907737
19543.0,1014.9976247792965
19544.0,-651.156677532179
19545.0,-1367.8249798436555
19546.0,-818.5092821548988
19547.0,-1535.1775844663753
19548.0,-36.374886777852225
19549.0,-120.05118908932855
19550.0,-520.2234914005712
19551.0,-287.40379371204835
19552.0,-1637.0630960235248
19553.0,326.45027003172913
19554.0,2289.963636086983
19555.0,4253.477002142237
19556.0,1634.0028796494917
19557.0,913.5017571567469
19558.0,-1072.9813653359993
19559.0,-2109.9774878287444
19560.0,17.98338967851032
19561.0,-2601.4917328142355
19562.0,-473.53085530674844
19563.0,-4675.483977799494
19564.0,-3497.0101002922393
19565.0,-7382.467222784984
19566.0,-8102.96834527773
19567.0,-9456.459467770477
19568.0,-10493.45559026322
19569.0,-8681.990712755734
19570.0,-9085.99583524848
19571.0,-6008.547957741225
19572.0,-7995.03108023397
19573.0,-5234.079202726716
19574.0,-7220.562325219462
19575.0,-6991.575447712207
19576.0,-7079.084570204953
19577.0,-7799.585692697465
19578.0,-5038.633815190211
19579.0,-6392.124937682956
19580.0,-2048.695060175702
19581.0,-3085.6911826684477
19582.0,1257.7396948388068
19583.0,-95.75242765393887
19584.0,2981.695449853549
19585.0,2894.1863273608033
19586.0,3123.173204868057
19587.0,3352.159082375312
19588.0,3264.6499598825667
19589.0,5392.6108373898205
19590.0,4355.614714897076
19591.0,6167.0795924043305
19592.0,5130.083469911817
19593.0,8207.531347419072
19594.0,8120.022224926326
19595.0,9614.991102433582
19596.0,9210.986979940837
19597.0,8490.48585744809
19598.0,7136.994734955344
19599.0,5783.502612462831
19600.0,4430.0104899700855
19601.0,4342.50136747734
19602.0,5837.470244984595
19603.0,7015.94412249185
19604.0,7561.426999999105
19605.0,8106.908877506359
19606.0,7386.408755013614
19607.0,6982.4036325211
19608.0,6261.9035100283545
19609.0,5857.89838753561
19610.0,5770.389265042864
19611.0,5366.384142550118
19612.0,5595.371020057373
19613.0,4558.374897564627
19614.0,5103.856775072114
19615.0,5332.8436525793695
19616.0,6194.821530086623
19617.0,5157.8254075938785
19618.0,5703.307285101133
19619.0,3716.8241626083873
19620.0,3312.8190401156407
19621.0,1009.8409176228961
19622.0,289.3397951303832
19623.0,-431.1603273623623
19624.0,-835.165449855107
19625.0,-289.68257234785415
19626.0,-377.19169484059967
19627.0,484.7861826666558
19628.0,-1501.6969398260899
19629.0,-956.2150623186026
19630.0,-2942.6981848113483
19631.0,-3030.207307304094
19632.0,-4700.19542979684
19633.0,-4787.704552289585
19634.0,-4875.213674782331
19635.0,-4962.722797275076
19636.0,-3784.2489197678215
19637.0,-3555.262042260334
19638.0,-2376.7881647530794
19639.0,-2464.297287245825
19640.0,-2551.8064097385704
19641.0,-3272.307532231316
19642.0,-4625.799654724062
19643.0,-5029.803777216807
19644.0,-5117.31289970932
19645.0,-4255.335022202065
19646.0,-4342.844144694811
19647.0,-2847.8752671875554
19648.0,-1985.8973896803018
19649.0,-2073.4065121730473
19650.0,-1527.9236346657926
19651.0,-3197.9117571585375
19652.0,-2019.4378796510518
19653.0,-5271.904002143797
19654.0,-4409.926124636542
19655.0,-3543.0189499127273
19656.0,-1670.8908625976464
19657.0,-3280.214775282566
19658.0,-775.095687967485
19659.0,-485.4456006524033
19660.0,120.69948666267737
19661.0,-222.64142602224274
19662.0,-1198.9753387071623
19663.0,-1225.8212513920816
19664.0,-3468.136164077001
19665.0,-1596.0080767619202
19666.0,-3205.3329894468397
19667.0,-383.7169021317586
19668.0,-1993.0418148166782
19669.0,1145.069272498402
19670.0,801.7273598134834
19671.0,2673.8554471285643
19672.0,2014.018534443645
19673.0,3886.146621758726
19674.0,3226.3097090738065
19675.0,2249.976796388886
19676.0,2539.6258837039677
19677.0,3145.7719710190486
19678.0,4384.908058334129
19679.0,4991.05414564921
19680.0,7179.678232964292
19681.0,7785.823320279371
19682.0,9024.960407594452
19683.0,7732.131494909532
19684.0,7388.789582224614
19685.0,5779.46566953981
19686.0,4803.132756854891
19687.0,3510.303844169972
19688.0,4432.944931485052
19689.0,4089.603018800133
19690.0,5012.245106115213
19691.0,3719.416193430294
19692.0,3376.0742807453753
19693.0,1450.2543680604558
19694.0,790.4174553755365
19695.0,-1451.8984573093821
19696.0,-2428.2313699943024
19697.0,-5303.538282679222
19698.0,-6912.863195364142
19699.0,-8838.683108049061
19700.0,-10764.503020733979
19701.0,-11424.339933418898
19702.0,-12084.177846103818
19703.0,-10845.040758788737
19704.0,-11188.382671473657
19705.0,-10582.236584158576
19706.0,-11558.569496843495
19707.0,-11268.920409528415
19708.0,-12561.748322213334
19709.0,-12272.099234898253
19710.0,-11032.962147583172
19711.0,-9160.834060268093
19712.0,-6972.209972953011
19713.0,-5100.081885637931
19714.0,-2911.45779832285
19715.0,-722.83371100777
19716.0,199.80737630731164
19717.0,1122.4484636223915
19718.0,1412.097550937473
19719.0,2334.7386382526693
19720.0,3890.371725567751
19721.0,5446.003812882831
19722.0,7001.636900197911
19723.0,8557.268987512994
19724.0,9479.910074828073
19725.0,9453.064162143153
19726.0,9426.218249458234
19727.0,8766.381336773316
19728.0,7790.048424088396
19729.0,7130.210511403478
19730.0,6153.877598718558
19731.0,5494.040686033639
19732.0,6100.1857733487195
19733.0,4174.3658606638
19734.0,5097.00694797888
19735.0,2854.6910352939612
19736.0,4410.324122609041
19737.0,2168.0082099241226
19738.0,2141.1622972392033
19739.0,848.3333845542838
19740.0,-760.9905281306364
19741.0,-2053.819440815554
19742.0,-3979.6393535004745
19743.0,-2740.5022661853927
19744.0,-4349.827178870313
19745.0,-895.220091555233
19746.0,-1555.0570042401523
19747.0,950.0620830749285
19748.0,-975.757829609991
19749.0,-686.1077422949093
19750.0,-2611.9276549798287
19751.0,-3588.2615676647483
19752.0,-2665.6194803496674
19753.0,-2692.4653930344703
19754.0,129.14969428060976
19755.0,935.8167433856124
19756.0,1742.483792490615
19757.0,2549.1508415956177
19758.0,4112.664515123421
19759.0,3144.213188651225
19760.0,3441.744862179028
19761.0,4372.267535706775
19762.0,2137.833209234577
19763.0,3701.347882762382
19764.0,1466.9135562901847
19765.0,3663.4192298179896
19766.0,1745.480903345735
19767.0,3625.490576873539
19768.0,3606.5262504013426
19769.0,3587.5619239291464
19770.0,3885.092597456949
19771.0,2283.6502709846955
19772.0,2897.676944512499
19773.0,30.251618040303583
19774.0,1593.7662915681067
19775.0,-640.6680349040889
19776.0,289.8546386236558
19777.0,-1311.5886878485408
19778.0,-64.57001432073594
19779.0,-83.5343407929322
19780.0,-418.99366726512926
19781.0,-1070.949993737384
19782.0,-1406.4103202095803
19783.0,-1425.3746466817765
19784.0,-3026.816973153973
19785.0,-3045.781299626169
19786.0,-3381.2416260984237
19787.0,-2134.22295257062
19788.0,-1520.196279042816
19789.0,43.31839448498795
19790.0,657.3450680127917
19791.0,5.389741540537216
19792.0,-963.0615849316582
19793.0,-1931.5129114038555
19794.0,-2583.469237876052
19795.0,-2285.937564348248
19796.0,-2621.3978908205027
19797.0,-1690.8752172926988
19798.0,-2659.326543764895
19799.0,-2045.2988702370913
19800.0,-3330.2461967092877
19801.0,-2716.219523181542
19802.0,-3051.6788496537383
19803.0,-1804.6611761259346
19804.0,-2140.1205025981308
19805.0,-1526.093829070327
19806.0,-2494.5451555425816
19807.0,-2830.005482014778
19808.0,-2848.969808486974
19809.0,-3184.4291349591704
19810.0,-1304.4194614313656
19811.0,-690.39278790362
19812.0,2455.599885624182
19813.0,2120.1395591519868
19814.0,3683.65423267979
19815.0,2398.7069062075934
19816.0,3012.733579735339
19817.0,2044.2822532631435
19818.0,1708.8229267909464
19819.0,2639.345600318751
19820.0,3253.372273846555
19821.0,4816.8869473743
19822.0,3848.434620902104
19823.0,4145.966294429907
19824.0,3177.5149679577116
19825.0,1892.5676414855152
19826.0,1873.6033150132607
19827.0,-360.8300114589365
19828.0,-63.29933793113196
19829.0,-2614.2286644033284
19830.0,-2949.688990875583
19831.0,-3285.1493173477793
19832.0,-4570.0956438199755
19833.0,-3956.068970292172
19834.0,-5874.007296764367
19835.0,-3993.9976232366225
19836.0,-7177.918949708819
19837.0,-5614.404276181015
19838.0,-8481.830602653212
19839.0,-8500.794929125408
19840.0,-10102.237255597662
19841.0,-10437.697582069857
19842.0,-9823.669908542055
19843.0,-10792.12123501425
19844.0,-7646.129561486447
19845.0,-8298.084887958701
19846.0,-4835.596214430898
19847.0,-7386.526540903094
19848.0,-5190.02086737529
19849.0,-6474.968193847486
19850.0,-5860.940520319741
19851.0,-4930.417846791937
19852.0,-3999.8951732641335
19853.0,-537.4074997363296
19854.0,-556.3718262085258
19855.0,2589.62084731922
19856.0,1621.1695208470228
19857.0,3184.6831943748275
19858.0,2532.7278679026313
19859.0,3146.754541430435
19860.0,3444.2862149581797
19861.0,3741.8178884859844
19862.0,5621.827562013788
19863.0,5602.863235541592
19864.0,7166.376909069397
19865.0,6197.925582597141
19866.0,7444.944256124945
19867.0,7742.475929652748
19868.0,7723.511603180552
19869.0,7388.051276708356
19870.0,6419.599950236101
19871.0,5767.644623763907
19872.0,3216.714297291708
19873.0,4147.236970819513
19874.0,3811.777644347316
19875.0,6008.282317875062
19876.0,5356.326991402866
19877.0,6603.345664930668
19878.0,6267.885338458473
19879.0,6248.921011986276
19880.0,4647.478685514023
19881.0,3679.0273590418255
19882.0,3976.55803256963
19883.0,3008.106706097433
19884.0,3305.6383796252376
19885.0,2653.682053152983
19886.0,2318.222726680786
19887.0,2615.7534002085904
19888.0,3229.7810737363943
19889.0,3527.3127472641972
19890.0,2875.3564207919426
19891.0,1273.9140943197472
19892.0,-327.5292321524503
19893.0,-2245.467558624645
19894.0,-4163.405885096842
19895.0,-4815.361211569097
19896.0,-5150.821538041293
19897.0,-6752.263864513489
19898.0,-6454.733190985685
19899.0,-9005.662517457882
19900.0,-7233.354890485689
19901.0,-5461.047263513496
19902.0,-3688.7396365413015
19903.0,-6289.961294446712
19904.0,-4776.7399523521235
19905.0,-6744.970610257535
19906.0,-7130.723268162945
19907.0,-7199.979926068356
19908.0,-7269.236583973767
19909.0,-6389.005241879178
19910.0,-7091.2538997845895
19911.0,-5261.53655769
19912.0,-5647.288215595411
19913.0,-5083.553873500822
19914.0,-5469.306531406233
19915.0,-4589.076189311644
19916.0,-4341.836847217055
19917.0,-3778.102505122466
19918.0,-2897.872163027877
19919.0,-2650.632820933288
19920.0,-1453.906478838699
19921.0,-1206.66713674411
19922.0,-1908.915794649521
19923.0,-712.1894525549314
19924.0,-2996.91611046011
19925.0,-1483.693768365521
19926.0,-3768.420426270932
19927.0,-2255.199084176343
19928.0,-3906.9337420817537
19929.0,-2077.216399987165
19930.0,-2146.473057892576
19931.0,-2848.7217157979867
19932.0,-1335.4993737033974
19933.0,-2354.243031608809
19934.0,-208.02968951422008
19935.0,-3442.243347419631
19936.0,-663.0390053250421
19937.0,-2947.765663230453
19938.0,-168.5613211358641
19939.0,-2769.7829790412748
19940.0,325.91736305331415
19941.0,573.1557051479031
19942.0,2402.8740472424925
19943.0,2966.6083893370815
19944.0,3530.3427314316705
19945.0,5993.05207352626
19946.0,5923.795415620849
19947.0,8070.008757715437
19948.0,8000.752099810026
19949.0,9830.469441904617
19950.0,9761.212783999206
19951.0,11907.425126093793
19952.0,11838.168468188382
19953.0,13667.886810282973
19954.0,14231.62115237756
19955.0,15744.842494472148
19956.0,15675.585836566737
19957.0,15606.329178661326
19958.0,14904.081520755917
19959.0,14834.824862850506
19960.0,13499.585204945095
19961.0,13746.824547039683
19962.0,13994.063889134271
19963.0,14874.294231228861
19964.0,13855.55057332345
19965.0,11887.319915418273
19966.0,10552.080257512862
19967.0,8583.849599607453
19968.0,5982.626941702039
19969.0,4014.3962837966283
19970.0,3312.1486258912173
19971.0,1343.9179679858062
19972.0,8.678310080396841
19973.0,-2276.0483478250153
19974.0,-2978.2960057304263
19975.0,-4630.031663635837
19976.0,-4699.288321541248
19977.0,-6667.518979446659
19978.0,-6736.77563735207
19979.0,-8705.00629525748
19980.0,-9723.749953162891
19981.0,-11375.484611068303
19982.0,-11128.246268973713
19983.0,-10248.015926879125
19984.0,-9051.289584784536
19985.0,-6905.076242689947
19986.0,-6974.332900595358
19987.0,-4195.128558500769
19988.0,-3631.39421640618
19989.0,-2751.163874311591
19990.0,-1554.4375322170017
19991.0,-990.7021901224125
19992.0,839.0151519721767
19993.0,453.2624940667647
19994.0,1333.4928361613547
19995.0,1264.2361782559437
19996.0,2777.457520350532
19997.0,3974.183862445121
19998.0,4221.423204539711
19999.0,5418.1495466343
20000.0,4082.909888728889
20001.0,4013.653230823478
20002.0,1412.430572918067
20003.0,1026.6789150126551
20004.0,324.43025710724396
20005.0,-61.321400797933165
20006.0,-763.5700587033443
20007.0,-1149.321716608756
20008.0,-2801.0573745141664
20009.0,-3503.3050324195774
20010.0,-5471.5356903249885
20011.0,-6490.2793482304
20012.0,-7825.51900613581
20013.0,-7261.784664041221
20014.0,-7964.032321946632
20015.0,-8349.784979852044
20016.0,-8102.545637757454
20017.0,-9437.785295662865
20018.0,-7608.067953568276
20019.0,-7291.631625166622
20020.0,-4756.166922823972
20021.0,-6968.13822048132
20022.0,-5698.657518138669
20023.0,-7277.636815796018
20024.0,-6641.147113453367
20025.0,-7270.639411110716
20026.0,-7583.636708768065
20027.0,-6630.6510064254135
20028.0,-7260.143304082762
20029.0,-4091.687601740111
20030.0,-5670.667899397446
20031.0,-2185.716197054795
20032.0,-5030.678494712143
20033.0,-3128.205792369493
20034.0,-5656.673090026841
20035.0,-4703.686387684191
20036.0,-5333.17968534154
20037.0,-5013.184982998888
20038.0,-2794.2162806562374
20039.0,-2474.2225783135864
20040.0,61.24212402906596
20041.0,-1201.242173628284
20042.0,1017.7265287143673
20043.0,388.2342310570184
20044.0,708.2279333996703
20045.0,711.7266357423214
20046.0,1031.7213380849716
20047.0,1984.707040427622
20048.0,1355.214742770273
20049.0,1991.704445112924
20050.0,2628.194147455575
20051.0,3264.6848497982264
20052.0,3268.1835521408775
20053.0,3904.6732544835286
20054.0,4857.658956826181
20055.0,4544.661659168831
20056.0,5181.152361511482
20057.0,4235.164063854134
20058.0,4238.662766196785
20059.0,3609.169468539436
20060.0,2979.677170882087
20061.0,3299.6718732247373
20062.0,3619.665575567389
20063.0,4572.651277910039
20064.0,4576.1499802526905
20065.0,4579.648682595342
20066.0,3000.6693849379935
20067.0,2371.1770872806446
20068.0,2374.6757896232957
20069.0,2061.678491965946
20070.0,3647.655194308598
20071.0,4600.640896651248
20072.0,5553.6265989939
20073.0,4924.134301336551
20074.0,3345.1550036792014
20075.0,2399.1667060218533
20076.0,2086.1694083645034
20077.0,1456.6771107071545
20078.0,2726.1578130498056
20079.0,3679.1435153924576
20080.0,4632.129217735108
20081.0,5268.619920077759
20082.0,5588.613622420411
20083.0,6225.104324763062
20084.0,7178.090027105713
20085.0,8764.066729448365
20086.0,8451.070431791017
20087.0,10037.047134133667
20088.0,9091.058836476317
20089.0,8778.061538818969
20090.0,7832.073241161619
20091.0,8152.067943504271
20092.0,9421.54964584692
20093.0,10058.039348189574
20094.0,11644.017050532224
20095.0,10698.027752874874
20096.0,10701.526455217525
20097.0,8489.556157560179
20098.0,6910.575859902829
20099.0,5015.1005622454795
20100.0,2486.6342645881305
20101.0,2173.6369669307805
20102.0,-354.8303307265678
20103.0,-984.3226283839167
20104.0,-2879.797926041266
20105.0,-3192.795223698614
20106.0,-3822.287521355963
20107.0,-6667.249819013312
20108.0,-6980.247116670661
20109.0,-10774.69641432801
20110.0,-11193.192045318692
20111.0,-11611.687676309373
20112.0,-12030.183307300056
20113.0,-13609.162604957404
20114.0,-12023.185902614754
20115.0,-12652.678200272105
20116.0,-12649.179497929454
20117.0,-11696.193795586802
20118.0,-13275.17409324415
20119.0,-10739.709390901498
20120.0,-12318.689688558832
20121.0,-10632.742512509329
20122.0,-13796.114462482969
20123.0,-10946.06741245661
20124.0,-12526.961362430253
20125.0,-9676.915312403897
20126.0,-9675.330262377538
20127.0,-7458.27521235118
20128.0,-5874.211162324822
20129.0,-5556.1311122984625
20130.0,-4288.563062272105
20131.0,-4919.969012245746
20132.0,-4285.392962219387
20133.0,-5233.294912193028
20134.0,-2699.74486216667
20135.0,-2381.663812140311
20136.0,-164.60876211395225
20137.0,153.47228791240195
20138.0,2054.0313379387608
20139.0,2055.6163879651194
20140.0,2373.696437991479
20141.0,1425.7944880178366
20142.0,2693.3625380441954
20143.0,2061.956588070554
20144.0,2380.0366380969135
20145.0,3014.6136881232724
20146.0,4282.180738149631
20147.0,5549.74878817599
20148.0,6500.820838202348
20149.0,7768.388888228703
20150.0,8719.460938255063
20151.0,9354.03698828142
20152.0,8722.63103830778
20153.0,8724.216088334138
20154.0,7776.314138360496
20155.0,8094.395188386854
20156.0,7779.4842384132135
20157.0,9047.052288439572
20158.0,9365.13233846593
20159.0,10316.20538849229
20160.0,10317.790438518645
20161.0,10635.870488545002
20162.0,9687.968538571364
20163.0,8423.570588597722
20164.0,7792.164638624079
20165.0,5578.279688650438
20166.0,3997.386738676796
20167.0,2099.9977887031546
20168.0,1785.086838729514
20169.0,837.1848887558717
20170.0,1155.2659387822314
20171.0,523.8589888085899
20172.0,-424.0429611650543
20173.0,-1371.9449111386966
20174.0,-3902.324861112338
20175.0,-4850.2268110859795
20176.0,-6431.120761059621
20177.0,-6113.0397110332615
20178.0,-6427.950661006904
20179.0,-5160.382610980544
20180.0,-4842.301560954186
20181.0,-4207.725510927828
20182.0,-3256.653460901469
20183.0,-3888.05941087511
20184.0,-2620.492360848755
20185.0,-2935.4023108223964
20186.0,-1984.3302607960377
20187.0,-1349.754210769679
20188.0,-1031.6731607433194
20189.0,552.3898892830384
20190.0,870.4709393093963
20191.0,2454.533989335756
20192.0,3722.1020393621147
20193.0,4673.174089388473
20194.0,5624.246139414832
20195.0,3726.8571894411907
20196.0,4361.433239467546
20197.0,1198.0622894939042
20198.0,2149.134339520262
20199.0,-1330.7336104533788
20200.0,253.33043957297923
20201.0,254.9154895993379
20202.0,1205.9875396256975
20203.0,891.0765896520552
20204.0,-689.8163603215853
20205.0,261.2556897047725
20206.0,-3535.1082602688684
20207.0,-2267.5402102425132
20208.0,-6063.903160216154
20209.0,-3846.848110189796
20210.0,-7010.220060163438
20211.0,-4476.670010137078
20212.0,-6374.05896011072
20213.0,-4473.499910084361
20214.0,-4471.914860058002
20215.0,-2571.355810031644
20216.0,-1936.7787600052852
20217.0,-2251.6897099789267
20218.0,-1617.113659952568
20219.0,-1932.0236099262129
20220.0,-664.455559899854
20221.0,-1612.3585098734957
20222.0,921.1925401528624
20223.0,1872.264590179222
20224.0,1794.5859744063946
20225.0,1822.4144636059082
20226.0,4382.208952805424
20227.0,3777.0454420049355
20228.0,5070.856931204449
20229.0,3832.7024204039626
20230.0,5126.513909603476
20231.0,4204.855398802991
20232.0,4232.683888002504
20233.0,3627.521377202018
20234.0,4288.3408664015315
20235.0,4949.160355601045
20236.0,4660.49384480056
20237.0,5004.817333999956
20238.0,4083.1588231994683
20239.0,3161.5003123989827
20240.0,973.8588015984951
20241.0,-897.2867092019915
20242.0,-2768.4322200024762
20243.0,-3373.5947308029627
20244.0,-4928.24524160345
20245.0,-5216.911752403937
20246.0,-6771.562263204422
20247.0,-6743.733774004909
20248.0,-8298.383284805395
20249.0,-7637.563795605998
20250.0,-10458.196306406486
20251.0,-10113.871817206971
20252.0,-12618.009328007458
20253.0,-13223.171838807944
20254.0,-14144.83034960843
20255.0,-13800.505860408917
20256.0,-11557.208371209403
20257.0,-10263.39688200989
20258.0,-8336.594392810377
20259.0,-7359.2789036108625
20260.0,-6381.963414411349
20261.0,-5404.6479252119525
20262.0,-5376.819436012439
20263.0,-4399.503946812925
20264.0,-3422.1884576134116
20265.0,-1811.8809684138978
20266.0,-834.565479214385
20267.0,775.7410099851295
20268.0,2702.543499184643
20269.0,3996.354988384157
20270.0,5606.662477583672
20271.0,6583.977966783183
20272.0,7877.788455982696
20273.0,7589.121945182211
20274.0,7616.950434381608
20275.0,6378.795923581121
20276.0,6406.624412780635
20277.0,5801.46190198015
20278.0,6462.281391179662
20279.0,6173.613880379176
20280.0,7467.42536957869
20281.0,7178.7578587782045
20282.0,7523.082347977717
20283.0,6601.42383717723
20284.0,5046.774326376744
20285.0,5074.602815576258
20286.0,4152.944304775654
20287.0,5130.259793975169
20288.0,4208.601283174681
20289.0,6135.403772374197
20290.0,4897.249261573708
20291.0,5874.564750773223
20292.0,4319.915239972735
20293.0,4664.23872917225
20294.0,3109.5892183717624
20295.0,2187.930707571277
20296.0,1266.2721967707894
20297.0,28.117685970302773
20298.0,372.44217516981735
20299.0,-1182.2083356307849
20300.0,111.60315356872707
20301.0,-1126.5513572317577
20302.0,800.2511319677542
20303.0,-437.9023788327322
20304.0,-726.5698896332178
20305.0,-2914.2114004337045
20306.0,-3835.869911234191
20307.0,-5390.5194220346775
20308.0,-7261.665932835163
20309.0,-6600.84544363565
20310.0,-6573.016954436136
20311.0,-4013.2234652367397
20312.0,-3668.898976037226
20313.0,-1742.0964868377123
20314.0,-1714.2679976381987
20315.0,-736.9525084386842
20316.0,-2608.0980192391717
20317.0,-1947.278530039658
20318.0,-2552.4410408401445
20319.0,-1891.621551640631
20320.0,-2180.2880624411173
20321.0,-569.9815732416027
20322.0,-225.65708404209
20323.0,1701.1454051574237
20324.0,2361.964894356821
20325.0,3022.7853835563346
20326.0,2734.117872755847
20327.0,2445.4503619553616
20328.0,2473.278851154875
20329.0,1551.6203403543877
20330.0,1895.9448295539023
20331.0,1290.782318753416
20332.0,1951.6018079529294
20333.0,713.4472971524428
20334.0,1057.7717863519556
20335.0,136.11327555147
20336.0,796.9327647508671
20337.0,508.2662539503799
20338.0,-413.3922568501057
20339.0,-702.0597676505913
20340.0,-1623.7182784510787
20341.0,-2545.3767892515652
20342.0,-3467.0353000520518
20343.0,-1856.7288108525381
20344.0,-2145.3963216530246
20345.0,-535.0888324535099
20346.0,-1140.2523432539974
20347.0,-2061.910854054484
20348.0,-2350.5773648550867
20349.0,-3588.7318756555733
20350.0,-3560.9033864560597
20351.0,-4166.065897256546
20352.0,-2555.7594080570325
20353.0,-2211.434918857519
20354.0,31.863570341995
20355.0,59.69205954150857
20356.0,2619.4855487410223
20357.0,2963.810037940535
20358.0,5207.10752714005
20359.0,4918.441016339562
20360.0,5895.756505539077
20361.0,5290.592994738474
20362.0,5001.926483937987
20363.0,5029.7549731375
20364.0,5690.574462337014
20365.0,7300.8819515365285
20366.0,7961.701440736042
20367.0,9255.512929935554
20368.0,8966.845419135068
20369.0,9311.169908334581
20370.0,7756.519397534095
20371.0,7151.356886733609
20372.0,5280.211375933122
20373.0,4358.55286513252
20374.0,2487.4073543320337
20375.0,932.7568435315479
20376.0,-938.3886672689396
20377.0,-1860.047178069426
20378.0,-2148.7146888699126
20379.0,-2120.886199670399
20380.0,-2726.0487104708855
20381.0,-2381.724221271372
20382.0,-4252.869732071858
20383.0,-4858.033242872345
20384.0,-7362.169753672831
20385.0,-7334.341264473317
20386.0,-7623.00877527392
20387.0,-6962.1892860744065
20388.0,-5668.377796874893
20389.0,-5957.045307675379
20390.0,-4346.737818475865
20391.0,-5584.892329276352
20392.0,-3974.5848400768386
20393.0,-6162.226350877325
20394.0,-8699.383699981398
20395.0,-9568.955318813149
20396.0,-6957.074937644668
20397.0,-7510.15055647642
20398.0,-5214.765175308172
20399.0,-4501.858794139691
20400.0,-3472.4564129714418
20401.0,-3076.0450318031944
20402.0,-2679.6336506347143
20403.0,-1966.7272694664662
20404.0,-3152.7948882979836
20405.0,-1806.896507129737
20406.0,-2359.972125961489
20407.0,251.90825520699218
20408.0,-617.6633636247589
20409.0,1994.2170175434894
20410.0,2707.1243987119706
20411.0,4686.013779880219
20412.0,4765.929161048467
20413.0,5478.835542216948
20414.0,4609.263923385195
20415.0,4689.179304553676
20416.0,3503.112685721924
20417.0,3266.532066890173
20418.0,3346.447448058654
20419.0,4692.345829226902
20420.0,6671.235210395149
20421.0,8650.124591563632
20422.0,9996.02297273188
20423.0,10708.92935390036
20424.0,11105.340735068607
20425.0,10235.769116236857
20426.0,9366.197497405337
20427.0,8496.624878573584
20428.0,8576.540259741832
20429.0,8339.960640910314
20430.0,9369.363022078564
20431.0,9132.782403246812
20432.0,9845.689784415292
20433.0,8659.62216558354
20434.0,8739.53754675202
20435.0,7553.469927920269
20436.0,7316.889309088518
20437.0,5814.326690256998
20438.0,3995.2680714252456
20439.0,1859.7134525934944
20440.0,40.65483376197517
20441.0,-1778.4037850697769
20442.0,-3597.462403901296
20443.0,-4150.539022733047
20444.0,-6286.093641564799
20445.0,-6522.673260396319
20446.0,-8341.731879228071
20447.0,-10477.286498059822
20448.0,-11663.354116891342
20449.0,-13165.916735723094
20450.0,-13718.993354554845
20451.0,-14272.068973386364
20452.0,-13559.162592218116
20453.0,-12213.264211049634
20454.0,-11816.852829881387
20455.0,-11420.442448713138
20456.0,-11657.022067544658
20457.0,-10944.11568637641
20458.0,-11497.191305208162
20459.0,-10467.78892403968
20460.0,-9438.386542871433
20461.0,-6826.506161702951
20462.0,-4847.616780534703
20463.0,-3185.2223993664547
20464.0,-1839.3240181979745
20465.0,139.56536297027378
20466.0,535.9757441385218
20467.0,2514.866125307002
20468.0,1961.789506475252
20469.0,2041.7048876435001
20470.0,1488.629268811981
20471.0,-646.9253500197719
20472.0,-250.51396885129088
20473.0,-1120.0855876830428
20474.0,542.3077934852054
20475.0,1571.7101746536864
20476.0,2601.1125558219355
20477.0,2364.532936990183
20478.0,3077.439318158664
20479.0,1891.3716993269118
20480.0,72.31308049515974
20481.0,-164.2675383363594
20482.0,-1666.8301571681104
20483.0,-1270.4187759996303
20484.0,-1823.4953948313819
20485.0,-794.0930136631332
20486.0,551.805367505347
20487.0,2214.198748673595
20488.0,4193.089129841843
20489.0,5222.491511010325
20490.0,6884.884892178572
20491.0,5698.817273347053
20492.0,7044.715654515301
20493.0,5858.648035683549
20494.0,8154.033416852031
20495.0,7917.452798020278
20496.0,6765.786039988787
20497.0,6758.517464657678
20498.0,8966.718889326541
20499.0,9275.946313995402
20500.0,9901.668738664266
20501.0,10210.896163333156
20502.0,8621.14858800202
20503.0,10196.35901267088
20504.0,8923.107437339742
20505.0,10498.317862008633
20506.0,7642.587286677495
20507.0,10483.780711346357
20508.0,8894.033136015249
20509.0,10785.738560684109
20510.0,8879.495985352973
20511.0,9505.218410021833
20512.0,7598.975834690726
20513.0,5692.7332593595875
20514.0,3469.9946840284483
20515.0,2513.239108697311
20516.0,1872.9795333662023
20517.0,916.2239580350633
20518.0,1541.9463827039253
20519.0,901.6868073728165
20520.0,1210.9142320416795
20521.0,-695.3283432894586
20522.0,-1335.5889186205968
20523.0,-3241.831493951706
20524.0,-4831.578069282844
20525.0,-7054.316644613982
20526.0,-7378.081219945119
20527.0,-9917.314795276228
20528.0,-8658.601370607366
20529.0,-8665.869945938504
20530.0,-6141.172521269613
20531.0,-6148.441096600751
20532.0,-4889.7266719318895
20533.0,-5529.987247263027
20534.0,-5853.7508225941365
20535.0,-6810.507397925274
20536.0,-6817.775973256412
20537.0,-5242.5655485875495
20538.0,-5249.834123918658
20539.0,-3358.128699249797
20540.0,-3365.397274580935
20541.0,-1473.691849912073
20542.0,-1797.456425243182
20543.0,-222.24600057431962
20544.0,-862.5055759054576
20545.0,1029.1998487634337
20546.0,-560.5477265677036
20547.0,-567.8163018988416
20548.0,-1524.5718772299806
20549.0,-1531.8404525610895
20550.0,-906.1170278922273
20551.0,-280.39460322336527
20552.0,978.3198214454969
20553.0,971.051246114388
20554.0,1280.277670783249
20555.0,-309.4689045478881
20556.0,-1582.7204798789971
20557.0,-2855.9720552101353
20558.0,-4129.222630541273
20559.0,-3503.5002058724112
20560.0,-3510.76878120352
20561.0,-1619.063356534658
20562.0,-360.34893186579575
20563.0,265.37349280306626
20564.0,1207.5919174719565
20565.0,-1015.1456578591806
20566.0,243.56776680968142
20567.0,-3245.1528085214277
20568.0,-1986.4393838525657
20569.0,-5791.655959183703
20570.0,-4532.941534514842
20571.0,-5806.19310984595
20572.0,-6446.452685177088
20573.0,-5820.730260508226
20574.0,-6144.493835839365
20575.0,-4252.788411170473
20576.0,-6792.022986501612
20577.0,-5216.812561832749
20578.0,-8705.534137163888
20579.0,-8079.811712494996
20580.0,-12201.523287826134
20581.0,-11892.296863157271
20582.0,-12216.06043848838
20583.0,-11906.834013819518
20584.0,-10331.623589150657
20585.0,-10022.397164481794
20586.0,-7181.204739812903
20587.0,-7821.464315144041
20588.0,-5613.262890475179
20589.0,-6886.514465806318
20590.0,-4361.817041137427
20591.0,-5318.572616468565
20592.0,-3426.8671917997026
20593.0,-3117.6407671308116
20594.0,-2491.9173424619494
20595.0,-916.7079177930864
20596.0,658.502506875775
20597.0,1917.215931544666
20598.0,1909.947356213528
20599.0,2852.1657808823893
20600.0,2844.8972055512513
20601.0,2837.6286302201424
20602.0,1564.3780548890045
20603.0,2823.0914795578665
20604.0,3132.3189042267586
20605.0,3758.0413288956206
20606.0,3434.277753564482
20607.0,4060.000178233344
20608.0,3103.244602902236
20609.0,2462.985027571098
20610.0,1189.7334522399597
20611.0,549.4738769088217
20612.0,-407.2816984222882
20613.0,-1364.0372737534253
20614.0,-1054.8108490845625
20615.0,-745.5834244157013
20616.0,196.635000253189
20617.0,1138.853424922052
20618.0,2397.567849590914
20619.0,2073.8032742598043
20620.0,1750.0386989286671
20621.0,793.2831235975282
20622.0,153.0235482663902
20623.0,-170.74102706471785
20624.0,138.48639760414335
20625.0,447.7138222730064
20626.0,1706.4272469418684
20627.0,2648.6456716107587
20628.0,4856.847096279622
20629.0,6432.057520948485
20630.0,7374.2759456173735
20631.0,8632.989370286235
20632.0,8309.225794955099
20633.0,8934.948219623962
20634.0,6395.714644292853
20635.0,6071.950068961714
20636.0,4165.707493630576
20637.0,5424.421918299438
20638.0,6050.1443429683295
20639.0,7308.85876763719
20640.0,7618.0851923060545
20641.0,6977.825616974944
20642.0,6970.557041643806
20643.0,9973.86410008361
20644.0,8313.688063571646
20645.0,6653.513027059684
20646.0,5626.328990547952
20647.0,4282.648954035991
20648.0,2938.9689175240264
20649.0,1595.2898810120632
20650.0,-64.88615549966653
20651.0,-2358.05319201163
20652.0,-3385.2372285235933
20653.0,-5045.412265035557
20654.0,-4806.613301547287
20655.0,-6783.28433805925
20656.0,-6227.990374571214
20657.0,-8204.661411083176
20658.0,-8915.35044759514
20659.0,-8360.05548410687
20660.0,-9070.744520618833
20661.0,-7249.466557130797
20662.0,-8276.65059364276
20663.0,-5822.3826301544905
20664.0,-8432.044666666454
20665.0,-7560.254703178417
20666.0,-9220.43073969038
20667.0,-8981.63177620211
20668.0,-8742.832812714074
20669.0,-7871.042849226037
20670.0,-5100.278885738
20671.0,-5177.975922249963
20672.0,-2723.707958761694
20673.0,-4067.387995273657
20674.0,-2562.60603178562
20675.0,-5172.2690682975835
20676.0,-3350.991104809314
20677.0,-5011.167141321277
20678.0,-3822.8811778332406
20679.0,-4533.570214345204
20680.0,-2712.2922508569345
20681.0,-2473.494287368897
20682.0,-1601.704323880861
20683.0,219.57263960717592
20684.0,1724.354603095213
20685.0,3545.6315665834827
20686.0,4100.9255300715195
20687.0,4656.220493559556
20688.0,4578.523457047593
20689.0,4500.826420535863
20690.0,3790.1373840238994
20691.0,5294.9193475119355
20692.0,5850.213310999972
20693.0,7987.986274488243
20694.0,8859.776237976279
20695.0,12263.532201464317
20696.0,13451.817164952354
20697.0,14640.10312844039
20698.0,14245.910091928657
20699.0,14484.709055416697
20700.0,13457.525018904733
20701.0,12430.340982392769
20702.0,12985.63494588104
20703.0,12907.937909369077
20704.0,14412.719872857113
20705.0,14651.517836345149
20706.0,14890.316799833417
20707.0,13863.132763321457
20708.0,12202.95772680949
20709.0,11175.77369029753
20710.0,10148.589653785566
20711.0,8488.413617273836
20712.0,8410.716580761873
20713.0,6434.04554424991
20714.0,4773.870507737945
20715.0,2480.7034712262157
20716.0,820.5274347142513
20717.0,-523.1516017977119
20718.0,-2183.3276383096745
20719.0,-3210.511674821638
20720.0,-4870.686711333368
20721.0,-6530.862747845331
20722.0,-9140.524784357294
20723.0,-9851.213820869258
20724.0,-10561.901857380988
20725.0,-9690.111893892952
20726.0,-7868.834930404915
20727.0,-7946.531966916878
20728.0,-6758.246003428608
20729.0,-6519.447039940572
20730.0,-7546.631076452535
20731.0,-8573.816112964498
20732.0,-8651.513149476461
20733.0,-7463.227185988191
20734.0,-6274.941222500155
20735.0,-5086.655259012118
20736.0,-2948.882295524081
20737.0,-1760.5973320358116
20738.0,377.1756314522245
20739.0,299.47859494026125
20740.0,1171.268558428299
20741.0,777.0755219165676
20742.0,382.8834854046054
20743.0,-960.796551107358
20744.0,-2937.4675876193214
20745.0,-3331.660624131284
20746.0,-3409.3576606430142
20747.0,-1904.5756971549781
20748.0,-2931.7597336669423
20749.0,-1743.4747701789056
20750.0,-3403.649806690635
20751.0,-2848.3558432025984
20752.0,-2036.4660885206977
20753.0,-2085.4175020269904
20754.0,-3083.855915533283
20755.0,-3449.302329039576
20756.0,-3814.7497425458687
20757.0,-4813.188156052161
20758.0,-2963.165569558454
20759.0,-3961.603983064747
20760.0,-1162.094396570923
20761.0,-1844.0368100772157
20762.0,1271.968776416492
20763.0,-359.4616370898002
20764.0,1174.0659494039064
20765.0,175.6275358976127
20766.0,443.17112239132075
20767.0,1660.2027088850282
20768.0,3510.2252953787356
20769.0,5043.752881872442
20770.0,5311.29646836615
20771.0,7161.319054859858
20772.0,6162.880641353564
20773.0,7063.416227847272
20774.0,4482.499814340979
20775.0,5699.531400834687
20776.0,4068.1009873285093
20777.0,4335.645573822218
20778.0,3337.207160315924
20779.0,4870.733746809632
20780.0,4188.791333303339
20781.0,4456.335919797046
20782.0,3774.392506290753
20783.0,3408.945092784461
20784.0,3043.4986792781674
20785.0,1728.5642657718745
20786.0,730.1258522655826
20787.0,48.18343875928986
20788.0,-633.7599747470031
20789.0,-1315.7023882532958
20790.0,-1364.6538017595885
20791.0,-1413.6052152657649
20792.0,-829.5656287720576
20793.0,-1195.0120422783511
20794.0,-927.4684557846431
20795.0,-2242.401869290936
20796.0,-3240.841282797229
20797.0,-4872.270696303522
20798.0,-6503.700109809814
20799.0,-7502.138523316107
20800.0,-7867.585936822399
20801.0,-7283.546350328692
20802.0,-7332.497763834985
20803.0,-7064.953177341277
20804.0,-5847.921590847571
20805.0,-5580.378004353864
20806.0,-5629.32941786004
20807.0,-6627.767831366332
20808.0,-6993.214244872625
20809.0,-7358.661658378917
20810.0,-7091.117071885211
20811.0,-5874.086485391504
20812.0,-4973.550898897796
20813.0,-3123.5273124040887
20814.0,-1273.5047259103812
20815.0,-1005.961139416675
20816.0,-105.42555292296674
20817.0,-154.37696642925948
20818.0,429.66362006444797
20819.0,380.71220655815523
20820.0,964.7517930518625
20821.0,1865.287379545569
20822.0,2449.327966039393
20823.0,3033.3675525331
20824.0,3300.9121390268083
20825.0,4517.9427255205155
20826.0,5101.983312014221
20827.0,6002.518898507929
20828.0,6270.062485001636
20829.0,5904.616071495344
20830.0,5539.168657989052
20831.0,5173.72124448276
20832.0,4175.282830976466
20833.0,5075.818417470175
20834.0,4710.372003963879
20835.0,7193.385590457587
20836.0,6194.947176951297
20837.0,7411.978763445117
20838.0,6730.036349938826
20839.0,5098.605936432534
20840.0,3783.671522926241
20841.0,1519.2511094199472
20842.0,2103.2906959136544
20843.0,-477.62671759263867
20844.0,422.9088689010696
20845.0,-1841.5115446052241
20846.0,-307.9849581115159
20847.0,-2255.910371617809
20848.0,-1355.3747851241023
20849.0,-3619.7961986303944
20850.0,-5251.225612136686
20851.0,-6249.66402564298
20852.0,-9463.572439149157
20853.0,-8879.532852655448
20854.0,-7396.648509232214
20855.0,-4848.597425958741
20856.0,-6414.991342685269
20857.0,-4183.4362594117965
20858.0,-6066.325176138325
20859.0,-4467.761092864795
20860.0,-5084.668009591322
20861.0,-4119.095926317849
20862.0,-4103.010843044377
20863.0,-2820.9427597709055
20864.0,-1855.3706764974331
20865.0,-2155.7815932239027
20866.0,-1506.7045099504303
20867.0,-1174.1244266769581
20868.0,424.4396565965144
20869.0,1073.5157398699866
20870.0,3305.0708231435165
20871.0,3637.6519064169897
20872.0,3970.231989690461
20873.0,2403.839072963934
20874.0,2103.4281562374053
20875.0,1170.0262395109366
20876.0,1819.103322784409
20877.0,2151.6834060578803
20878.0,3433.751489331353
20879.0,3449.836572604825
20880.0,2832.9306558783555
20881.0,2216.0237391518276
20882.0,649.6308224253007
20883.0,-1233.2580943012272
20884.0,-2166.660011027755
20885.0,-2467.070927754283
20886.0,-3083.9768444807523
20887.0,-3384.38776120728
20888.0,-3368.302677933808
20889.0,-2402.7305946603356
20890.0,-2386.6455113868633
20891.0,-1737.5694281133328
20892.0,-1404.9883448398605
20893.0,-439.41626156638813
20894.0,-739.827178292916
20895.0,-407.2460950194436
20896.0,-707.6570117459132
20897.0,257.9160715275593
20898.0,590.4961548010324
20899.0,1239.573238074503
20900.0,1888.6493213479753
20901.0,3170.717404621506
20902.0,5085.776487894978
20903.0,6051.348571168452
20904.0,7966.407654441924
20905.0,7665.996737715395
20906.0,9581.05582098887
20907.0,8014.662904262399
20908.0,8347.243987535872
20909.0,8046.833070809344
20910.0,7746.422154082815
20911.0,8711.994237356288
20912.0,7778.592320629818
20913.0,9060.66040390329
20914.0,7177.771487176762
20915.0,8143.343570450235
20916.0,5943.958653723706
20917.0,5960.043736997237
20918.0,4077.154820270709
20919.0,3460.2489035441813
20920.0,2526.8469868176544
20921.0,643.9580700911265
20922.0,660.043153364657
20923.0,-906.350763361871
20924.0,-1523.2566800883988
20925.0,-3089.650596814926
20926.0,-4023.052513541454
20927.0,-4006.967430267982
20928.0,-5256.865346994451
20929.0,-5240.780263720979
20930.0,-5541.190180447507
20931.0,-5841.601097174034
20932.0,-5509.020013900563
20933.0,-6442.4219306270315
20934.0,-3577.875847353559
20935.0,-5144.269764080087
20936.0,-2912.7146808066145
20937.0,-4162.611597533143
20938.0,-3197.0395142596126
20939.0,-4446.93743098614
20940.0,-5063.8443477126675
20941.0,-3781.7762644391955
20942.0,-5031.674181165723
20943.0,-1850.6320978922513
20944.0,-3100.529014618721
20945.0,80.5120686547516
20946.0,-2118.871848071776
20947.0,-203.81276479830376
20948.0,-820.7196815248317
20949.0,-804.6345982513012
20950.0,-472.05351497782885
20951.0,-1405.4554317043567
20952.0,1142.595651569116
20953.0,-1373.2852651574121
20954.0,2440.7478181161187
20955.0,874.3549013895918
20956.0,107.9185011896243
20957.0,-486.00866826841593
20958.0,2085.0221622735444
20959.0,3073.57399281562
20960.0,2796.1428233575807
20961.0,3784.69465389954
20962.0,2557.7774844415
20963.0,5445.303314983459
20964.0,3901.8891455254197
20965.0,8055.397976067496
20966.0,6511.984806609456
20967.0,9716.006637151415
20968.0,7539.601467693377
20969.0,10110.631298235337
20970.0,9200.209128777296
20971.0,10188.760959319374
20972.0,10860.817789861332
20973.0,11532.873620403294
20974.0,10938.947450945252
20975.0,10028.525281487211
20976.0,10067.590112029171
20977.0,9790.158942571248
20978.0,10145.719773113207
20979.0,8918.801603655167
20980.0,8957.866434197127
20981.0,7414.452264739088
20982.0,5554.543095281049
20983.0,3061.6429258231256
20984.0,2784.2117563650845
20985.0,924.3025869070443
20986.0,1912.8544174490053
20987.0,-263.55075200903593
20988.0,92.01007853292504
20989.0,-2717.386090924998
20990.0,-3627.808260383039
20991.0,-7070.1964298410785
20992.0,-8297.114599299119
20993.0,-11423.005768757159
20994.0,-11700.436938215198
20995.0,-13243.850107673123
20996.0,-14470.768277131163
20997.0,-14115.208446589202
20998.0,-15025.630616047241
20999.0,-13087.590785505283
21000.0,-13998.013954963322
21001.0,-12692.966124421246
21002.0,-14236.379293879287
21003.0,-12614.836463337326
21004.0,-13525.258632795367
21005.0,-12853.201802253407
21006.0,-12181.14597171133
21007.0,-11192.59414116937
21008.0,-10204.04231062741
21009.0,-9215.490480085451
21010.0,-7593.94764954349
21011.0,-6288.89981900153
21012.0,-4667.355988459454
21013.0,-3678.804157917494
21014.0,-3323.2443273755343
21015.0,-3284.1794968335744
21016.0,-4827.5926662916145
21017.0,-5738.014835749654
21018.0,-5698.950005207577
21019.0,-5976.381174665617
21020.0,-4987.829344123657
21021.0,-4632.268513581698
21022.0,-3327.220683039738
21023.0,-4237.642852497778
21024.0,-4198.578021955702
21025.0,-6058.487191413742
21026.0,-6019.422360871782
21027.0,-6613.349530329822
21028.0,-6257.788699787861
21029.0,-5902.227869245902
21030.0,-5863.163038703826
21031.0,-4241.620208161866
21032.0,-3253.0683776199057
21033.0,-1948.0205470779456
21034.0,-959.4687165359846
21035.0,29.083114005974494
21036.0,1650.62594454805
21037.0,2006.186775090011
21038.0,2361.74760563197
21039.0,2400.81243617393
21040.0,4338.85126671589
21041.0,4377.91609725785
21042.0,6632.450927799928
21043.0,7304.506758341888
21044.0,7976.562588883848
21045.0,8965.114419425809
21046.0,8054.692249967768
21047.0,9043.244080509729
21048.0,6233.847911051804
21049.0,8171.886741593764
21050.0,5678.986572135724
21051.0,8566.512402677683
21052.0,7023.099233219644
21053.0,9910.625063761603
21054.0,8683.70689430368
21055.0,8722.77172484564
21056.0,7179.3585553876
21057.0,5635.944385929559
21058.0,4725.52221647152
21059.0,2232.6220470134795
21060.0,2904.677877555556
21061.0,2310.751708097516
21062.0,3932.294538639475
21063.0,2705.3763691814347
21064.0,5570.11310975619
21065.0,4642.498766497194
21066.0,5613.8584232382
21067.0,3736.7570799791465
21068.0,3758.6297367201514
21069.0,1248.5373934611562
21070.0,-628.5639497978973
21071.0,-2505.6652930568926
21072.0,-2800.2886363158877
21073.0,-2461.919979574941
21074.0,-1490.560322833936
21075.0,-1468.687666092931
21076.0,-1130.3200093519845
21077.0,-1741.4383526109796
21078.0,-2352.5566958699746
21079.0,-3280.171039129028
21080.0,-5157.273382388023
21081.0,-5768.391725647018
21082.0,-7328.997068906071
21083.0,-6990.629412165066
21084.0,-7918.243755424061
21085.0,-6946.884098683115
21086.0,-5975.52444194211
21087.0,-3421.6857852011044
21088.0,-3399.8131284601577
21089.0,-1795.4624717191537
21090.0,-2723.076814978148
21091.0,-2384.708158237202
21092.0,-3312.3225014961963
21093.0,-2973.953844755192
21094.0,-1686.0991880142456
21095.0,-81.74753127324038
21096.0,2155.595125467764
21097.0,2177.4677822087106
21098.0,3148.8274389497165
21099.0,2537.708095690721
21100.0,3509.067752431667
21101.0,2264.958409172672
21102.0,3236.318065913678
21103.0,3891.1817226546245
21104.0,2963.5673793956284
21105.0,3301.9360361366344
21106.0,3007.31269287758
21107.0,3662.176349618585
21108.0,4000.545006359591
21109.0,4022.4176631005375
21110.0,4360.786319841542
21111.0,2800.179976582547
21112.0,2822.052633323494
21113.0,-4.5357099355014725
21114.0,650.3279468055034
21115.0,-1859.76439645355
21116.0,-255.41373971254507
21117.0,-1499.5230829715401
21118.0,-1477.6504262305934
21119.0,-2088.769769489588
21120.0,-3016.3841127485834
21121.0,-2361.519456007637
21122.0,-6137.595799266632
21123.0,-5166.236142525627
21124.0,-8942.31148578468
21125.0,-8920.438829043675
21126.0,-12380.018172302669
21127.0,-10142.676515561723
21128.0,-9804.307858820719
21129.0,-7250.469202079714
21130.0,-7228.596545338767
21131.0,-5940.741888597762
21132.0,-5602.373231856757
21133.0,-7162.978575115811
21134.0,-6824.610918374806
21135.0,-8068.720261633801
21136.0,-5831.378604892854
21137.0,-5809.505948151849
21138.0,-2939.1712914108443
21139.0,-2600.8036346698977
21140.0,269.53002207110694
21141.0,924.394678812112
21142.0,3794.728335553058
21143.0,4133.096992294064
21144.0,5420.951649035069
21145.0,5126.329305776015
21146.0,4831.70596251702
21147.0,2954.604619258025
21148.0,2343.486275998972
21149.0,2365.358932739977
21150.0,3020.2225894809817
21151.0,4624.573246221928
21152.0,5279.437902962933
21153.0,6567.2925597039375
21154.0,6272.670216444885
21155.0,5345.055873185889
21156.0,3467.954529926894
21157.0,2856.835186667842
21158.0,979.733843408846
21159.0,1001.606500149851
21160.0,73.99215689079756
21161.0,1678.3428136318025
21162.0,1700.2154703728074
21163.0,3304.5671271137544
21164.0,3326.4397838547593
21165.0,4614.295440595764
21166.0,4319.67209733671
21167.0,4025.048754077716
21168.0,4363.41741081872
21169.0,4068.7940675596674
21170.0,5989.640724300672
21171.0,6644.5053810416775
21172.0,8565.352037782624
21173.0,9536.711694523628
21174.0,11141.062351264634
21175.0,11479.43100800558
21176.0,11817.799664746584
21177.0,11523.17632148759
21178.0,11861.544978228536
21179.0,11250.425634969542
21180.0,10955.803291710548
21181.0,11927.162948451492
21182.0,11632.539605192498
21183.0,12920.395261933503
21184.0,12942.26791867445
21185.0,12331.148575415456
21186.0,12036.526232156459
21187.0,10792.415888897407
21188.0,9548.305545638412
21189.0,7038.2132023794165
21190.0,6110.598859120362
21191.0,4549.992515861368
21192.0,3622.3781726023735
21193.0,3011.2598293433202
21194.0,2716.636486084324
21195.0,3055.00514282533
21196.0,2760.3817995662757
21197.0,1199.7764563072806
21198.0,-44.33388695177291
21199.0,-2237.931230210768
21200.0,-4115.032573469763
21201.0,-6625.124916728816
21202.0,-7552.739259987811
21203.0,-7530.866603246806
21204.0,-7508.99394650586
21205.0,-5588.147289764855
21206.0,-6515.76163302385
21207.0,-4911.410976282903
21208.0,-5839.025319541898
21209.0,-5500.656662800893
21210.0,-7377.758006059947
21211.0,-7988.877349318942
21212.0,-8283.500692577936
21213.0,-9527.610035836991
21214.0,-9189.242379095984
21215.0,-9167.369722354979
21216.0,-7563.018065614033
21217.0,-7224.649408873029
21218.0,-7519.272752132023
21219.0,-5598.426095391077
21220.0,-6842.536438650071
21221.0,-5554.680781909067
21222.0,-7748.278125168121
21223.0,-5827.431468427116
21224.0,-7388.03681168611
21225.0,-6416.677154945164
21226.0,-5761.813498204159
21227.0,-5106.948841463154
21228.0,-8122.071625617067
21229.0,-7804.329399836901
21230.0,-4005.1351740567297
21231.0,-6219.357948276559
21232.0,-2420.163722496387
21233.0,-4001.396496716221
21234.0,-1468.1842709360499
21235.0,-1466.938045155879
21236.0,1382.769180624291
21237.0,4865.4684064044595
21238.0,5499.70563218463
21239.0,8032.916857964799
21240.0,7717.668083744971
21241.0,10250.879309525139
21242.0,8669.64753530531
21243.0,9936.876761085481
21244.0,9621.626986865649
21245.0,10255.864212645818
21246.0,10890.102438425987
21247.0,10891.348664206158
21248.0,12475.072889986332
21249.0,10893.841115766496
21250.0,13110.556341546668
21251.0,12478.81156732684
21252.0,12163.561793107008
21253.0,11531.817018887177
21254.0,9634.089244667346
21255.0,9002.344470447519
21256.0,5522.13769622769
21257.0,5523.383922007857
21258.0,2676.1691477880267
21259.0,4259.8933735681985
21260.0,2362.165599348369
21261.0,2996.4028251285363
21262.0,3630.6410509087073
21263.0,1099.9212766888777
21264.0,784.6725024690477
21265.0,-2379.03827175078
21266.0,-2061.2960459706137
21267.0,-5857.9988201904425
21268.0,-6173.2475944102725
21269.0,-6172.001368630102
21270.0,-6803.747142849934
21271.0,-5853.013917069763
21272.0,-6168.262691289593
21273.0,-5850.521465509421
21274.0,-7431.753239729254
21275.0,-6797.516013949084
21276.0,-7429.260788168913
21277.0,-7744.510562388743
21278.0,-7110.272336608576
21279.0,-6792.531110828404
21280.0,-6158.292885048234
21281.0,-5840.551659268062
21282.0,-4573.322433487896
21283.0,-3306.093207707725
21284.0,-2038.863981927554
21285.0,-2670.6097561473835
21286.0,-2669.3635303672163
21287.0,-3617.6043045870456
21288.0,-3616.358078806875
21289.0,-4248.102853026704
21290.0,-3930.361627246537
21291.0,-2979.628401466366
21292.0,-3294.877175686195
21293.0,-2027.6479499060242
21294.0,-3608.8807241258573
21295.0,-2341.6514983456855
21296.0,-3922.884272565516
21297.0,-3605.142046785345
21298.0,-5502.869821005178
21299.0,-5818.119595225006
21300.0,-5816.873369444836
21301.0,-7714.601143664666
21302.0,-6447.371917884494
21303.0,-7395.612692104327
21304.0,-3596.4184663241567
21305.0,-4861.155240543986
21306.0,-1694.952014763814
21307.0,-3276.183788983648
21308.0,-1375.963563203477
21309.0,-2640.7003374233063
21310.0,-2322.9581116431345
21311.0,-1372.2248858629682
21312.0,-2320.4656600827966
21313.0,845.7375656973727
21314.0,-735.4952085224559
21315.0,2430.7080172577116
21316.0,532.9802430378822
21317.0,3066.191468818053
21318.0,1168.4636945982238
21319.0,2435.692920378391
21320.0,854.461146158561
21321.0,1805.1943719387327
21322.0,856.9535977189025
21323.0,225.2078234990695
21324.0,859.4460492792405
21325.0,1177.187275059412
21326.0,2127.920500839582
21327.0,546.68872661975
21328.0,1180.9259523999208
21329.0,-83.8098218199084
21330.0,233.93140396026138
21331.0,-1347.3003702595706
21332.0,-713.0631444793999
21333.0,-1661.3039186992282
21334.0,-1343.5616929190583
21335.0,-2291.8024671388903
21336.0,-1341.0692413587203
21337.0,-706.8320155785495
21338.0,243.90121020162042
21339.0,878.1394359817914
21340.0,879.3856617619585
21341.0,-68.85511245786984
21342.0,-1966.5828866776992
21343.0,-3231.3196608975286
21344.0,-4812.552435117362
21345.0,-4178.314209337191
21346.0,-3860.57298355702
21347.0,-2276.847757776848
21348.0,-3225.088531996682
21349.0,-3540.3383062165112
21350.0,-5438.066080436341
21351.0,-5436.81985465617
21352.0,-7651.043628876003
21353.0,-7333.301403095831
21354.0,-8598.03817731566
21355.0,-8913.28795153549
21356.0,-10178.023725755324
21357.0,-10809.769499975151
21358.0,-10492.027274194981
21359.0,-10174.285048414811
21360.0,-7957.569822634643
21361.0,-7006.835596854473
21362.0,-4473.624371074302
21363.0,-5105.369145294131
21364.0,-3521.644919513964
21365.0,-4786.381693733793
21366.0,-3835.6484679536225
21367.0,-2568.4192421734515
21368.0,-1301.1900163932842
21369.0,915.526209386886
21370.0,2815.746435167057
21371.0,5348.957660947228
21372.0,5666.699886727396
21373.0,7566.920112507567
21374.0,7251.670338287739
21375.0,8518.89956406791
21376.0,8520.14578984808
21377.0,9787.375015628244
21378.0,10738.108241408416
21379.0,11372.345467188588
21380.0,12006.583692968758
21381.0,12007.829918748925
21382.0,10743.093144529095
21383.0,10744.339370309266
21384.0,8846.611596089439
21385.0,8531.361821869607
21386.0,7583.121047649776
21387.0,7267.871273429948
21388.0,7269.117499210119
21389.0,5687.885724990285
21390.0,6005.627950770457
21391.0,4693.261866361583
21392.0,6284.6589930864375
21393.0,2495.6301198112906
21394.0,3770.532246536144
21395.0,930.9903732609964
21396.0,306.91749998585146
21397.0,-2216.128373289267
21398.0,-5055.670246564414
21399.0,-4730.25611983956
21400.0,-7569.7979931147065
21401.0,-4395.921866389853
21402.0,-6285.976739665
21403.0,-2162.6136129401466
21404.0,-4685.660486215293
21405.0,-2461.27135949044
21406.0,-4984.317232765587
21407.0,-4658.903106040732
21408.0,-5599.47097931588
21409.0,-4957.559852591026
21410.0,-3049.666725866173
21411.0,-3673.7395991413186
21412.0,-1449.350472416466
21413.0,-2073.4223456916125
21414.0,150.9667810332412
21415.0,-1739.0890922419057
21416.0,1434.787034482948
21417.0,494.21916120780224
21418.0,1452.6252879326548
21419.0,512.0574146575091
21420.0,837.4725413823617
21421.0,529.8956681072159
21422.0,222.3197948320685
21423.0,-718.2490784430784
21424.0,-1025.8249517182248
21425.0,-700.4108249933715
21426.0,-1324.482698268518
21427.0,-1632.0595715436648
21428.0,-1623.1404448188114
21429.0,-2563.708318093929
21430.0,-3504.2761913690747
21431.0,-3495.3570646442213
21432.0,-4435.924937919368
21433.0,-4110.509811194514
21434.0,-4101.590684469661
21435.0,-2826.6885577448083
21436.0,-3134.265431019955
21437.0,-2492.3553042951016
21438.0,-2483.436177570248
21439.0,-1525.0300508453947
21440.0,-1516.1109241205413
21441.0,-874.1997973956877
21442.0,717.1973293291667
21443.0,1042.6124560540193
21444.0,2950.505582778873
21445.0,3592.4157095037262
21446.0,6133.30083622858
21447.0,6458.715962953433
21448.0,8050.113089678287
21449.0,7742.536216403139
21450.0,8067.951343127994
21451.0,7443.879469852847
21452.0,6819.8065965777005
21453.0,7461.717723302554
21454.0,7470.6368500274075
21455.0,8745.53797675226
21456.0,9070.953103477113
21457.0,10345.855230201967
21458.0,10038.278356926821
21459.0,10996.684483651676
21460.0,9739.620610376529
21461.0,10065.035737101382
21462.0,8491.476863826265
21463.0,7234.412990551116
21464.0,5660.85311727597
21465.0,4087.294244000823
21466.0,3779.717370725677
21467.0,3788.6364974505304
21468.0,4114.051624175383
21469.0,4439.4667509002375
21470.0,4448.385877625091
21471.0,3824.313004349944
21472.0,2567.2501310747975
21473.0,1310.1862577996508
21474.0,-579.868615475496
21475.0,-1203.9414887506427
21476.0,-1511.5173620257892
21477.0,-3085.077235300935
21478.0,-2126.6711085760826
21479.0,-3383.733981851229
21480.0,-1475.8408551263756
21481.0,-3365.8957284015223
21482.0,-2407.489601676669
21483.0,-2398.5704749518154
21484.0,-2706.147348226962
21485.0,-3646.715221502108
21486.0,-4903.7790947772555
21487.0,-3945.3729680524016
21488.0,-4885.940841327549
21489.0,-3927.5347146026947
21490.0,-4868.102587877842
21491.0,-4859.1834611529885
21492.0,-5166.760334428134
21493.0,-5790.832207703281
21494.0,-5781.913080978398
21495.0,-7355.471954253545
21496.0,-6080.570827528692
21497.0,-6704.642700803838
21498.0,-4480.2535740789845
21499.0,-5420.821447354132
21500.0,-3196.4323206292784
21501.0,-1288.5391939044248
21502.0,-646.6290671795714
21503.0,1577.7600595452823
21504.0,637.1921862701365
21505.0,-549.7449394956802
21506.0,-3068.560561800221
21507.0,109.54481589529678
21508.0,-826.7928064092448
21509.0,3617.296571286215
21510.0,4263.436948981733
21511.0,8391.030326677192
21512.0,9353.66670437271
21513.0,10632.79908206817
21514.0,11595.435459763688
21515.0,11292.088837459145
21516.0,12254.725215154605
21517.0,10052.405592850122
21518.0,11331.536970545581
21519.0,9129.217348241102
21520.0,10724.84472593656
21521.0,9155.516103632079
21522.0,11700.630481327538
21523.0,10764.292859022997
21524.0,12043.425236718514
21525.0,10790.591614413974
21526.0,11436.73199210949
21527.0,8917.916369804949
21528.0,7032.091747500468
21529.0,4513.275125195927
21530.0,3893.4335028913865
21531.0,2640.599880586904
21532.0,1704.2622582823642
21533.0,767.9246359778808
21534.0,1097.5700136733412
21535.0,-155.26360863114132
21536.0,-1408.097230935682
21537.0,-2344.434853240222
21538.0,-4230.259475544705
21539.0,-4217.110097849246
21540.0,-6102.934720153728
21541.0,-6406.281342458268
21542.0,-8608.60196476275
21543.0,-8278.956587067292
21544.0,-10481.277209371832
21545.0,-9518.640831676315
21546.0,-11720.960453980855
21547.0,-10441.829076285338
21548.0,-12327.653698589878
21549.0,-11048.521320894419
21550.0,-12934.345943198901
21551.0,-12921.196565503442
21552.0,-14174.030187807924
21553.0,-14160.880810112465
21554.0,-12881.748432416947
21555.0,-12868.599054721488
21556.0,-10006.98867702603
21557.0,-11259.82229933051
21558.0,-9980.689921635052
21559.0,-12183.010543939534
21560.0,-11536.869166244074
21561.0,-12473.206788548556
21562.0,-12143.562410853097
21563.0,-10547.934033157639
21564.0,-8002.819655462121
21565.0,-7989.6702777666615
21566.0,-7660.024900071143
21567.0,-7646.875522375683
21568.0,-6367.743144680167
21569.0,-6987.585766984706
21570.0,-5708.453389289248
21571.0,-5695.30401159373
21572.0,-5682.154633898271
21573.0,-6301.996256202753
21574.0,-7554.829878507293
21575.0,-5959.202500811775
21576.0,-6579.044123116316
21577.0,-3400.937745420857
21578.0,-2438.3013677253384
21579.0,-526.1779900298807
21580.0,119.96238766563692
21581.0,766.1037653610965
21582.0,1728.7401430566151
21583.0,475.90652075207436
21584.0,2388.029898447534
21585.0,2084.6832761430505
21586.0,3680.311653838511
21587.0,3376.9650315340277
21588.0,4339.601409229488
21589.0,5618.733786925006
21590.0,4998.892164620465
21591.0,6911.015542315923
21592.0,4075.7039200114414
21593.0,6304.322297706902
21594.0,2836.019675402418
21595.0,6014.12605309788
21596.0,4444.796430793396
21597.0,6989.911808488854
21598.0,5737.078186184315
21599.0,6066.723563879834
21600.0,6079.872941575293
21601.0,4194.048319270809
21602.0,5156.684696966269
21603.0,3270.8590746617865
21604.0,5182.983452357246
21605.0,2980.6628300527045
21606.0,5209.282207748223
21607.0,3323.4565854436823
21608.0,4919.084963139199
21609.0,3666.2513408346585
21610.0,6211.366718530178
21611.0,6541.011096225637
21612.0,8453.134473921094
21613.0,7516.796851616615
21614.0,6580.459229312073
21615.0,4378.13960700759
21616.0,2175.81898470305
21617.0,1239.4813623985665
21618.0,619.6387400940257
21619.0,1265.7801177894853
21620.0,645.9374954850027
21621.0,975.5828731804631
21622.0,-593.7457491240202
21623.0,892.3082062699209
21624.0,2378.362161663862
21625.0,3864.4161170578036
21626.0,1217.4486275577547
21627.0,1735.439138057705
21628.0,-1228.0233514423444
21629.0,-1343.024840942394
21630.0,-3989.9923304424433
21631.0,-3788.497819942493
21632.0,-5169.482309442543
21633.0,-5600.9797989425915
21634.0,-5715.981288442641
21635.0,-5830.9827779426905
21636.0,-4680.00126744274
21637.0,-5744.48975694279
21638.0,-4277.01224644284
21639.0,-3759.022735942889
21640.0,-2291.5462254429385
21641.0,-2090.051714942988
21642.0,-306.0792044435034
21643.0,528.4063060564472
21644.0,2945.3708165563976
21645.0,3463.360327056348
21646.0,4614.3418375563
21647.0,4815.836348056249
21648.0,5017.329858556201
21649.0,5218.82436905615
21650.0,5736.813879556101
21651.0,6887.7953900560515
21652.0,8355.271900556001
21653.0,9822.749411055953
21654.0,9707.747921555903
21655.0,9276.250432055853
21656.0,7895.265942555803
21657.0,6830.777453055754
21658.0,5449.793963555705
21659.0,5018.2964740556545
21660.0,4586.798984555606
21661.0,4155.3024950555555
21662.0,3723.805005555507
21663.0,2975.8125160554573
21664.0,2860.811026555408
21665.0,2429.313537055359
21666.0,731.8330475548428
21667.0,933.3275580547934
21668.0,-1397.1439314452555
21669.0,-1828.6404209453058
21670.0,-4159.1119104453555
21671.0,-5223.600399945404
21672.0,-6288.088889445454
21673.0,-6086.595378945503
21674.0,-5568.604868445553
21675.0,-6000.102357945602
21676.0,-4216.129847445653
21677.0,-4964.122336945702
21678.0,-3180.1498264457505
21679.0,-5194.125315945801
21680.0,-4043.14380544585
21681.0,-4791.1372949459
21682.0,-4906.13878444595
21683.0,-5337.636273945998
21684.0,-4503.149763446048
21685.0,-2402.682252946098
21686.0,-1884.6917424461471
21687.0,532.2717680538044
21688.0,-532.2167214462461
21689.0,935.2607890537038
21690.0,-762.2197004468107
21691.0,388.7618100531399
21692.0,-1308.7186794469098
21693.0,-790.7281689469582
21694.0,-1855.2166584470087
21695.0,-1020.7311479470573
21696.0,-1452.2286374471078
21697.0,-2200.2211269471572
21698.0,-1998.7276164472069
21699.0,-2746.7201059472563
21700.0,-2545.2255954473057
21701.0,-3926.2100849473554
21702.0,-4041.211574447405
21703.0,-4789.204063947454
21704.0,-5220.701553447504
21705.0,-5019.207042947553
21706.0,-3235.2345324476028
21707.0,-2400.7490219476513
21708.0,-1882.7595114477008
21709.0,-1997.7610009477503
21710.0,-2429.2574904478006
21711.0,-2544.25897994785
21712.0,-2659.2604694478996
21713.0,-2457.7669589479483
21714.0,-990.2894484484641
21715.0,-155.80393794851443
21716.0,362.18557255143605
21717.0,1829.6620830513875
21718.0,3297.1395935513374
21719.0,4764.616104051289
21720.0,6865.0846145512405
21721.0,7383.075125051189
21722.0,7901.064635551138
21723.0,6520.080146051092
21724.0,4506.1046565510405
21725.0,2808.625167050992
21726.0,2693.6236775509424
21727.0,4161.100188050892
21728.0,4995.5856985508435
21729.0,6779.558209050792
21730.0,6664.556719550743
21731.0,6233.060230050694
21732.0,5168.570740550644
21733.0,3471.091251050595
21734.0,2723.0987615505474
21735.0,1025.6182720504967
21736.0,1543.6087825504474
21737.0,-786.8627069496033
21738.0,-1218.3601964501177
21739.0,-3232.3356859501673
21740.0,-2714.346175450217
21741.0,-3462.3386649502663
21742.0,-3893.836154450317
21743.0,-3692.3416439503653
21744.0,-4756.830133450416
21745.0,-2329.8176882976973
21746.0,97.1947568550213
21747.0,2524.2072020077403
21748.0,873.287751261244
21749.0,171.85530051474643
21750.0,-1162.5691502319837
21751.0,-1231.0106009784809
21752.0,-1932.4440517249777
21753.0,-2317.3805024717076
21754.0,-4284.795953218205
21755.0,-5302.724403964702
21756.0,-7270.1408547114315
21757.0,-7971.57330545793
21758.0,-8989.501756204427
21759.0,-9690.934206951155
21760.0,-9442.880657697653
21761.0,-10460.809108444151
21762.0,-8630.27655919088
21763.0,-10597.692009937378
21764.0,-10033.141460683873
21765.0,-10734.574911430605
21766.0,-13018.486362177102
21767.0,-13086.927812923832
21768.0,-14421.351263670329
21769.0,-12274.322714416827
21770.0,-13292.252165163556
21771.0,-11145.223615910054
21772.0,-11213.665066656551
21773.0,-9699.627517403282
21774.0,-7869.094968149777
21775.0,-8254.032418896275
21776.0,-4524.525869643005
21777.0,-5858.949320389502
21778.0,-2445.938771135999
21779.0,-3780.363221882729
21780.0,-367.3516726292264
21781.0,-752.2891233757227
21782.0,2977.218425877547
21783.0,6073.73297513105
21784.0,7904.265524384553
21785.0,11950.268073637824
21786.0,11881.826622891327
21787.0,15611.334172144827
21788.0,12377.935721398098
21789.0,15157.9552706516
21790.0,13190.539819904872
21791.0,14704.576369158374
21792.0,14319.639918411878
21793.0,14884.189467665146
21794.0,17664.20901691865
21795.0,16646.280566172154
21796.0,18160.318115425423
21797.0,16825.893664678926
21798.0,17073.947213932428
21799.0,16056.018763185697
21800.0,15038.090312439203
21801.0,14653.153861692703
21802.0,12369.242410945975
21803.0,13566.783960199478
21804.0,11282.87250945298
21805.0,11847.422058706252
21806.0,10512.997607959755
21807.0,11077.548157213256
21808.0,11958.593706466527
21809.0,9041.69125572003
21810.0,9606.240804973531
21811.0,6372.842354226801
21812.0,7253.887903480305
21813.0,4653.481452733808
21814.0,4901.535001987077
21815.0,5782.5805512405805
21816.0,5081.1481004938505
21817.0,5329.202649747353
21818.0,3045.291199000856
21819.0,3293.3457482541253
21820.0,1009.4342975076288
21821.0,-641.4861532388686
21822.0,-1026.4226039855985
21823.0,-3626.830054732095
21824.0,-3062.279505478593
21825.0,-4713.199956225322
21826.0,-4781.641406971819
21827.0,-5483.0738577183165
21828.0,-4285.532308465047
21829.0,-3404.4867592115443
21830.0,-4738.911209958041
21831.0,-4807.352660704771
21832.0,-7091.264111451268
21833.0,-7476.201562197765
21834.0,-10709.599012944494
21835.0,-9512.058463690992
21836.0,-9264.00391443749
21837.0,-8066.462365184219
21838.0,-6552.425815930717
21839.0,-6304.3712666772135
21840.0,-5106.829717423944
21841.0,-6757.750168170442
21842.0,-6193.199618917171
21843.0,-6894.633069663669
21844.0,-6013.587520410165
21845.0,-5132.541971156895
21846.0,-6466.965421903393
21847.0,-4952.92887264989
21848.0,-5337.866323396619
21849.0,-4140.324774143117
21850.0,-2942.783224889614
21851.0,-3011.224675636344
21852.0,-2446.675126382841
21853.0,-3148.107577129338
21854.0,-1317.575027876068
21855.0,-3601.4864786225653
21856.0,-1454.4579293690622
21857.0,-2155.890380115792
21858.0,-8.862830862290139
21859.0,-1026.7912816087864
21860.0,-462.24073235551623
21861.0,735.2998168979866
21862.0,-282.6286338485115
21863.0,281.9219154047587
21864.0,-2001.9895353417378
21865.0,-487.9529860882358
21866.0,-2866.7805993327274
21867.0,-958.7026920396111
21868.0,-2848.572784746495
21869.0,-623.9988774533795
21870.0,-614.8949701602633
21871.0,976.6869371328539
21872.0,985.7908444259701
21873.0,45.407751719085354
21874.0,-261.9833409877974
21875.0,-1518.8624336946814
21876.0,-876.7675264015652
21877.0,-1184.1586191084498
21878.0,90.92728818463729
21879.0,733.0231954777537
21880.0,1691.6141027708709
21881.0,1700.718010063987
21882.0,2659.3089173571025
21883.0,2984.9078246502195
21884.0,2677.516731943335
21885.0,3319.611639236451
21886.0,3645.2115465295683
21887.0,3970.8114538226837
21888.0,3663.4193611158007
21889.0,2723.036268408916
21890.0,2732.140175702003
21891.0,1791.75708299512
21892.0,1800.8609902882363
21893.0,543.9818975813523
21894.0,869.5818048744677
21895.0,-703.7932878324154
21896.0,-1960.6713805392992
21897.0,-3534.0464732461833
21898.0,-5740.412565953066
21899.0,-6997.290658659951
21900.0,-8570.665751366834
21901.0,-8878.057844073719
21902.0,-9818.440936780602
21903.0,-9176.345029487515
21904.0,-10433.224122194399
21905.0,-9791.129214901282
21906.0,-10731.512307608165
21907.0,-10405.91240031505
21908.0,-10713.304493021933
21909.0,-10704.200585728817
21910.0,-10062.104678435702
21911.0,-8787.018771142586
21912.0,-7828.427863849469
21913.0,-5920.348956556353
21914.0,-4012.271049263237
21915.0,-2420.6891419701205
21916.0,-512.6112346770333
21917.0,1078.9716726160823
21918.0,2037.5625799091995
21919.0,4262.136487202315
21920.0,5220.727394495432
21921.0,6812.309301788548
21922.0,7454.404209081666
21923.0,8729.491116374782
21924.0,10004.578023667895
21925.0,10646.672930961013
21926.0,11605.26383825413
21927.0,10981.376745547244
21928.0,11939.967652840362
21929.0,11316.080560133447
21930.0,11641.679467426566
21931.0,11017.79237471968
21932.0,10393.905282012798
21933.0,10403.009189305914
21934.0,9462.62609659903
21935.0,8838.738003892147
21936.0,8531.34591118526
21937.0,8223.954818478378
21938.0,8549.553725771493
21939.0,5393.701633064611
21940.0,5719.300540357726
21941.0,2246.952447650814
21942.0,2256.0563549439303
21943.0,-583.3007377629547
21944.0,1008.2811695301625
21945.0,1017.3850768232787
21946.0,1026.488984116395
21947.0,1668.5838914095111
21948.0,-221.28620129737283
21949.0,420.80970599574357
21950.0,-3051.5393867111407
21951.0,-1776.4524794180234
21952.0,-3666.322572124908
21953.0,-2391.236664831792
21954.0,-2382.132757538705
21955.0,-2373.0288502455887
21956.0,-781.4459429524723
21957.0,-2038.3250356593562
21958.0,-446.74212836624065
21959.0,-1387.1252210731236
21960.0,-112.03931378000743
21961.0,-1368.9174064868912
21962.0,-1676.3094991937742
21963.0,-1667.205591900658
21964.0,-4506.562684607543
21965.0,-3231.4767773144267
21966.0,-5121.34687002131
21967.0,-2896.7729627282233
21968.0,-5419.634055435107
21969.0,-3195.061148141991
21970.0,-4451.939240848875
21971.0,-4759.331333555759
21972.0,-6016.210426262642
21973.0,-7273.089518969526
21974.0,-8692.11769259951
21975.0,-10111.145866229494
21976.0,-11530.17403985948
21977.0,-13072.176547382644
21978.0,-10816.231054905926
21979.0,-11408.747562429091
21980.0,-9469.298069952256
21981.0,-9112.326577475538
21982.0,-8755.355084998702
21983.0,-8398.383592521868
21984.0,-8357.908100045033
21985.0,-7367.945607568315
21986.0,-6694.47911509148
21987.0,-4438.533622614645
21988.0,-3132.075130137926
21989.0,-2142.112637661092
21990.0,-2101.637145184257
21991.0,-1428.170652707422
21992.0,194.78283976929742
21993.0,551.7543322461315
21994.0,2174.7078247229674
21995.0,3797.6623171996853
21996.0,4154.633809676521
21997.0,4828.100302153356
21998.0,4235.584794630191
21999.0,4909.0512871069095
22000.0,5582.517779583744
22001.0,6888.9762720605795
22002.0,6929.451764537298
22003.0,8868.901257014131
22004.0,7643.393749490966
22005.0,8000.365241967804
22006.0,6458.362734444519
22007.0,5865.846226921356
22008.0,5589.826719398192
22009.0,6263.293211874909
22010.0,7569.751704351744
22011.0,7926.722196828578
22012.0,10182.667689305414
22013.0,8957.161181782132
22014.0,9630.627674258965
22015.0,7772.129166735802
22016.0,8129.099659212519
22017.0,6587.097151689355
22018.0,5361.58964416619
22019.0,4769.074136643025
22020.0,3860.062629119744
22021.0,4217.034121596578
22022.0,2675.0306140734137
22023.0,2715.5061065501322
22024.0,2439.485599026966
22025.0,2163.466091503802
22026.0,1887.445583980636
22027.0,-1553.5309235426448
22028.0,-1196.560431065809
22029.0,-3688.0499385889752
22030.0,-3647.5744461122567
22031.0,-6139.064953635421
22032.0,-6731.580461158586
22033.0,-5741.617968681751
22034.0,-7600.116476205034
22035.0,-5977.162983728198
22036.0,-8785.148491251364
22037.0,-6529.202998774645
22038.0,-9337.18850629781
22039.0,-8980.218013820975
22040.0,-10522.22052134414
22041.0,-12064.223028867422
22042.0,-11074.260536390586
22043.0,-11983.272043913752
22044.0,-8777.840551437033
22045.0,-9370.356058960198
22046.0,-5848.427566483364
22047.0,-6757.440074006528
22048.0,-5450.98158152981
22049.0,-5410.506089052975
22050.0,-5686.525596576141
22051.0,-3114.085104099422
22052.0,-4023.0966116225873
22053.0,131.82288085424807
22054.0,1833.9006233310538
22055.0,3535.9783658078595
22056.0,5238.056108284665
22057.0,6940.133850761471
22058.0,7297.1053432381905
22059.0,8603.563835715024
22060.0,8644.039328191859
22061.0,9317.505820668695
22062.0,10623.964313145414
22063.0,10031.447805622247
22064.0,11021.411298099083
22065.0,9795.903790575801
22066.0,11418.857283052635
22067.0,10826.341775529472
22068.0,12132.800268006307
22069.0,11223.788760483025
22070.0,12213.75125295986
22071.0,10355.251745436693
22072.0,10395.727237913528
22073.0,8853.724730390248
22074.0,8261.209222867084
22075.0,7985.188715343918
22076.0,8342.160207820638
22077.0,8066.139700297472
22078.0,8106.615192774307
22079.0,8147.090685251142
22080.0,7871.070177727859
22081.0,6962.058670204695
22082.0,5736.55116268153
22083.0,5144.035655158248
22084.0,3918.528147635083
22085.0,3959.003640111918
22086.0,3049.9921325887517
22087.0,4356.45062506547
22088.0,4080.430117542306
22089.0,4120.905610019141
22090.0,2578.9031024958585
22091.0,1986.3875949726935
22092.0,444.38408744952903
22093.0,-1097.6184200736361
22094.0,-2323.125927596918
22095.0,-3232.137435120082
22096.0,-4141.148942643247
22097.0,-4733.665450166529
22098.0,-5959.171957689694
22099.0,-6551.688465212859
22100.0,-6827.707972736024
22101.0,-7736.719480259306
22102.0,-7379.748987782471
22103.0,-8605.255495305635
22104.0,-8248.285002828918
22105.0,-10423.279510352082
22106.0,-10699.299017875248
22107.0,-12557.797525398411
22108.0,-11567.835032921696
22109.0,-10894.368540444859
22110.0,-9904.406047968025
22111.0,-7964.956555491306
22112.0,-6974.994063014471
22113.0,-5985.031570537636
22114.0,-5944.556078060801
22115.0,-6220.575585584083
22116.0,-6496.596093107248
22117.0,-5823.129600630413
22118.0,-4833.167108153694
22119.0,-4476.195615676859
22120.0,-2536.7461232000246
22121.0,-1546.7836307231892
22122.0,392.6658617535286
22123.0,749.6373542303636
22124.0,1739.5998467071986
22125.0,4312.041339183917
22126.0,3403.0298316607514
22127.0,5025.983324137587
22128.0,2850.988816614423
22129.0,5423.43030909114
22130.0,3248.4358015679754
22131.0,228.9492554122471
22132.0,-2790.537290743481
22133.0,-486.5597983788648
22134.0,-81.5573060140141
22135.0,956.4381863506023
22136.0,1361.4406787152202
22137.0,183.9651710798371
22138.0,1538.4556634444543
22139.0,360.98015580930405
22140.0,1398.9756481739205
22141.0,-94.9958594614618
22142.0,1892.4856329031554
22143.0,1664.4981252680045
22144.0,3335.4836176326226
22145.0,3107.4951099972386
22146.0,3828.9946023618577
22147.0,3917.5020947264748
22148.0,3373.0175870913226
22149.0,3461.5250794559397
22150.0,3866.5285718205578
22151.0,4588.027064185175
22152.0,5309.52655654979
22153.0,6347.521048914641
22154.0,8335.002541279257
22155.0,8423.510033643874
22156.0,8828.513526008493
22157.0,7967.53401837311
22158.0,7423.049510737961
22159.0,6245.574003102578
22160.0,5384.594495467194
22161.0,5156.606987831812
22162.0,4928.618480196428
22163.0,5650.116972561278
22164.0,4789.137464925894
22165.0,5510.636957290513
22166.0,3067.178449655128
22167.0,3472.181942019746
22168.0,395.73243438459576
22169.0,-1098.2380732507881
22170.0,-4174.6875808861705
22171.0,-5985.154088521554
22172.0,-7162.629596156703
22173.0,-8340.105103792086
22174.0,-9517.58061142747
22175.0,-9745.568119062853
22176.0,-9973.556626698235
22177.0,-11467.527134333384
22178.0,-11379.019641968767
22179.0,-12872.991149604151
22180.0,-12467.987657239533
22181.0,-13961.959164874916
22182.0,-14506.442672510067
22183.0,-15367.42218014545
22184.0,-14645.923687780833
22185.0,-13607.929195416214
22186.0,-12253.438703051599
22187.0,-9949.461210686748
22188.0,-7961.979718322132
22189.0,-6290.994225957515
22190.0,-4936.503733592897
22191.0,-5164.491241228281
22192.0,-2860.514748863431
22193.0,-3404.998256498814
22194.0,-1101.0207641341967
22195.0,-63.02627176957867
22196.0,1291.4642205952696
22197.0,3595.4407129598876
22198.0,3683.9482053245047
22199.0,4088.951697689121
22200.0,3227.972190053739
22201.0,4265.966682418588
22202.0,3404.987174783206
22203.0,4126.485667147823
22204.0,3898.498159512439
22205.0,4936.492651877057
22206.0,5341.495144241906
22207.0,4480.515636606524
22208.0,3936.032128971141
22209.0,3708.043621335757
22210.0,2847.064113700375
22211.0,2935.571606065225
22212.0,1758.097098429842
22213.0,2163.09959079446
22214.0,36.1370831590757
22215.0,-191.85042447630713
22216.0,-736.3349321114574
22217.0,-647.8274397468404
22218.0,1023.159052617777
22219.0,478.67454498239385
22220.0,2782.652037347245
22221.0,1288.681529711861
22222.0,2326.676022076479
22223.0,199.71351444109496
22224.0,-28.274993194288072
22225.0,-1205.7495008294381
22226.0,-1117.242008464821
22227.0,237.24748389979595
22228.0,-623.7320237355862
22229.0,2629.7324686290303
22230.0,1768.7529609938802
22231.0,4389.226453358497
22232.0,3844.7419457231154
22233.0,4882.736438087732
22234.0,5604.235930452349
22235.0,3793.7694228171986
22236.0,5148.258915181816
22237.0,565.313672628924
22238.0,2416.3143725116242
22239.0,-480.11992760591056
22240.0,1054.3847722767887
22241.0,56.92447215948778
22242.0,325.4471720419542
22243.0,593.9698719246535
22244.0,-719.9864281928803
22245.0,814.5182716898189
22246.0,-2398.411028427482
22247.0,85.58067145498444
22248.0,-2494.3576286623165
22249.0,-959.8529287798501
22250.0,-3223.2962288971507
22251.0,-1372.2955290144519
22252.0,-1103.7728291319854
22253.0,-1151.7461292492862
22254.0,66.26357063318028
22255.0,-614.7017294841207
22256.0,1236.2999703985788
22257.0,-1343.6393297189552
22258.0,190.86537016374405
22259.0,-173.6029299537895
22260.0,1677.3977699289098
22261.0,2895.407469811609
22262.0,4746.408169694076
22263.0,6597.408869576775
22264.0,6549.435569459241
22265.0,7450.94926934194
22266.0,5820.4969692246395
22267.0,6089.019669107105
22268.0,4775.063368989804
22269.0,5043.586068872271
22270.0,5312.10876875497
22271.0,5580.630468637437
22272.0,7115.1361685201355
22273.0,7383.658868402836
22274.0,8918.163568285301
22275.0,7920.703268168001
22276.0,8822.216968050467
22277.0,8774.243667933166
22278.0,8093.279367815867
22279.0,6779.323067698331
22280.0,6414.853767581031
22281.0,6050.385467463497
22282.0,4736.429167346196
22283.0,5004.950867228896
22284.0,5273.473567111361
22285.0,7757.466266994063
22286.0,7392.996966876528
22287.0,8927.501666759228
22288.0,7930.041366641926
22289.0,7882.068066524393
22290.0,5935.120766407092
22291.0,4621.164466289558
22292.0,3307.209166172257
22293.0,2309.748866054955
22294.0,2261.7755659374216
22295.0,631.3232658201214
22296.0,583.3499657025877
22297.0,-1047.1013344147123
22298.0,-1411.570634532014
22299.0,-3991.508934649548
22300.0,-6571.448234766849
22301.0,-8201.899534884382
22302.0,-10148.846835001683
22303.0,-10513.316135119216
22304.0,-12460.263435236517
22305.0,-11558.749735353818
22306.0,-13822.193035471351
22307.0,-14819.653335588653
22308.0,-16133.609635706187
22309.0,-18397.052935823485
22310.0,-17812.034235940788
22311.0,-20075.477536058323
22312.0,-18224.47683617562
22313.0,-20804.415136293155
22314.0,-18636.919436410455
22315.0,-20900.361736527757
22316.0,-19049.361036645292
22317.0,-19730.32633676259
22318.0,-16929.837636880126
22319.0,-15395.332936997427
22320.0,-14493.819237114727
22321.0,-12959.313537232261
22322.0,-13956.774837349561
22323.0,-12105.773137467095
22324.0,-14369.216437584397
22325.0,-11252.232737701697
22326.0,-8768.24070448582
22327.0,-6284.248671269943
22328.0,-3800.2566380540657
22329.0,-366.77693817136606
22330.0,1484.2237617113333
22331.0,2702.2324615937996
22332.0,3287.251161476499
22333.0,3872.2688613589653
22334.0,4140.791561241664
22335.0,4725.80926112413
22336.0,4677.835961006829
22337.0,5895.8456608895285
22338.0,5847.872360771995
22339.0,6749.386060654695
22340.0,7650.899760537162
22341.0,8868.909460419858
22342.0,8820.936160302557
22343.0,8772.962860185024
22344.0,8724.989560067723
22345.0,7727.529259950192
22346.0,6730.06895983289
22347.0,6049.103659715591
22348.0,6317.626359598056
22349.0,5320.1660594807545
22350.0,5905.183759363223
22351.0,5857.210459245922
22352.0,7391.71615912862
22353.0,7027.2468590110875
22354.0,7612.265558893785
22355.0,6614.80425877625
22356.0,6566.830958658949
22357.0,4619.88365854165
22358.0,4888.406358424116
22359.0,4523.937058306816
22360.0,5108.9557581892805
22361.0,6326.96445807198
22362.0,6278.991157954679
22363.0,6231.017857837145
22364.0,4284.070557719846
22365.0,3603.1062576023123
22366.0,7265.100789208529
22367.0,6284.865196349396
22368.0,5304.629603490377
22369.0,4957.38501063136
22370.0,4293.645417772343
22371.0,2996.913824913325
22372.0,2333.174232054307
22373.0,1352.9376391952892
22374.0,372.70204633627145
22375.0,-607.5335465227463
22376.0,-2220.760139381763
22377.0,-2568.0047322407813
22378.0,-4814.223325099915
22379.0,-6110.953917958933
22380.0,-7407.685510817951
22381.0,-7121.938103676968
22382.0,-6519.695696535986
22383.0,-6233.9482893950035
22384.0,-4998.714882254021
22385.0,-5029.463475113039
22386.0,-3794.229067972057
22387.0,-4774.464660831074
22388.0,-5121.709253690092
22389.0,-5152.457846549226
22390.0,-5183.206439408244
22391.0,-4897.459032267261
22392.0,-4295.216625126279
22393.0,-3059.9822179852968
22394.0,-2141.243810844314
22395.0,-1222.5054037033324
22396.0,329.22500343765023
22397.0,-651.0105894213675
22398.0,900.7188177196149
22399.0,-1029.003775139403
22400.0,522.725632001463
22401.0,-2672.9789608575547
22402.0,-804.7535537165722
22403.0,-1784.98914657559
22404.0,-549.7557394346077
22405.0,-264.00833229362524
22406.0,338.2340748473571
22407.0,1889.9644819883397
22408.0,-39.75811087067814
22409.0,1195.4762962703044
22410.0,-1050.7422965887135
22411.0,1133.9791105521526
22412.0,-2694.7184823068646
22413.0,-193.50107516588287
22414.0,-1806.7286680249008
22415.0,1010.984739116082
22416.0,30.748146257064036
22417.0,1898.9745533980458
22418.0,1868.2259605390282
22419.0,3103.4593676800105
22420.0,3389.206774820994
22421.0,2725.467181961976
22422.0,3960.700589102842
22423.0,3613.4569962438236
22424.0,5165.186403384807
22425.0,5450.933810525788
22426.0,7002.663217666772
22427.0,7921.401624807753
22428.0,10422.619031948736
22429.0,10708.365439089717
22430.0,11310.608846230702
22431.0,10013.877253371684
22432.0,9983.128660512666
22433.0,8369.902067653533
22434.0,8022.657474794514
22435.0,7991.9088819354965
22436.0,8910.647289076478
22437.0,9196.39469621746
22438.0,8532.654103358444
22439.0,8501.905510499426
22440.0,6888.678917640407
22441.0,5275.45132478139
22442.0,3345.7287319223724
22443.0,1099.5111390633538
22444.0,-1146.7074537957797
22445.0,-3076.4300466547975
22446.0,-5006.152639513815
22447.0,-5036.901232372833
22448.0,-6017.13782523185
22449.0,-5731.3904180908685
22450.0,-6711.626010949885
22451.0,-6742.374603808903
22452.0,-8355.601196667922
22453.0,-8386.34978952694
22454.0,-9683.081382385955
22455.0,-10346.820975244973
22456.0,-9111.587568104107
22457.0,-9142.336160963125
22458.0,-7274.110753822143
22459.0,-7621.354346681161
22460.0,-5120.137939540178
22461.0,-4517.894532399197
22462.0,-2649.669125258214
22463.0,-781.4437181172307
22464.0,-179.20131097624835
22465.0,1689.0240961647323
22466.0,2291.267503305715
22467.0,3842.9969104465818
22468.0,4445.239317587564
22469.0,4381.900384615514
22470.0,5640.443572255521
22471.0,7215.483759895556
22472.0,7841.035947535591
22473.0,7517.102135175628
22474.0,6876.671322815637
22475.0,5286.75451045567
22476.0,5279.3156980957065
22477.0,5904.8678857357445
22478.0,6213.925073375751
22479.0,7155.973261015788
22480.0,8414.517448655824
22481.0,8090.582636295858
22482.0,9032.630823935866
22483.0,7442.714011575903
22484.0,7751.770199215938
22485.0,5212.366386855945
22486.0,4888.431574495982
22487.0,2665.522762136019
22488.0,1392.1009497760551
22489.0,1068.1671374160615
22490.0,744.2323250560985
22491.0,2952.263512696134
22492.0,1678.84170033617
22493.0,3886.8728879761784
22494.0,1347.4680756162143
22495.0,2922.50826325625
22496.0,-1515.8705491037144
22497.0,59.16963853629386
22498.0,-2480.2351738236703
22499.0,-1854.6819861836339
22500.0,-4077.590798543626
22501.0,-4085.02961090359
22502.0,-3775.9724232635544
22503.0,-4416.403235623518
22504.0,-2841.363047983512
22505.0,-4114.784860343474
22506.0,-1906.7536727034385
22507.0,-5079.149485063403
22508.0,-3820.6052974233953
22509.0,-6993.001109783359
22510.0,-5734.457922143323
22511.0,-7324.374734503316
22512.0,-5116.34354686328
22513.0,-6073.269359223244
22514.0,-5131.221171583207
22515.0,-7037.6339839432
22516.0,-7045.072796303164
22517.0,-9267.981608663127
22518.0,-10224.907421023092
22519.0,-10865.338233383085
22520.0,-10872.777045743049
22521.0,-10247.223858103012
22522.0,-10254.662670462976
22523.0,-8996.118482822969
22524.0,-9003.557295182933
22525.0,-8061.509107542896
22526.0,-9651.42691990289
22527.0,-7759.891732262852
22528.0,-8716.817544622816
22529.0,-7774.76935698278
22530.0,-9681.182169342774
22531.0,-8106.141981702737
22532.0,-8746.5727940627
22533.0,-7171.532606422665
22534.0,-6545.980418782658
22535.0,-4654.445231142621
22536.0,-2762.910043502585
22537.0,-1504.3658558625484
22538.0,-1195.308668222542
22539.0,-1519.243480582505
22540.0,-2159.673292942469
22541.0,-3116.5991053024627
22542.0,-3440.5339176624257
22543.0,-3764.4687300223886
22544.0,-1872.933542382354
22545.0,-1247.3803547423468
22546.0,1593.6418328976906
22547.0,1269.7070205377258
22548.0,3161.242208177762
22549.0,2520.8123958177694
22550.0,2196.8775834578064
22551.0,2189.4387710978426
22552.0,1549.0089587378789
22553.0,2174.561146377886
22554.0,1534.1313340179222
22555.0,2792.6755216579586
22556.0,3418.2277092979657
22557.0,4993.266896938003
22558.0,6568.3070845780385
22559.0,7193.859272218073
22560.0,8768.89945985808
22561.0,9077.955647498118
22562.0,9703.508835138153
22563.0,8746.583022778188
22564.0,8106.152210418197
22565.0,8098.713398058233
22566.0,7774.77958569827
22567.0,7450.8447733382745
22568.0,7126.909960978312
22569.0,7119.471148618348
22570.0,6479.041336258386
22571.0,4889.123523898394
22572.0,4248.693711538428
22573.0,4225.288313028113
22574.0,2993.0547912574348
22575.0,811.3352694867572
22576.0,-1370.3852522839206
22577.0,-703.6447740545991
22578.0,-1935.8782958252787
22579.0,-3.153817595957662
22580.0,-3450.8573393666356
22581.0,-2784.116861137314
22582.0,-7181.306382907993
22583.0,-7147.556904678671
22584.0,-11228.25142644935
22585.0,-10561.510948220028
22586.0,-10211.265469990705
22587.0,-9861.019991761385
22588.0,-8561.28851353218
22589.0,-9477.026035302857
22590.0,-6278.319557073537
22591.0,-8143.544078844215
22592.0,-4628.341600614894
22593.0,-6493.567122385572
22594.0,-4244.34764415625
22595.0,-6742.563165926929
22596.0,-6075.822687697608
22597.0,-7308.0562094682855
22598.0,-5691.827731238964
22599.0,-3759.104253009643
22600.0,-560.3977747803201
22601.0,2321.8127034490008
22602.0,3305.0491816783215
22603.0,5554.268659907644
22604.0,4638.531138136965
22605.0,5305.271616366286
22606.0,4389.534094595609
22607.0,5689.26657282493
22608.0,5406.520051054251
22609.0,6073.261529283573
22610.0,5474.019007512894
22611.0,7406.742485742216
22612.0,7440.491963971537
22613.0,9373.21544220086
22614.0,8457.477920430181
22615.0,10073.706398659502
22616.0,8841.472876888824
22617.0,8242.231355118147
22618.0,6377.006833347466
22619.0,6727.251311576789
22620.0,6444.5057898061095
22621.0,7111.246268035431
22622.0,8410.978746264755
22623.0,8444.728224494076
22624.0,8478.477702723398
22625.0,7246.244180952717
22626.0,7279.993659182039
22627.0,6047.76013741136
22628.0,7980.483615640682
22629.0,7381.242093870003
22630.0,8680.974572099327
22631.0,7132.245050328647
22632.0,7482.490528557968
22633.0,7832.7360067872905
22634.0,7233.493485016612
22635.0,7267.242963245933
22636.0,6984.497441475254
22637.0,7018.246919704576
22638.0,4836.526397933898
22639.0,2971.3018761632193
22640.0,1106.0773543925407
22641.0,506.834832621862
22642.0,-408.90268914881653
22643.0,257.837789080505
22644.0,-341.40373269017346
22645.0,-624.150254460852
22646.0,-906.8957762315304
22647.0,-3088.6162980023246
22648.0,-4004.3538197730036
22649.0,-6819.065341543682
22650.0,-8051.2988633143605
22651.0,-9916.523385085038
22652.0,-10515.765906855717
22653.0,-10165.520428626396
22654.0,-10131.770950397075
22655.0,-7882.551472167753
22656.0,-8165.297993938431
22657.0,-6232.57451570911
22658.0,-6831.816037479788
22659.0,-6481.570559250466
22660.0,-7080.813081021145
22661.0,-6730.567602791823
22662.0,-6380.322124562502
22663.0,-6030.07764633318
22664.0,-5046.841168103859
22665.0,-5013.091689874537
22666.0,-3396.863211645216
22667.0,-1464.1397334158946
22668.0,-797.3992551865731
22669.0,1451.8202230427487
22670.0,1802.0657012720712
22671.0,2468.8061795013928
22672.0,1553.0686577307133
22673.0,953.8271359600349
22674.0,1304.0716141893563
22675.0,388.33409241867776
22676.0,2321.0585706479997
22677.0,-63.314638383738384
22678.0,-2447.6878474154764
22679.0,-4832.061056447215
22680.0,-2849.605342385288
22681.0,-4665.097628323594
22682.0,-4581.615914261667
22683.0,-4814.630200199972
22684.0,-4414.652486138279
22685.0,-2432.1967720763514
22686.0,-3298.202058014658
22687.0,266.73165604727
22688.0,-1232.2646298910367
22689.0,2332.6700841708916
22690.0,-115.81420176741449
22691.0,2183.137512294279
22692.0,1000.636226356206
22693.0,2666.5969404179014
22694.0,2117.086654479828
22695.0,3466.5513685415226
22696.0,4816.016082603448
22697.0,4583.001796665143
22698.0,7514.944510726837
22699.0,8231.418224788766
22700.0,11796.351938850457
22701.0,10930.346652912387
22702.0,13862.28936697408
22703.0,12679.789081036008
22704.0,12446.774795097703
22705.0,10314.786509159396
22706.0,9448.781223221322
22707.0,8899.271937283018
22708.0,8982.753651344945
22709.0,9382.730365406638
22710.0,10099.204079468564
22711.0,10815.67679353026
22712.0,9316.680507591955
22713.0,8134.1792216538815
22714.0,6318.686935715574
22715.0,4503.1946497775025
22716.0,2687.7013638391963
22717.0,872.2090779011232
22718.0,-2209.2652080371827
22719.0,-4341.253493975489
22720.0,-6789.737779913561
22721.0,-7339.247065851867
22722.0,-8521.74835178994
22723.0,-9071.257637728246
22724.0,-9937.26292366632
22725.0,-10486.773209604624
22726.0,-12618.76049554293
22727.0,-13484.766781481003
22728.0,-14667.26706741931
22729.0,-13950.794353357382
22730.0,-13550.816639295688
22731.0,-12834.343925233761
22732.0,-12117.870211172067
22733.0,-12034.388497110373
22734.0,-11634.411783048445
22735.0,-12183.92106898675
22736.0,-10834.456354924823
22737.0,-11383.96664086313
22738.0,-8768.518926801204
22739.0,-9001.533212739509
22740.0,-7335.573498677814
22741.0,-5669.612784615887
22742.0,-4636.644070554193
22743.0,-1704.7013564922663
22744.0,-1621.219642430572
22745.0,677.7320716313552
22746.0,-188.27321430694974
22747.0,211.70449975474367
22748.0,-1287.2927861833296
22749.0,-1520.3070721216354
22750.0,-1753.3203580597083
22751.0,-1353.3436439980142
22752.0,-320.374929936087
22753.0,396.0987841256083
22754.0,1745.5634981873009
22755.0,2778.532212249229
22756.0,2545.517926310922
22757.0,3261.990640372849
22758.0,3028.9773544345444
22759.0,2162.9720684964705
22760.0,1613.4617825581663
22761.0,747.4564966198595
22762.0,1780.4252106817876
22763.0,914.4199247434808
22764.0,2896.875638805408
22765.0,2347.3663528671023
22766.0,4962.813066929029
22767.0,4413.303780990724
22768.0,4813.281495052417
22769.0,4263.771209114344
22770.0,3397.765923176039
22771.0,3797.7436372379652
22772.0,2615.242351299661
22773.0,4281.2030653615875
22774.0,1832.7187794232814
22775.0,4448.166493484976
22776.0,2632.674207546903
22777.0,3982.137921608597
22778.0,3116.132635670525
22779.0,3516.1103497322183
22780.0,3599.5920637941454
22781.0,2100.5947778558393
22782.0,2184.0764919175335
22783.0,685.0802059794605
22784.0,3300.527920041155
22785.0,-39.07262678609459
22786.0,3069.077985158001
22787.0,1113.2975971018614
22788.0,3904.952209045723
22789.0,1316.1808209895844
22790.0,1892.3654329336787
22791.0,-379.9109551224601
22792.0,-753.2123431785985
22793.0,-1126.5147312347372
22794.0,-1183.3211192906429
22795.0,342.3504926532187
22796.0,285.54410459708015
22797.0,2444.207716540943
22798.0,2070.9063284850363
22799.0,2963.586940428897
22800.0,1640.79755237276
22801.0,2533.4781643166207
22802.0,1210.6887762607148
22803.0,2103.3693882045773
22804.0,1097.0760001484377
22805.0,2306.252612092532
22806.0,1616.4552240363937
22807.0,2192.639835980255
22808.0,3085.320447924116
22809.0,4294.49705986821
22810.0,5187.177671812073
22811.0,4497.379283755934
22812.0,4440.5728956997955
22813.0,3434.279507643889
22814.0,2427.986119587751
22815.0,1421.6927315316134
22816.0,1997.8783434754732
22817.0,1941.0719554195675
22818.0,3466.74356736343
22819.0,3093.4411793072904
22820.0,3986.121791251153
22821.0,3612.8204031952464
22822.0,3556.014015139108
22823.0,3499.2076270829693
22824.0,3125.9052390270645
22825.0,3385.594850970925
22826.0,3328.7884629147866
22827.0,4221.469074858649
22828.0,3531.670686802743
22829.0,4740.847298746605
22830.0,5950.023910690466
22831.0,7159.200522634328
22832.0,7102.394134578422
22833.0,7995.074746522285
22834.0,7305.276358466144
22835.0,7248.469970410006
22836.0,6875.168582354101
22837.0,7451.353194297963
22838.0,8344.033806241823
22839.0,8287.227418185685
22840.0,8863.41203012978
22841.0,7857.118642073641
22842.0,7167.321254017503
22843.0,4895.044865961363
22844.0,3888.751477905458
22845.0,1616.4750898493185
22846.0,610.1817017931808
22847.0,-1345.598686262725
22848.0,-3617.875074318864
22849.0,-5890.1504623750025
22850.0,-6896.44485043114
22851.0,-8219.233238487046
22852.0,-9225.526626543186
22853.0,-10864.812014599323
22854.0,-12187.600402655462
22855.0,-13826.885790711367
22856.0,-15782.666178767506
22857.0,-18371.438566823643
22858.0,-19377.731954879782
22859.0,-20384.02534293569
22860.0,-19807.83973099183
22861.0,-20181.142119047967
22862.0,-19604.957507104104
22863.0,-19028.77189516001
22864.0,-18136.09128321615
22865.0,-17243.410671272286
22866.0,-17300.217059328425
22867.0,-16091.04044738433
22868.0,-17097.33383544047
22869.0,-15571.662223496609
22870.0,-16577.955611552512
22871.0,-13786.300999608653
22872.0,-13210.115387664791
22873.0,-10101.96577572093
22874.0,-9842.276163776836
22875.0,-7367.116551832974
22876.0,-7107.427939889112
22877.0,-5898.251327945251
22878.0,-5322.066716001157
22879.0,-4112.8901040572955
22880.0,-2587.2174921134338
22881.0,-2011.0328801695723
22882.0,-485.36126822547885
22883.0,-542.1676562816174
22884.0,667.0089556622443
22885.0,-339.28443239389344
22886.0,1819.3791795502002
22887.0,1762.5727914940617
22888.0,3288.244403437924
22889.0,2598.4470153817856
22890.0,3491.127627325879
22891.0,2484.8342392697414
22892.0,3377.514851213602
22893.0,3320.7084631576963
22894.0,5479.372075101557
22895.0,6055.55668704542
22896.0,7897.72429898928
22897.0,8790.404910933376
22898.0,9050.094522877236
22899.0,7727.305134821097
22900.0,7037.507746764961
22901.0,6980.701358709055
22902.0,8189.877970652917
22903.0,9715.549582596777
22904.0,10924.726194540639
22905.0,13083.389806484734
22906.0,12393.591418428594
22907.0,12653.281030372455
22908.0,11330.491642316316
22909.0,10957.189254260411
22910.0,9001.408866204274
22911.0,8311.611478148134
22912.0,6988.822090092228
22913.0,5982.528702036092
22914.0,4976.2353139799525
22915.0,2703.958925923813
22916.0,2014.161537867907
22917.0,1324.3641498117686
22918.0,1267.55776175563
22919.0,894.2553736994923
22920.0,-1694.5170143564137
22921.0,-302.32894405109164
22922.0,1089.8591262542304
22923.0,2482.0471965595525
22924.0,-161.569131018799
22925.0,-906.2124585971496
22926.0,-1017.8637861755005
22927.0,-496.5231137538517
22928.0,974.3035586682631
22929.0,-403.3307689100875
22930.0,118.00990351156133
22931.0,-1576.1204240667894
22932.0,-2953.7537516451403
22933.0,-3698.3970792234913
22934.0,-3810.0484068018422
22935.0,-2655.716734380193
22936.0,-3083.864061958544
22937.0,-2562.5233895368947
22938.0,-1724.687717115246
22939.0,-2152.8350446935965
22940.0,-998.5033722719477
22941.0,-2376.1376998498326
22942.0,-1221.8060274281838
22943.0,-2282.944355006535
22944.0,-1761.6046825848857
22945.0,-1556.7600101632365
22946.0,-2301.403337741587
22947.0,-1463.5666653199382
22948.0,-3157.696992898289
22949.0,-2003.3653204766401
22950.0,-3380.9996480549908
22951.0,-2226.667975633342
22952.0,-3604.3023032116926
22953.0,-3715.953630789578
22954.0,-4777.091958367929
22955.0,-5838.23028594628
22956.0,-5949.881613524631
22957.0,-7960.506941102982
22958.0,-6489.680268681333
22959.0,-5335.348596259683
22960.0,-2915.0339238380343
22961.0,-1760.7032514163848
22962.0,-1555.8585789947365
22963.0,-718.0229065730873
22964.0,-2412.1522341514383
22965.0,-624.8295617293234
22966.0,-2002.4638893076744
22967.0,2000.328783113975
22968.0,1255.6864555356242
22969.0,5258.478127957273
22970.0,5146.826800378922
22971.0,7883.637472800572
22972.0,7455.49014522222
22973.0,9559.308817643869
22974.0,10713.639490065518
22975.0,10918.48416248717
22976.0,13022.302834908816
22977.0,11011.677507330933
22978.0,13115.49617975258
22979.0,10471.878852174232
22980.0,12892.193524595878
22981.0,12464.046197017527
22982.0,14567.864869439178
22983.0,12873.734541860827
22984.0,14661.057214282475
22985.0,12333.936886704123
22986.0,11272.798559125775
22987.0,8312.685231547424
22988.0,6935.0519039690735
22989.0,5557.417576391186
22990.0,3863.287248812836
22991.0,2802.148921234484
22992.0,1741.010593656134
22993.0,679.8722660777821
22994.0,-1014.2570615005679
22995.0,-1442.404389078918
22996.0,-3769.52571665727
22997.0,-4514.168044235621
22998.0,-7474.280371813971
22999.0,-7585.931699392322
23000.0,-9913.053026970674
23001.0,-9075.217354548558
23002.0,-9819.85968212691
23003.0,-8349.033009705261
23004.0,-9093.675337283612
23005.0,-7622.848664861962
23006.0,-7418.003992440313
23007.0,-7213.159320018664
23008.0,-7324.810647597015
23009.0,-7119.966975175365
23010.0,-6598.626302753717
23011.0,-6393.782630332068
23012.0,-6188.937957910419
23013.0,-5351.10228548877
23014.0,-3247.2836130666547
23015.0,-3675.4309406450047
23016.0,-1255.116268223357
23017.0,-2316.254595801707
23018.0,-845.4279233800589
23019.0,-1906.566250958409
23020.0,-1385.22657853676
23021.0,-2129.868906115111
23022.0,-975.5372336934615
23023.0,-454.19756127181245
23024.0,67.14211114983664
23025.0,904.9787835714851
23026.0,793.3274559935999
23027.0,1947.658128415249
23028.0,2468.9988008369
23029.0,1407.8604732585482
23030.0,2245.6961456801982
23031.0,1184.5578181018464
23032.0,1389.4014905234944
23033.0,1594.2461629451445
23034.0,1482.5948353667936
23035.0,3269.917507788443
23036.0,3647.0324628864673
23037.0,4024.147417984492
23038.0,4401.262373082517
23039.0,4778.377328180542
23040.0,5155.492283278566
23041.0,5532.607238376591
23042.0,5909.722193474616
23043.0,6286.83714857264
23044.0,5013.665241409044
23045.0,4373.485334245448
23046.0,4999.287427081881
23047.0,3409.620519918284
23048.0,5934.396612754688
23049.0,2762.250705591092
23050.0,4654.036798427525
23051.0,848.8988912639288
23052.0,1791.1969841003338
23053.0,-2646.9309230632625
23054.0,-1704.6328302268575
23055.0,-3610.7957373904255
23056.0,-3617.9846445540215
23057.0,-4574.660551717618
23058.0,-4581.849458881214
23059.0,-4272.543366044781
23060.0,-5862.210273208376
23061.0,-4603.416180371973
23062.0,-6193.084087535568
23063.0,-5567.280994699136
23064.0,-8106.435901862731
23065.0,-7480.633809026327
23066.0,-9386.796716189923
23067.0,-8444.498623353491
23068.0,-9084.678530517087
23069.0,-6243.406437680682
23070.0,-6883.586344844278
23071.0,-6257.784252007845
23072.0,-7530.956159171441
23073.0,-6905.153066335037
23074.0,-7861.828973498634
23075.0,-7869.01788066223
23076.0,-7243.215787825797
23077.0,-5984.421694989392
23078.0,-6308.106602152988
23079.0,-6315.295509316584
23080.0,-6005.988416480151
23081.0,-5696.681323643747
23082.0,-4437.8882308073435
23083.0,-4445.0771379709395
23084.0,-3502.7790451345063
23085.0,-4459.454952298102
23086.0,-4466.643859461698
23087.0,-6056.310766625294
23088.0,-4797.516673788861
23089.0,-4804.705580952457
23090.0,-2912.920488116053
23091.0,-2287.118395279649
23092.0,-1661.3153024432158
23093.0,-1668.5042096068119
23094.0,-1359.198116770407
23095.0,-1049.891023934004
23096.0,-740.5839310976007
23097.0,518.2091617388323
23098.0,827.5162545752373
23099.0,2086.3103474116415
23100.0,2395.6164402480445
23101.0,4287.402533084478
23102.0,6179.187625920884
23103.0,7754.476718757287
23104.0,9646.26181159369
23105.0,10588.559904430123
23106.0,12480.344997266526
23107.0,12156.66109010293
23108.0,12782.463182939337
23109.0,12458.778275775767
23110.0,13717.572368612171
23111.0,15609.357461448577
23112.0,14652.68155428498
23113.0,15911.475647121413
23114.0,15587.790739957818
23115.0,15580.601832794222
23116.0,13990.934925630627
23117.0,12717.76301846703
23118.0,11128.096111303461
23119.0,9221.933204139867
23120.0,7632.265296976271
23121.0,5726.102389812675
23122.0,4769.426482649107
23123.0,3812.750575485512
23124.0,1906.5876683219158
23125.0,1582.9027611583188
23126.0,-1589.2431460052467
23127.0,-1912.9270531688435
23128.0,-4452.08196033244
23129.0,-5725.253867496035
23130.0,-6998.424774659603
23131.0,-8904.5886818232
23132.0,-7962.290588986794
23133.0,-10501.44449615039
23134.0,-8609.659403313957
23135.0,-10199.326310477554
23136.0,-7991.046217641149
23137.0,-9580.713124804746
23138.0,-8321.919031968342
23139.0,-8329.107939131909
23140.0,-9918.775846295504
23141.0,-8976.477753459101
23142.0,-11588.272531885417
23143.0,-8086.44215423985
23144.0,-9965.037776594283
23145.0,-5513.719398948716
23146.0,-6759.324021303148
23147.0,-3257.493643657581
23148.0,-4503.097266012013
23149.0,-3216.736888366446
23150.0,-4145.845510720878
23151.0,-4441.9621330752525
23152.0,-3472.096755429685
23153.0,-3135.2233777841175
23154.0,-1215.8700001385496
23155.0,-2144.9796224929823
23156.0,90.86875515258544
23157.0,-521.743867201847
23158.0,448.12151044371967
23159.0,-1113.978111910712
23160.0,488.8782657348547
23161.0,-123.73435661957774
23162.0,529.6350210259898
23163.0,-82.97760132844269
23164.0,1203.3827763171248
23165.0,907.2661539626934
23166.0,1877.13153160826
23167.0,2214.0049092538284
23168.0,4133.357286899396
23169.0,5736.214664544963
23170.0,7022.5760421905325
23171.0,7675.945419836098
23172.0,7379.8277974816665
23173.0,7716.702175127233
23174.0,6154.602552772802
23175.0,7757.458930418368
23176.0,7461.341308063937
23177.0,10646.676685709503
23178.0,11300.047063355072
23179.0,13535.894441000637
23180.0,12290.290818646205
23181.0,11994.173196291773
23182.0,10115.577573937342
23183.0,9819.45995158291
23184.0,8573.855329228478
23185.0,8277.738706874043
23186.0,8298.11708451961
23187.0,6736.016462165237
23188.0,6123.403839810804
23189.0,4561.303217456372
23190.0,3632.194595101939
23191.0,2386.5909727475064
23192.0,2090.4733503930747
23193.0,528.3737280386413
23194.0,-400.73489431579037
23195.0,-3228.8185166702233
23196.0,-4790.918139024655
23197.0,-6036.5227613790885
23198.0,-7598.62238373352
23199.0,-7261.749006087953
23200.0,-7241.370628442385
23201.0,-6904.496250796818
23202.0,-6884.11787315125
23203.0,-5914.252495505683
23204.0,-7159.857117860115
23205.0,-7139.4787402145475
23206.0,-7435.59536256898
23207.0,-8364.703984923413
23208.0,-8027.830607277845
23209.0,-7690.956229632277
23210.0,-6088.09985198671
23211.0,-4168.746474341143
23212.0,-3198.8810966955753
23213.0,-2229.0157190500076
23214.0,-2841.6293414044403
23215.0,-3137.7459637588727
23216.0,-4066.8545861133052
23217.0,-5628.955208467738
23218.0,-4659.0898308221695
23219.0,-4638.711453176602
23220.0,-2719.359075531035
23221.0,-3648.467697885467
23222.0,-2678.6023202399
23223.0,-3607.7109425942735
23224.0,-2954.3405649487067
23225.0,-3250.4581873031393
23226.0,-2913.5838096575717
23227.0,-2260.214432012004
23228.0,-3505.819054366436
23229.0,-2852.448676720869
23230.0,-4414.549299075301
23231.0,-2495.196921429734
23232.0,-2791.3135437841665
23233.0,394.0218338614013
23234.0,1996.878211506968
23235.0,3916.2305891525357
23236.0,4886.095966798104
23237.0,4273.483344443672
23238.0,4926.852722089239
23239.0,3364.753099734806
23240.0,6550.088477380374
23241.0,6253.970855025942
23242.0,10072.29723267151
23243.0,9776.179610317078
23244.0,8268.319382458798
23245.0,9270.708835855734
23246.0,10906.089289252901
23247.0,11275.487742649835
23248.0,11328.39019604677
23249.0,12330.779649443706
23250.0,10484.708102840643
23251.0,12120.08955623781
23252.0,10907.009009634745
23253.0,13175.381463031681
23254.0,11329.308916428614
23255.0,12964.690369825781
23256.0,11751.609823222716
23257.0,11804.512276619651
23258.0,10591.431730016586
23259.0,9694.847183413523
23260.0,7848.775636810689
23261.0,6635.695090207624
23262.0,4789.623543604561
23263.0,3576.543997001496
23264.0,1413.9764503984297
23265.0,-432.0950962044026
23266.0,-1328.6796428074667
23267.0,-2541.760189410532
23268.0,-3754.840736013597
23269.0,-5284.416282616429
23270.0,-6181.000829219494
23271.0,-8660.06437582256
23272.0,-9873.144922425625
23273.0,-11719.216469028688
23274.0,-11349.818015631521
23275.0,-13195.889562234586
23276.0,-12509.996108837651
23277.0,-12773.588655440715
23278.0,-11771.199202043781
23279.0,-12984.279748646613
23280.0,-13564.368295249678
23281.0,-14777.448841852743
23282.0,-15041.042388455808
23283.0,-14671.64393505864
23284.0,-15251.733481661704
23285.0,-13932.84802826477
23286.0,-13879.945574867836
23287.0,-11611.5731214709
23288.0,-12191.661668073732
23289.0,-10556.281214676797
23290.0,-11136.369761279862
23291.0,-9500.989307882928
23292.0,-10081.077854485993
23293.0,-9078.688401088824
23294.0,-8392.79494769189
23295.0,-8656.388494294955
23296.0,-8286.99004089802
23297.0,-8234.087587500851
23298.0,-6915.202134103916
23299.0,-5596.316680706982
23300.0,-3644.440227310047
23301.0,-2325.555773913112
23302.0,-1956.1573205159439
23303.0,-953.7678671190079
23304.0,-1533.8564137220728
23305.0,-1480.9539603251378
23306.0,-162.0685069279716
23307.0,-109.1660535310366
23308.0,4058.1793998658995
23309.0,2845.0998532628346
23310.0,5746.463306659769
23311.0,6115.861760056938
23312.0,7434.746213453873
23313.0,6854.657666850808
23314.0,7224.056120247744
23315.0,7909.949573644677
23316.0,6380.374027041846
23317.0,6749.77148043878
23318.0,3954.2129338357154
23319.0,6222.58538723265
23320.0,5642.496840629818
23321.0,6644.886294026754
23322.0,6697.788747423689
23323.0,5484.7082008206235
23324.0,6170.6016542175585
23325.0,4008.034107614725
23326.0,4377.432561011661
23327.0,1581.874014408595
23328.0,2900.75946780553
23329.0,738.1919212024659
23330.0,1424.0853745996337
23331.0,211.00582799656877
23332.0,896.8992813935038
23333.0,1899.288734790438
23334.0,1002.7041881876066
23335.0,2954.580641584542
23336.0,1425.0050949814758
23337.0,2743.889548378411
23338.0,-51.66899822465348
23339.0,634.2254551725146
23340.0,370.6319085694504
23341.0,2322.5083619663837
23342.0,1742.4198153633188
23343.0,3377.8002687602548
23344.0,2797.7117221574226
23345.0,2534.1181755543566
23346.0,1321.0376289512933
23347.0,1057.4450823482275
23348.0,793.8515357453962
23349.0,1163.2499891423304
23350.0,1532.6474425392662
23351.0,1585.5498959362012
23352.0,1638.4523493331362
23353.0,1374.8598027303033
23354.0,1427.7622561272383
23355.0,1164.1687095241741
23356.0,1217.0711629211091
23357.0,-312.505383681957
23358.0,-576.0979302847891
23359.0,344.2672035280316
23360.0,-111.71844534821457
23361.0,-1200.6950942244605
23362.0,242.2942568992935
23363.0,419.2996080230473
23364.0,2178.7839591463353
23365.0,1722.7993102700893
23366.0,2532.7966613938434
23367.0,1443.8200125175972
23368.0,987.834363641351
23369.0,848.3447147646393
23370.0,1025.3510658883934
23371.0,1835.3484170121474
23372.0,1695.8587681359013
23373.0,3138.8471192596553
23374.0,3315.8534703829446
23375.0,6341.320821506697
23376.0,7151.318172630452
23377.0,9860.289523754205
23378.0,10353.790874877493
23379.0,11163.788226001248
23380.0,10391.307577125002
23381.0,10568.313928248757
23382.0,10745.31927937251
23383.0,10922.325630495798
23384.0,11732.322981619553
23385.0,11276.337332743307
23386.0,12402.830683867061
23387.0,11630.350034990814
23388.0,11807.3553861141
23389.0,10401.883737237855
23390.0,9312.907088361611
23391.0,7907.434439485363
23392.0,6501.961790609117
23393.0,4779.994141732406
23394.0,2741.53049285616
23395.0,1652.553843979913
23396.0,-69.4148048963325
23397.0,-1474.8874537725787
23398.0,-2880.3591026492904
23399.0,-5235.318751525536
23400.0,-6640.791400401782
23401.0,-9312.246049278028
23402.0,-10401.22269815474
23403.0,-11490.199347030986
23404.0,-11946.184995907231
23405.0,-12402.170644783479
23406.0,-13491.147293659724
23407.0,-11731.662942536435
23408.0,-13770.126591412682
23409.0,-12010.642240288927
23410.0,-15315.088889165174
23411.0,-13239.10853804142
23412.0,-15277.572186918133
23413.0,-14467.574835794378
23414.0,-14290.568484670624
23415.0,-14746.55413354687
23416.0,-12987.069782423116
23417.0,-13759.550431299827
23418.0,-11050.579080176074
23419.0,-12772.54672905232
23420.0,-9430.584377928566
23421.0,-10836.057026804812
23422.0,-8760.076675681525
23423.0,-10798.54032455777
23424.0,-9988.542973434016
23425.0,-10444.528622310263
23426.0,-11533.505271186974
23427.0,-10090.51592006322
23428.0,-9597.014568939467
23429.0,-6255.051217815712
23430.0,-6394.540866691958
23431.0,-3369.0735155686707
23432.0,-4458.050164444916
23433.0,-3648.052813321163
23434.0,-5053.525462197407
23435.0,-4560.024111073653
23436.0,-4066.5217599503667
23437.0,-3573.0204088266128
23438.0,-2130.032057702858
23439.0,-687.0427065791046
23440.0,755.9456445446503
23441.0,1882.4389956679388
23442.0,3325.4273467916937
23443.0,4768.416697915447
23444.0,5894.910049039201
23445.0,7021.402400162955
23446.0,7831.399751286241
23447.0,8008.406102409997
23448.0,7552.4204535337485
23449.0,8678.913804657503
23450.0,10121.903155780794
23451.0,10931.900506904545
23452.0,12374.888858028302
23453.0,12551.895209152055
23454.0,13361.892560275806
23455.0,11956.419911399098
23456.0,10550.947262522852
23457.0,9145.475613646606
23458.0,8689.489964770357
23459.0,6967.5213158941115
23460.0,6195.040667017402
23461.0,5422.560018141154
23462.0,4966.5743692649085
23463.0,4194.093720388661
23464.0,2788.6210715124143
23465.0,5253.493976140333
23466.0,7718.366880768252
23467.0,10183.23978539617
23468.0,6921.018040679008
23469.0,5557.771295961846
23470.0,4827.514551244683
23471.0,5363.241806527987
23472.0,5582.472061810826
23473.0,4219.224317093663
23474.0,3172.4725723765005
23475.0,1176.233827659339
23476.0,762.4740829421762
23477.0,-917.2696617749857
23478.0,-698.0384064921477
23479.0,-1111.79915120931
23480.0,-1842.054895926472
23481.0,-2255.8156406436337
23482.0,-3619.063385360796
23483.0,-3716.328130077958
23484.0,-3497.09687479512
23485.0,-2644.8746195118165
23486.0,-2425.643364228979
23487.0,-2839.4041089461407
23488.0,-3886.155853663303
23489.0,-6831.881598380465
23490.0,-8828.120343097627
23491.0,-9874.87208781479
23492.0,-10288.632832531952
23493.0,-9436.410577249113
23494.0,-8900.684321966275
23495.0,-7415.470066683438
23496.0,-8462.2218114006
23497.0,-10458.460556117763
23498.0,-11505.212300834923
23499.0,-13501.451045551621
23500.0,-13282.220790268782
23501.0,-13379.485534985944
23502.0,-12527.263279703107
23503.0,-11991.536024420267
23504.0,-10822.81876913743
23505.0,-9337.604513854592
23506.0,-9434.869258571754
23507.0,-7633.160003288917
23508.0,-7413.928748006079
23509.0,-4029.7414927232417
23510.0,-5076.493237440403
23511.0,-2325.2969821575653
23512.0,-2106.065726874728
23513.0,961.6265284085766
23514.0,1180.8577836914137
23515.0,2982.567038974252
23516.0,5733.763294257089
23517.0,7218.976549539928
23518.0,10286.668804822766
23519.0,10822.395060105602
23520.0,13573.59231538844
23521.0,11893.848570671278
23522.0,14012.053825954117
23523.0,11382.824081236955
23524.0,14134.020336519792
23525.0,13403.763591802632
23526.0,16787.951847085933
23527.0,17323.678102368773
23528.0,18492.39635765161
23529.0,18078.63561293445
23530.0,17981.370868217287
23531.0,16934.619123500124
23532.0,13988.893378782963
23533.0,13891.6286340658
23534.0,11895.389889348637
23535.0,12431.116144631476
23536.0,10434.877399914312
23537.0,10970.604655197152
23538.0,9290.86091047999
23539.0,9193.596165762829
23540.0,6247.870421046131
23541.0,6150.605676328969
23542.0,3837.8709316118056
23543.0,3107.6151868946436
23544.0,794.8804421774821
23545.0,-251.87130253968098
23546.0,-1298.6230472568423
23547.0,-2661.8707919740045
23548.0,-3708.6225366911667
23549.0,-3805.887281408329
23550.0,-4219.648026125491
23551.0,-4633.407770842653
23552.0,-4414.177515559815
23553.0,-6410.416260276977
23554.0,-7140.672004993673
23555.0,-8820.415749710835
23556.0,-8284.688494427997
23557.0,-9647.93623914516
23558.0,-7213.234983862322
23559.0,-6994.0047285794835
23560.0,-5825.286473296646
23561.0,-6872.038218013809
23562.0,-6969.302962730971
23563.0,-8965.541707448132
23564.0,-10012.293452165295
23565.0,-11059.045196882456
23566.0,-10523.318941599618
23567.0,-9038.104686316781
23568.0,-8818.874431033477
23569.0,-6384.1731757506395
23570.0,-6481.437920467802
23571.0,-4046.7376651849627
23572.0,-3827.5064099021256
23573.0,-2025.7971546192875
23574.0,-3072.5488993364506
23575.0,-2220.3266440536117
23576.0,-2317.591388770774
23577.0,-3047.847133487936
23578.0,-2195.624878205099
23579.0,-1343.40262292226
23580.0,1091.297632360578
23581.0,2576.511887643417
23582.0,4061.72514292672
23583.0,5546.939398209557
23584.0,4500.186653492394
23585.0,5352.409908775233
23586.0,3356.1701640580723
23587.0,5157.880419340909
23588.0,3478.1366746237472
23589.0,3697.3679299065843
23590.0,2334.120185189422
23591.0,1287.3684404722608
23592.0,557.1126957550987
23593.0,-489.6390489620644
23594.0,995.5742063207745
23595.0,3176.0138709384883
23596.0,5093.9067269721945
23597.0,1631.372583005843
23598.0,1966.7874390395482
23599.0,-2128.737704926745
23600.0,-210.84484889303894
23601.0,-1457.9079928593328
23602.0,-805.9981368256267
23603.0,-2369.558280791979
23604.0,-2350.639424758273
23605.0,-2331.720568724567
23606.0,-4211.775712690861
23607.0,-4509.351856657155
23608.0,-5439.920000623449
23609.0,-3838.5231445897425
23610.0,-4769.091288556095
23611.0,-2851.1984325223884
23612.0,-3781.7665764886824
23613.0,-1547.3777204549751
23614.0,-2477.94586442127
23615.0,-1193.0440083875637
23616.0,-2123.613152353916
23617.0,-1788.19829632021
23618.0,-3668.253440286504
23619.0,-3649.334584252798
23620.0,-5529.389728219091
23621.0,-5193.974872185386
23622.0,-5808.048016151679
23623.0,-5156.137160118032
23624.0,-4820.723304084325
23625.0,-4168.812448050619
23626.0,-4149.893592016913
23627.0,-4447.470735983207
23628.0,-5378.0388799495
23629.0,-6941.5990239157945
23630.0,-5973.192167882147
23631.0,-8802.73531184844
23632.0,-8467.320455814735
23633.0,-10663.871599781029
23634.0,-8745.978743747322
23635.0,-9360.050887713616
23636.0,-6809.167031679968
23637.0,-6790.248175646262
23638.0,-4555.859319612556
23639.0,-4536.94046357885
23640.0,-4518.0216075451435
23641.0,-4499.102751511437
23642.0,-4163.687895477732
23643.0,-2878.786039444084
23644.0,-1593.885183410378
23645.0,956.9996726233276
23646.0,1925.4055286570347
23647.0,4792.78538469074
23648.0,5761.191240724447
23649.0,7679.084096758095
23650.0,8963.985952791802
23651.0,10881.878808825506
23652.0,12483.276664859211
23653.0,13135.18652089292
23654.0,14103.592376926626
23655.0,15071.99823296033
23656.0,16356.900088993978
23657.0,17641.801945027684
23658.0,17660.72080106139
23659.0,18945.621657095096
23660.0,18964.540513128803
23661.0,18666.96436916251
23662.0,18052.89122519616
23663.0,16805.828081229865
23664.0,15875.25993726357
23665.0,15261.186793297275
23666.0,14330.618649330983
23667.0,14666.033505364689
23668.0,14684.952361398395
23669.0,12804.89721743204
23670.0,11241.337073465747
23671.0,9361.281929499455
23672.0,6848.235785533161
23673.0,4651.684641566866
23674.0,3088.124497600573
23675.0,575.0783536342205
23676.0,1543.4842096679258
23677.0,-20.074934298367225
23678.0,631.8349217353389
23679.0,17.762777769044988
23680.0,-279.8143661972481
23681.0,372.095489836458
23682.0,-558.4726541298951
23683.0,-2122.031798096189
23684.0,-4318.582942062482
23685.0,-4616.160086028776
23686.0,-6812.71122999507
23687.0,-5844.305373961364
23688.0,-6458.377517927716
23689.0,-5489.971661894011
23690.0,-5787.548805860304
23691.0,-5768.629949826598
23692.0,-5749.711093792892
23693.0,-7313.270237759186
23694.0,-6344.86438172548
23695.0,-8541.415525691831
23696.0,-6940.017669658126
23697.0,-9453.06481362442
23698.0,-8484.658957590713
23699.0,-10364.714101557007
23700.0,-8446.8212455233
23701.0,-9377.389389489595
23702.0,-7143.000533455947
23703.0,-6491.090677422241
23704.0,-7421.658821388535
23705.0,-5503.765965354829
23706.0,-7383.821109321123
23707.0,-5149.432253287418
23708.0,-7029.487397253769
23709.0,-6707.57691024509
23710.0,-6432.96833261954
23711.0,-3309.8987549941066
23712.0,-3984.7781773685565
23713.0,-1494.6995997430058
23714.0,-587.1000221175727
23715.0,-312.4914444920214
23716.0,911.6031331335289
23717.0,1502.707710758963
23718.0,3676.2902883845127
23719.0,3950.897866010064
23720.0,6124.480443635497
23721.0,7348.576021261048
23722.0,8889.166598886597
23723.0,10113.262176512031
23724.0,11020.861754137582
23725.0,11295.470331763132
23726.0,10937.086909388567
23727.0,10895.199487014117
23728.0,10853.312064639667
23729.0,10178.4336422651
23730.0,10453.041219890652
23731.0,9778.162797516201
23732.0,10685.762375141636
23733.0,8744.900952767184
23734.0,9652.500530392736
23735.0,8028.13510801817
23736.0,7986.247685643721
23737.0,6361.881263269272
23738.0,4421.019840894705
23739.0,4695.628418520257
23740.0,539.2969961458057
23741.0,180.9135737712386
23742.0,-1759.9478486032112
23743.0,-535.8522709776607
23744.0,-894.235693352226
23745.0,329.8598842733245
23746.0,-345.0195381012418
23747.0,-70.41096047569226
23748.0,-1694.776382850141
23749.0,-3319.1428052247065
23750.0,-4310.517227599157
23751.0,-5934.882649973607
23752.0,-5027.283072348173
23753.0,-6018.657494722623
23754.0,-4794.562917097072
23755.0,-5785.937339471639
23756.0,-4561.841761846088
23757.0,-5553.216184220538
23758.0,-6544.590606595104
23759.0,-6902.974028969554
23760.0,-7577.852451344003
23761.0,-8252.73087371857
23762.0,-8927.610296093018
23763.0,-9918.984718467469
23764.0,-10593.863140842035
23765.0,-12851.220563216484
23766.0,-12260.116985590934
23767.0,-14833.9694079655
23768.0,-12660.38683033995
23769.0,-13651.7612527144
23770.0,-14010.144675088965
23771.0,-15001.519097463415
23772.0,-16309.389519837865
23773.0,-15718.28494221243
23774.0,-17659.14736458688
23775.0,-15169.06878696133
23776.0,-14894.460209335895
23777.0,-11771.391631710347
23778.0,-11496.783054084795
23779.0,-9956.191476459362
23780.0,-9365.087898833812
23781.0,-9723.47132120826
23782.0,-7866.3847435828275
23783.0,-8541.263165957276
23784.0,-5101.697588331726
23785.0,-5460.081010706292
23786.0,-1071.0294330807428
23787.0,-796.4208554553079
23788.0,2643.1447221702438
23789.0,3550.7442997957914
23790.0,5407.830877421227
23791.0,7264.917455046776
23792.0,5957.047032672326
23793.0,7814.133610297762
23794.0,5873.27218792331
23795.0,8363.350765548861
23796.0,6105.993343174294
23797.0,9862.053920799844
23798.0,8870.679498425397
23799.0,11677.25307605083
23800.0,10369.383653676381
23801.0,12542.965231301932
23802.0,12184.582808927364
23803.0,11826.199386552915
23804.0,10834.824964178464
23805.0,9843.4505418039
23806.0,9168.571119429449
23807.0,6278.222697055
23808.0,6236.335274680434
23809.0,4928.465852305984
23810.0,6152.560429931535
23811.0,5161.1860075569675
23812.0,5435.794585182517
23813.0,2861.9411628080707
23814.0,4584.793003041066
23815.0,6307.644843274062
23816.0,8030.496683507057
23817.0,4502.2919384413835
23818.0,4455.540193375942
23819.0,3775.797448310268
23820.0,3412.549703244593
23821.0,1466.8239581789185
23822.0,470.5852131132442
23823.0,-1475.1405319521969
23824.0,-2471.379277017871
23825.0,-4100.610022083545
23826.0,-6046.3357671492195
23827.0,-6409.5825122148935
23828.0,-8671.804257280335
23829.0,-8718.55600234601
23830.0,-10347.786747411683
23831.0,-9128.555492477357
23832.0,-10441.290237543031
23833.0,-8905.562982608473
23834.0,-10218.297727674148
23835.0,-9632.05847273982
23836.0,-11577.784217805496
23837.0,-11941.03096287117
23838.0,-12304.27870793661
23839.0,-12034.534453002285
23840.0,-11131.799198067958
23841.0,-11495.046943133633
23842.0,-9009.833688199307
23843.0,-8423.593433264748
23844.0,-5305.388178330423
23845.0,-5035.6449233960975
23846.0,-2550.430668461772
23847.0,-2280.686413527446
23848.0,-1061.4561585931197
23849.0,-1424.7029036585618
23850.0,-205.47264872423602
23851.0,697.2626062100899
23852.0,2865.980861144417
23853.0,5351.195116078741
23854.0,8152.904371013301
23855.0,8739.143625947627
23856.0,10591.365880881953
23857.0,10228.11913581628
23858.0,10497.862390750604
23859.0,10134.615645685164
23860.0,10404.358900619489
23861.0,11623.590155553815
23862.0,10627.35141048814
23863.0,12479.573665422467
23864.0,10217.351920357025
23865.0,12702.566175291351
23866.0,9807.353430225678
23867.0,10393.592685160002
23868.0,9080.857940094327
23869.0,8084.619195028887
23870.0,7088.3804499632115
23871.0,4826.158704897538
23872.0,5412.398959831864
23873.0,2833.6812147661894
23874.0,5002.399469700747
23875.0,4006.160724635074
23876.0,5225.3919795694
23877.0,4862.144234503725
23878.0,4815.392489438051
23879.0,4768.640744372609
23880.0,3139.410999306936
23881.0,4358.641254241262
23882.0,2096.4205091755866
23883.0,4898.129764109914
23884.0,2635.908019044471
23885.0,5754.113273978797
23886.0,6023.856528913124
23887.0,6926.592783847449
23888.0,7196.336038781776
23889.0,6833.0892937163335
23890.0,7102.83254865066
23891.0,4840.610803584985
23892.0,4793.859058519311
23893.0,1898.646313453637
23894.0,2484.886568388196
23895.0,-93.83117667747865
23896.0,1125.4000782568473
23897.0,445.65733319117317
23898.0,1031.896588125499
23899.0,35.65784306005844
23900.0,-327.58990200561675
23901.0,-1323.828647071291
23902.0,-3586.0503921369645
23903.0,-4582.289137202639
23904.0,-6211.518882268081
23905.0,-7207.7576273337545
23906.0,-8520.492372399429
23907.0,-8567.244117465103
23908.0,-9246.986862530777
23909.0,-8977.243607596218
23910.0,-9656.986352661892
23911.0,-7804.764097727567
23912.0,-8168.011842793241
23913.0,-7581.771587858915
23914.0,-8578.010332924357
23915.0,-7358.780077990031
23916.0,-8038.522823055705
23917.0,-5869.804568121379
23918.0,-5600.060313187054
23919.0,-6260.948349409722
23920.0,-5251.602052431038
23921.0,-3925.7597554525855
23922.0,-2599.917458473903
23923.0,-1907.067161495219
23924.0,-581.2248645167674
23925.0,-204.86956753808226
23926.0,2070.4597294403684
23927.0,2130.3190264190525
23928.0,4722.143323397737
23929.0,4782.002620376188
23930.0,6740.835917354874
23931.0,6800.695214333326
23932.0,8443.033511312009
23933.0,7869.900808290691
23934.0,7929.7601052691425
23935.0,7040.132402247829
23936.0,6150.50469922628
23937.0,5260.876996204963
23938.0,4054.7532931836467
23939.0,4431.108590162099
23940.0,4174.471887140782
23941.0,4550.827184119467
23942.0,3661.1994810979177
23943.0,3088.067778076602
23944.0,1881.944075055053
23945.0,42.829372033736945
23946.0,-1479.7903309875783
23947.0,-3002.409034009126
23948.0,-4525.028737030443
23949.0,-4465.169440051992
23950.0,-7253.771143073307
23951.0,-6877.415846094623
23952.0,-7450.547549116172
23953.0,-5808.210252137488
23954.0,-6064.846955159036
23955.0,-5688.491658180353
23956.0,-5945.128361201668
23957.0,-7784.2430642232175
23958.0,-8990.366767244534
23959.0,-11145.976470266081
23960.0,-10453.126173287397
23961.0,-11026.257876308713
23962.0,-9700.416579330262
23963.0,-9957.052282351578
23964.0,-10530.184985372893
23965.0,-10153.829688394442
23966.0,-11359.953391415758
23967.0,-10350.607094437306
23968.0,-12506.216797458623
23969.0,-11180.375500479939
23970.0,-12702.994203501486
23971.0,-12326.638906522803
23972.0,-12899.771609544352
23973.0,-12839.912312565668
23974.0,-10248.087015586983
23975.0,-11770.706718608531
23976.0,-8545.890421629849
23977.0,-10068.509124651397
23978.0,-6527.197827672713
23979.0,-8682.808530694028
23980.0,-6090.983233715577
23981.0,-6664.115936736893
23982.0,-4388.786639758441
23983.0,-3062.944342779758
23984.0,-1737.1020458010735
23985.0,854.722251177378
23986.0,598.0865481560613
23987.0,4139.397845134747
23988.0,3566.266142113198
23989.0,7107.577439091881
23990.0,5901.454736070333
23991.0,8493.279033049017
23992.0,8869.6343300277
23993.0,10195.475627006152
23994.0,12154.309923984838
23995.0,14746.13422096329
23996.0,16388.472517941973
23997.0,16448.331814920657
23998.0,18090.669111899108
23999.0,17517.537408877793
24000.0,17260.900705856242
24001.0,16687.769002834928
24002.0,16431.132299813613
24003.0,17756.974596792064
24004.0,17183.841893770747
24005.0,17243.70119074943
24006.0,17303.560487727882
24007.0,17046.924784706567
24008.0,16790.28808168502
24009.0,15267.6683786637
24010.0,15327.527675642385
24011.0,12538.925972620837
24012.0,12598.78526959952
24013.0,9810.183566577973
24014.0,10186.538863556656
24015.0,7397.937160535341
24016.0,8723.778457513792
24017.0,8150.646754492476
24018.0,7894.010051470928
24019.0,8270.365348449612
24020.0,6431.250645428296
24021.0,7124.100942406747
24022.0,4968.490239385432
24023.0,4711.854536363882
24024.0,2556.243833342567
24025.0,2299.607130321252
24026.0,143.9964272997022
24027.0,1153.3427242783864
24028.0,896.7070212570707
24029.0,1589.557318235522
24030.0,699.929615214206
24031.0,-822.6890878073427
24032.0,-2661.8037908286583
24033.0,-5133.910493849974
24034.0,-6656.529196871523
24035.0,-8179.148899892838
24036.0,-8435.784602914388
24037.0,-8692.421305935703
24038.0,-9265.554008957019
24039.0,-10155.181711978566
24040.0,-11677.800414999883
24041.0,-12250.932118021432
24042.0,-13140.559821042749
24043.0,-13080.700524064065
24044.0,-13970.329227085613
24045.0,-14859.956930106928
24046.0,-14800.097633128476
24047.0,-16322.716336149793
24048.0,-14680.379039171108
24049.0,-15279.682357749141
24050.0,-15878.985676327175
24051.0,-16478.288994905208
24052.0,-17077.59231348324
24053.0,-17676.895632061274
24054.0,-16042.768783502663
24055.0,-14092.146934943818
24056.0,-14356.995086385205
24057.0,-10507.399237826594
24058.0,-11088.742389267749
24059.0,-7555.6425407091365
24060.0,-8453.48169215029
24061.0,-3970.893843591679
24062.0,-2969.7589950330675
24063.0,-69.6501464742214
24064.0,931.4847020843899
24065.0,1932.619550643236
24066.0,3883.2413992018483
24067.0,2035.9152477604603
24068.0,4936.024096319306
24069.0,4671.176944877916
24070.0,8520.772793436761
24071.0,8255.924641995374
24072.0,11472.529490553985
24073.0,10574.690339112833
24074.0,10942.834187671444
24075.0,11310.977036230288
24076.0,11046.129884788901
24077.0,12680.255733347512
24078.0,11465.920581906357
24079.0,13100.047430464969
24080.0,11569.216279023814
24081.0,12253.856127582429
24082.0,10723.02497614127
24083.0,12357.151824699886
24084.0,12725.295673258497
24085.0,14042.925521817342
24086.0,13461.582370375952
24087.0,12563.7432189348
24088.0,10399.921067493411
24089.0,7286.611916052025
24090.0,6072.27676461087
24091.0,4857.942613169482
24092.0,4593.094461728326
24093.0,4328.246310286937
24094.0,4696.39015884555
24095.0,3798.551007404394
24096.0,2267.719855963007
24097.0,103.89870452185096
24098.0,-1426.9324469195362
24099.0,-2957.762598360923
24100.0,-4805.088749802079
24101.0,-6335.9199012434665
24102.0,-6917.2630526846215
24103.0,-7815.102204126009
24104.0,-7763.454355567164
24105.0,-8028.302507008553
24106.0,-8609.645658449941
24107.0,-9190.989809891096
24108.0,-10088.828961332483
24109.0,-11303.163112773638
24110.0,-11884.507264215026
24111.0,-12149.354415656413
24112.0,-12097.706567097568
24113.0,-11413.067718538956
24114.0,-11677.915869980112
24115.0,-9727.2940214215
24116.0,-9359.150172862888
24117.0,-6775.536324304043
24118.0,-6090.89747574543
24119.0,-4140.275627186586
24120.0,-5038.1147786279735
24121.0,-4353.475930069361
24122.0,-4301.828081510516
24123.0,-3933.684232951904
24124.0,-1666.566384393058
24125.0,-32.440535834446564
24126.0,3817.155312724166
24127.0,5451.28216128301
24128.0,8667.887009841623
24129.0,8403.038858400469
24130.0,9087.677706959079
24131.0,7556.847555517925
24132.0,8241.486404076539
24133.0,7976.639252635148
24134.0,8028.287101193993
24135.0,7763.438949752606
24136.0,8131.5827983114505
24137.0,8183.230646870063
24138.0,8234.878495428675
24139.0,7970.030343987521
24140.0,8338.174192546132
24141.0,7123.839041104979
24142.0,6542.495889663591
24143.0,4378.673738222202
24144.0,2847.8425867810474
24145.0,1317.0124353396586
24146.0,102.67728389850527
24147.0,1420.3081324571158
24148.0,522.4689810157288
24149.0,2156.594829574573
24150.0,1575.2516781331851
24151.0,2259.89052669203
24152.0,412.56437525064393
24153.0,780.7082238092553
24154.0,199.3650723681003
24155.0,251.01292092671247
24156.0,-13.835230514441719
24157.0,670.8036180441704
24158.0,2621.425466603014
24159.0,2989.569315161627
24160.0,3674.208163720239
24161.0,4042.3520122790833
24162.0,4410.4958608376965
24163.0,3196.1607093965413
24164.0,3247.8085579551534
24165.0,1716.9784065137646
24166.0,2085.1212550726104
24167.0,554.2911036312235
24168.0,605.9389521900684
24169.0,24.594800748679518
24170.0,392.7386493072918
24171.0,127.89049786613668
24172.0,179.53834642474885
24173.0,-718.3008050164062
24174.0,-2249.130956457794
24175.0,-3779.9611078991816
24176.0,-5943.783259340336
24177.0,-7474.6144107817245
24178.0,-8372.45356222288
24179.0,-7371.318713664267
24180.0,-6686.678865105655
24181.0,-6002.04001654681
24182.0,-5317.401167988198
24183.0,-4949.257319429353
24184.0,-4897.609470870741
24185.0,-5162.457622311896
24186.0,-4794.313773753283
24187.0,-4742.665925194671
24188.0,-4058.0270766358262
24189.0,-3689.8832280772144
24190.0,-2688.7483795183693
24191.0,-421.6305309597574
24192.0,-2048.5077591949976
24193.0,-3675.3849874302377
24194.0,-5302.262215665478
24195.0,-2671.65276732647
24196.0,-1940.0163189879277
24197.0,-1524.8768706489209
24198.0,-1742.7274223103777
24199.0,-694.595973971369
24200.0,670.0304743671732
24201.0,2034.6579227061811
24202.0,3082.7893710447206
24203.0,4763.912819383728
24204.0,5495.548267722272
24205.0,7176.670716061279
24206.0,7275.315164399821
24207.0,8323.44761273883
24208.0,8105.596061077373
24209.0,8520.73650941638
24210.0,8302.884957754923
24211.0,7452.0424060939295
24212.0,8183.67785443247
24213.0,8282.322302771478
24214.0,9330.45375111002
24215.0,8479.611199449027
24216.0,7945.264647787571
24217.0,7094.422096126578
24218.0,5294.092544465122
24219.0,4443.249992804129
24220.0,3908.9024411426726
24221.0,3374.5558894816786
24222.0,3789.6953378202197
24223.0,1989.3657861592292
24224.0,3986.9842344977696
24225.0,1237.167682836778
24226.0,2601.7951311753204
24227.0,1434.456579514328
24228.0,900.1100278528702
24229.0,-267.2285238081222
24230.0,-2700.54907546958
24231.0,-3551.3916271305716
24232.0,-7567.19117879203
24233.0,-5569.572730453021
24234.0,-8002.89428211448
24235.0,-5372.283833775471
24236.0,-6223.12638543693
24237.0,-6757.473937097922
24238.0,-6658.82948875938
24239.0,-10358.133040420373
24240.0,-10892.47959208183
24241.0,-14591.783143742821
24242.0,-12910.66069540428
24243.0,-15976.973247065273
24244.0,-15878.32879872673
24245.0,-16729.17135038772
24246.0,-16630.52690204918
24247.0,-14949.403453710172
24248.0,-16116.74200537163
24249.0,-12536.645557033087
24250.0,-15602.95810869408
24251.0,-11706.364660355539
24252.0,-15089.17321201653
24253.0,-13091.554763677988
24254.0,-14891.88431533898
24255.0,-11944.778867000437
24256.0,-10580.151418661431
24257.0,-9532.019970322888
24258.0,-6584.91452198388
24259.0,-6486.270073645338
24260.0,-3222.668625306331
24261.0,-5022.998176967789
24262.0,-1759.3967286287807
24263.0,-2926.7352802902387
24264.0,20.37016804876839
24265.0,-830.4723836126886
24266.0,2116.6330647263185
24267.0,3164.7645130648616
24268.0,4845.887961403869
24269.0,6210.515409742413
24270.0,7258.646858081418
24271.0,8939.769306419963
24272.0,9354.90975475897
24273.0,9453.554203097512
24274.0,9868.694651436519
24275.0,9334.347099775063
24276.0,9432.99154811407
24277.0,9848.131996452612
24278.0,10579.767444791618
24279.0,11627.898893130161
24280.0,12043.039341469168
24281.0,12458.17978980771
24282.0,11607.33723814672
24283.0,11389.485686485259
24284.0,9272.66013482427
24285.0,9371.304583162811
24286.0,7254.479031501818
24287.0,8302.610479840361
24288.0,8084.75992817937
24289.0,10082.37837651791
24290.0,9548.03082485692
24291.0,10912.658273195462
24292.0,9745.31972153447
24293.0,10160.460169873011
24294.0,8676.62661821202
24295.0,8142.27906655056
24296.0,7291.436514889569
24297.0,6440.59396322811
24298.0,6539.2384115671175
24299.0,4738.9088599056595
24300.0,6420.031308244668
24301.0,4303.206756583209
24302.0,6300.825204922217
24303.0,4183.99965326076
24304.0,4915.635101599768
24305.0,3115.30554993831
24306.0,681.9849982773176
24307.0,-1751.3365533841397
24308.0,-3551.6661050451326
24309.0,-4402.50865670659
24310.0,-5886.342208367582
24311.0,-5787.69776002904
24312.0,-6322.045311690033
24313.0,-6223.40086335149
24314.0,-6757.747415012483
24315.0,-8558.07696667394
24316.0,-8459.432518334932
24317.0,-10576.258069996391
24318.0,-11110.604621657381
24319.0,-10695.46517331884
24320.0,-10596.820724979832
24321.0,-8599.20227664129
24322.0,-8184.061828302283
24323.0,-11931.854779853791
24324.0,-12541.07713297595
24325.0,-9985.34348609811
24326.0,-10278.069839220152
24327.0,-9304.814192342312
24328.0,-8331.55854546447
24329.0,-7358.3028985866285
24330.0,-3220.090251708787
24331.0,-4462.304604830831
24332.0,-1273.57895795299
24333.0,-1249.810311075149
24334.0,2888.4023358026934
24335.0,3228.6669826805337
24336.0,6100.8966295584905
24337.0,6441.160276436334
24338.0,5831.9379233141735
24339.0,5539.210570192015
24340.0,3664.0052170698564
24341.0,5903.243863947813
24342.0,4661.029510825654
24343.0,8799.242157703495
24344.0,8823.010804581336
24345.0,12011.736451459295
24346.0,10453.027098337134
24347.0,12059.273745214978
24348.0,9867.572392092818
24349.0,9891.341038970659
24350.0,9598.614685848617
24351.0,10888.365332726458
24352.0,11228.629979604299
24353.0,11252.39862648214
24354.0,12225.654273359982
24355.0,12249.42292023794
24356.0,12906.182567115779
24357.0,12613.45621399362
24358.0,12320.728860871463
24359.0,12028.001507749417
24360.0,11418.77915462726
24361.0,9227.0778015051
24362.0,8617.855448382943
24363.0,6742.650095260782
24364.0,6449.92274213874
24365.0,5207.708389016581
24366.0,5547.973035894423
24367.0,3672.7676827722644
24368.0,3380.0403296501045
24369.0,-77.64302347193734
24370.0,-1636.3533765940956
24371.0,-4461.045729716256
24372.0,-6336.251082838414
24373.0,-8211.456435960574
24374.0,-10086.661789082616
24375.0,-11328.876142204774
24376.0,-12254.594495326934
24377.0,-12547.321848449092
24378.0,-13789.536201571134
24379.0,-14082.262554693294
24380.0,-15640.972907815452
24381.0,-16883.18626093761
24382.0,-19074.88761405977
24383.0,-20000.605967181815
24384.0,-20293.333320303973
24385.0,-19953.068673426133
24386.0,-19296.30902654829
24387.0,-18323.053379670448
24388.0,-16400.31073279249
24389.0,-16376.54208591465
24390.0,-14770.29443903681
24391.0,-14430.030792158967
24392.0,-13140.279145281127
24393.0,-11850.52749840317
24394.0,-11193.767851525328
24395.0,-10220.512204647486
24396.0,-8930.760557769647
24397.0,-6058.530910891688
24398.0,-5085.275264013847
24399.0,-2529.5406171360064
24400.0,-606.7979702581652
24401.0,1315.944676619676
24402.0,3238.6873234976338
24403.0,4211.942970375474
24404.0,5185.198617253316
24405.0,4892.472264131156
24406.0,5232.735911008998
24407.0,5256.504557886956
24408.0,4963.778204764796
24409.0,6886.520851642639
24410.0,7226.784498520479
24411.0,9782.519145398437
24412.0,8223.808792276279
24413.0,8880.569439154118
24414.0,8271.346086031961
24415.0,6712.636732909801
24416.0,6103.414379787759
24417.0,4228.208026665599
24418.0,5201.46467354344
24419.0,3642.7543204212816
24420.0,4299.513967299123
24421.0,4323.28261417708
24422.0,4980.0432610549215
24423.0,5320.307907932762
24424.0,4711.084554810603
24425.0,6000.836201688444
24426.0,5075.117848566402
24427.0,5731.877495444243
24428.0,6388.638142322085
24429.0,5779.4147891999255
24430.0,5075.433559709316
24431.0,4532.9159626565015
24432.0,7788.346365603222
24433.0,5346.853768549947
24434.0,8285.789171496668
24435.0,6477.287574443388
24436.0,6567.7609773901095
24437.0,5075.756380336832
24438.0,4216.742783283555
24439.0,5573.199186230275
24440.0,2498.715589176998
24441.0,4804.658992124187
24442.0,1730.1753950709062
24443.0,5302.100798017629
24444.0,1278.1302009643496
24445.0,2951.0826039110725
24446.0,-439.89699314220707
24447.0,-1298.9105901954845
24448.0,-5639.376187248763
24449.0,-7447.876784302041
24450.0,-8306.891381355319
24451.0,-10115.391978408597
24452.0,-7176.4565754614105
24453.0,-8035.471172514688
24454.0,-6362.518769567966
24455.0,-8171.019366621245
24456.0,-8080.545963674524
24457.0,-10205.542560727801
24458.0,-11064.556157781079
24459.0,-10974.082754834357
24460.0,-10250.618351887635
24461.0,-10160.144948940913
24462.0,-10069.671545993726
24463.0,-10295.693143047005
24464.0,-8306.245740100283
24465.0,-6949.790337153561
24466.0,-4960.34193420684
24467.0,-3603.8865312601183
24468.0,-981.4471283133953
24469.0,-890.9737253666735
24470.0,-1116.9963224199528
24471.0,-1026.522919473231
24472.0,-619.5535165265082
24473.0,420.40688642067835
24474.0,1776.8632893674003
24475.0,4399.301692314122
24476.0,4173.279095260843
24477.0,6162.727498207565
24478.0,4987.217901154287
24479.0,6027.178304101009
24480.0,5168.16470704773
24481.0,6208.125109994453
24482.0,5665.6065129411745
24483.0,7022.062915888362
24484.0,6479.545318835084
24485.0,7519.505721781805
24486.0,6976.988124728527
24487.0,7067.461527675248
24488.0,7157.93493062197
24489.0,6931.912333568693
24490.0,6705.8897365154135
24491.0,5213.885139462136
24492.0,5620.853542408857
24493.0,4445.344945356044
24494.0,5801.800348302766
24495.0,4626.291751249488
24496.0,4716.76515419621
24497.0,5756.725557142932
24498.0,4581.215960089654
24499.0,5304.680363036376
24500.0,2546.692765983098
24501.0,3270.158168929818
24502.0,2094.6485718765416
24503.0,919.1389748232623
24504.0,-572.8656222295504
24505.0,-1748.3752192828279
24506.0,-391.91881633610683
24507.0,-2833.411413389385
24508.0,-527.4680104426634
24509.0,-2335.9686074959413
24510.0,-663.0172045492191
24511.0,-2471.517801602498
24512.0,-3014.035398655776
24513.0,-4506.040995709054
24514.0,-7580.523592761867
24515.0,-7173.555189815144
24516.0,-8982.055786868423
24517.0,-6992.608383921701
24518.0,-8801.10898097498
24519.0,-6178.669578028258
24520.0,-6404.692175081536
24521.0,-5681.227772134815
24522.0,-4641.267369188093
24523.0,-5183.784966241371
24524.0,-2561.346563294649
24525.0,-5002.838160347462
24526.0,-1430.9127574007398
24527.0,-2922.917354454018
24528.0,-300.47795150729644
24529.0,-842.9965485605749
24530.0,1779.4428543861468
24531.0,3768.8902573328687
24532.0,4808.8506602795915
24533.0,6481.802063226312
24534.0,6255.780466173033
24535.0,8878.218869120221
24536.0,7439.99124000306
24537.0,6001.763610885899
24538.0,4563.535981768738
24539.0,3125.3083526515766
24540.0,3758.670518031842
24541.0,5658.015683412106
24542.0,5658.38684879237
24543.0,5975.254014172633
24544.0,6608.616179552899
24545.0,6608.987344933163
24546.0,7558.845510313426
24547.0,7559.2166756936895
24548.0,8825.570841073953
24549.0,9142.438006454217
24550.0,9459.304171834483
24551.0,10092.667337214745
24552.0,11675.516502595008
24553.0,12308.879667975276
24554.0,12309.25083335554
24555.0,11676.629998735802
24556.0,10727.514164116068
24557.0,9145.40732949633
24558.0,8196.291494876596
24559.0,7247.17566025686
24560.0,8197.033825637125
24561.0,9146.891991017386
24562.0,10096.750156397651
24563.0,10097.121321777915
24564.0,10413.987487158178
24565.0,9781.367652538445
24566.0,8832.251817918708
24567.0,7883.135983298971
24568.0,6301.0281486792355
24569.0,5668.408314059501
24570.0,3769.805479439765
24571.0,3453.6806448200277
24572.0,1871.5738102002942
24573.0,2188.4409755805573
24574.0,922.829140960821
24575.0,1239.6953063410856
24576.0,-658.9075282786507
24577.0,-1608.0233628983879
24578.0,-4139.6171975181205
24579.0,-6671.212032137858
24580.0,-8886.309866757594
24581.0,-11734.40070137733
24582.0,-12683.516535997065
24583.0,-15531.606370616802
24584.0,-16164.226205236537
24585.0,-18695.821039856273
24586.0,-19328.440874476008
24587.0,-21227.043709095746
24588.0,-22492.655543715482
24589.0,-23125.275378335216
24590.0,-24390.887212954953
24591.0,-25023.507047574687
24592.0,-26289.118882194423
24593.0,-25339.260716814162
24594.0,-24705.898551433897
24595.0,-23756.04038605363
24596.0,-23439.17322067337
24597.0,-22172.819055293105
24598.0,-20906.46588991284
24599.0,-21222.589724532576
24600.0,-20272.73155915231
24601.0,-19006.377393772047
24602.0,-16474.041228391783
24603.0,-13941.704063011519
24604.0,-11092.871897631254
24605.0,-9193.52673225099
24606.0,-7294.181566870727
24607.0,-5711.332401490463
24608.0,-5077.969236110199
24609.0,-3811.615070729935
24610.0,-3811.243905349669
24611.0,-2544.8907399694053
24612.0,-2544.5195745891415
24613.0,-1911.1564092088774
24614.0,-1277.7942438286136
24615.0,305.0549215516494
24616.0,2204.4010869319154
24617.0,3787.2502523121802
24618.0,5686.595417692444
24619.0,6636.453583072709
24620.0,7269.816748452971
24621.0,6953.691913833236
24622.0,6637.567079213501
24623.0,6637.938244593766
24624.0,6321.813409974027
24625.0,6638.680575354294
24626.0,8221.530740734557
24627.0,10120.87590611482
24628.0,11070.734071495084
24629.0,12970.079236875348
24630.0,13919.937402255613
24631.0,14869.795567635878
24632.0,15186.662733016141
24633.0,14554.041898396406
24634.0,13921.422063776668
24635.0,12972.306229156933
24636.0,12972.677394537197
24637.0,11707.06555991746
24638.0,11707.436725297724
24639.0,10441.824890677988
24640.0,10758.692056058255
24641.0,8860.089221438517
24642.0,7277.982386818783
24643.0,5379.3785521990485
24644.0,4113.767717579312
24645.0,2848.1558829595742
24646.0,1266.0480483398387
24647.0,633.4282137201026
24648.0,-1898.165620899632
24649.0,-2530.7864555193682
24650.0,-38.508976547032944
24651.0,-1033.4998555202246
24652.0,-2344.985734493416
24653.0,-3656.4726134668404
24654.0,-4651.4634924400325
24655.0,-5962.950371413223
24656.0,-6324.950250386415
24657.0,-6370.454129359607
24658.0,-6732.453008332798
24659.0,-5828.46988730599
24660.0,-4924.486766279182
24661.0,-2754.5206452526063
24662.0,-3116.520524225797
24663.0,-2212.5374031989895
24664.0,-3524.024282172181
24665.0,-4202.519161145372
24666.0,-4564.519040118565
24667.0,-4926.518919091755
24668.0,-2123.5607980651803
24669.0,-1536.073677038372
24670.0,2216.370443988437
24671.0,2803.8585650152454
24672.0,4973.823686042053
24673.0,4295.328807068861
24674.0,4882.81592809567
24675.0,5153.808049122246
24676.0,4475.313170149055
24677.0,6012.287291175862
24678.0,5650.2874122026715
24679.0,6554.271533229479
24680.0,4926.288654256288
24681.0,4880.784775283097
24682.0,6417.759896309904
24683.0,5106.27301733648
24684.0,6643.247138363289
24685.0,5015.265259390097
24686.0,5602.752380416905
24687.0,3341.778501443714
24688.0,2346.7876224705215
24689.0,1984.7887434973309
24690.0,673.3018645239063
24691.0,1893.7809855507148
24692.0,-50.69689342247693
24693.0,2752.260227604331
24694.0,-141.70465136886014
24695.0,2028.2604696579474
24696.0,-232.71240931524335
24697.0,-278.2162882886678
24698.0,-640.2161672618586
24699.0,-1002.2160462350512
24700.0,1484.2460747917576
24701.0,172.7591958185658
24702.0,3925.2033168453745
24703.0,3563.203437872182
24704.0,5733.169558898759
24705.0,4738.178679925566
24706.0,5325.666800952375
24707.0,5913.153921979183
24708.0,3968.6760430059912
24709.0,5189.1551640328
24710.0,3244.676285059608
24711.0,5098.147406086417
24712.0,3153.668527112992
24713.0,3741.1566481398004
24714.0,4012.1477691666096
24715.0,3650.148890193417
24716.0,4554.132011220227
24717.0,1976.6621322470346
24718.0,3513.6372532738424
24719.0,-646.3106256995816
24720.0,-375.318504672774
24721.0,-4535.266383645965
24722.0,-4897.266262619157
24723.0,-7791.231141592349
24724.0,-7203.74402056554
24725.0,-6932.751899538731
24726.0,-7611.2477785121555
24727.0,-5757.776657485348
24728.0,-7069.2635364585385
24729.0,-6798.271415431731
24730.0,-9375.741294404923
24731.0,-9104.749173378113
24732.0,-9783.245052351305
24733.0,-9195.756931324497
24734.0,-9557.756810297922
24735.0,-8020.782689271113
24736.0,-7116.798568244305
24737.0,-6529.311447217496
24738.0,-5625.328326190688
24739.0,-4404.84920516388
24740.0,-3817.362084137071
24741.0,-1963.8919631104945
24742.0,-2009.3958420836861
24743.0,-1421.9077210568794
24744.0,-834.420600030071
24745.0,386.05852099673757
24746.0,1606.536642023546
24747.0,3143.5117630503555
24748.0,4363.990884076931
24749.0,5900.965005103739
24750.0,6488.452126130549
24751.0,6126.453247157355
24752.0,6397.444368184166
24753.0,5402.453489210973
24754.0,7255.92361023778
24755.0,6893.924731264589
24756.0,4761.908952754518
24757.0,5493.107252427984
24758.0,9072.767552101915
24759.0,8854.478851775377
24760.0,10218.669151448841
24761.0,10000.380451122306
24762.0,9465.596750796238
24763.0,8930.8120504697
24764.0,7130.045350143166
24765.0,7544.748649816629
24766.0,6376.972949490559
24767.0,7424.667249164024
24768.0,8155.865548837486
24769.0,9520.05584851095
24770.0,11200.74214818488
24771.0,10665.957447858345
24772.0,10447.66974753181
24773.0,7380.920047205738
24774.0,5896.648346879203
24775.0,3146.394646552668
24776.0,396.14094622613084
24777.0,810.8442459000617
24778.0,-2255.9054544264745
24779.0,-258.7241547530102
24780.0,-3641.9698550795474
24781.0,-1644.7885554056174
24782.0,-5977.520255732152
24783.0,-3980.3389560586893
24784.0,-7680.079656385225
24785.0,-7898.368356711295
24786.0,-10965.118057037831
24787.0,-12132.893757364367
24788.0,-13617.164457690436
24789.0,-16367.418158016972
24790.0,-15952.714858343508
24791.0,-17436.986558670043
24792.0,-14490.318258996114
24793.0,-17557.06795932265
24794.0,-14926.894659649186
24795.0,-17360.65335997572
24796.0,-15046.976060301791
24797.0,-18113.725760628327
24798.0,-14850.561460954863
24799.0,-15068.8491612814
24800.0,-12438.67686160747
24801.0,-12023.973561934006
24802.0,-9393.801262260542
24803.0,-8662.601962587078
24804.0,-8247.899662913147
24805.0,-7516.700363239684
24806.0,-8051.485063566219
24807.0,-7320.28576389229
24808.0,-8171.565464218826
24809.0,-6490.880164545361
24810.0,-6392.672864871897
24811.0,-3762.5005651979673
24812.0,-3347.797265524503
24813.0,-401.12896585103954
24814.0,-935.9126661775754
24815.0,428.2776334963546
24816.0,-1055.9940668301806
24817.0,-641.2907671567173
24818.0,-1809.0664674832515
24819.0,-761.3721678093225
24820.0,-979.6598681358591
24821.0,701.025431537606
24822.0,482.7367312115348
24823.0,1846.927030884999
24824.0,3527.6123305584642
24825.0,5524.794630231929
24826.0,7205.479929905858
24827.0,7936.678229579324
24828.0,9300.868529252788
24829.0,7500.10182892625
24830.0,7598.30912860018
24831.0,6114.038428273645
24832.0,8111.2197279471075
24833.0,8525.922027620574
24834.0,11472.591327294504
24835.0,12203.789626967966
24836.0,14517.466926641431
24837.0,14615.674226315361
24838.0,14713.881525988825
24839.0,14812.08882566229
24840.0,14277.304125335751
24841.0,14692.007425009684
24842.0,13840.727724683147
24843.0,12989.44802435661
24844.0,12454.664324030076
24845.0,11919.879623704004
24846.0,12018.086923377468
24847.0,11799.799223050934
24848.0,11898.006522724398
24849.0,11679.717822398328
24850.0,10195.446122071793
24851.0,9027.671421745257
24852.0,6277.41672141872
24853.0,5109.64202109265
24854.0,2675.8833207661137
24855.0,2141.099620439578
24856.0,340.3329201135075
24857.0,-510.94678021302843
24858.0,-1678.7224805395645
24859.0,-3795.9851808661
24860.0,-5280.25588119217
24861.0,-6448.031581518706
24862.0,-7615.807281845242
24863.0,-8467.086982171777
24864.0,-9318.366682497848
24865.0,-8587.167382824384
24866.0,-10387.935083150918
24867.0,-8074.257783477455
24868.0,-8925.537483803526
24869.0,-7561.347184130062
24870.0,-8096.130884456597
24871.0,-7364.932584782668
24872.0,-6633.7342851092035
24873.0,-7485.0139854357385
24874.0,-5487.832685762275
24875.0,-6022.616386088345
24876.0,-9186.621233423177
24877.0,-8122.318330033163
24878.0,-7058.015426643149
24879.0,-5993.712523253136
24880.0,-4929.409619863122
24881.0,-3865.1067164731085
24882.0,-2800.8038130830946
24883.0,-1736.5009096930808
24884.0,-1712.1124348745288
24885.0,-2320.715960055977
24886.0,-1979.831485237426
24887.0,-56.469010418757534
24888.0,-32.08053560020562
24889.0,2524.2739392183466
24890.0,2865.1574140368994
24891.0,5738.006888855569
24892.0,4179.91736367412
24893.0,6103.279838492672
24894.0,4861.685313311224
24895.0,6152.056788129776
24896.0,5226.958262948443
24897.0,6517.329737766995
24898.0,5592.231212585546
24899.0,7199.097687404101
24900.0,8172.973162222766
24901.0,10729.327637041319
24902.0,11703.203111859872
24903.0,12677.078586678424
24904.0,13334.458061497091
24905.0,14308.333536315644
24906.0,13383.235011134195
24907.0,12774.632485952749
24908.0,13115.516960771416
24909.0,11873.922435589968
24910.0,12214.805910408519
24911.0,10023.72538522707
24912.0,10681.10486004574
24913.0,8806.51933486429
24914.0,8197.916809682843
24915.0,5057.348284501397
24916.0,3815.7537593199468
24917.0,42.194234138614775
24918.0,-1832.3912910428335
24919.0,-3706.977816224281
24920.0,-4315.580341405729
24921.0,-5557.174866587061
24922.0,-6798.768391768509
24923.0,-8989.849916949957
24924.0,-11180.931442131405
24925.0,-12739.020967312736
24926.0,-14613.607492494184
24927.0,-14905.714017675633
24928.0,-15830.812542857082
24929.0,-15173.433068038412
24930.0,-15782.035593219862
24931.0,-16074.143118401309
24932.0,-16049.754643582757
24933.0,-15075.879168764088
24934.0,-13785.507693945536
24935.0,-12495.136219126984
24936.0,-11837.756744308432
24937.0,-11496.87226948988
24938.0,-11788.979794671211
24939.0,-11764.59131985266
24940.0,-12056.698845034109
24941.0,-10449.831370215557
24942.0,-8526.468895396889
24943.0,-5970.115420578336
24944.0,-4679.743945759785
24945.0,-2439.8854709412317
24946.0,-2099.000996122564
24947.0,-1758.1175213040115
24948.0,-2050.2240464854603
24949.0,-2025.8355716669084
24950.0,-1368.4560968482401
24951.0,-1344.0676220296882
24952.0,-1003.1831472111371
24953.0,603.6833276074158
24954.0,944.5678024260833
24955.0,1918.4432772446362
24956.0,2259.326752063187
24957.0,2283.715226881739
24958.0,2941.095701700291
24959.0,2015.9971765189603
24960.0,2356.880651337511
24961.0,165.80012615606393
24962.0,1456.1706009746158
24963.0,847.5680757932842
24964.0,1821.4435506118352
24965.0,1212.8410254303872
24966.0,1870.220500248939
24967.0,3160.5919750676076
24968.0,1918.9974498861593
24969.0,3842.3599247047114
24970.0,2600.765399523263
24971.0,5473.615874341933
24972.0,2649.5423491604834
24973.0,5522.392823979037
24974.0,4280.798298797588
24975.0,7470.143773616255
24976.0,8127.523248434809
24977.0,10367.381723253358
24978.0,11657.75319807191
24979.0,10732.654672890465
24980.0,11390.034147709132
24981.0,6704.286528792392
24982.0,9583.657078747554
24983.0,7082.6016287026
24984.0,10278.46817865776
24985.0,8410.403728612924
24986.0,10023.79127856797
24987.0,8155.726828523133
24988.0,9452.619378478179
24989.0,8217.545928433341
24990.0,6665.976478388504
24991.0,6063.895028343548
24992.0,3879.3345782987108
24993.0,2960.7571282537556
24994.0,-489.7853217910815
24995.0,-1091.8677718359195
24996.0,-2643.436221880873
24997.0,-2929.0226719257116
24998.0,-4480.591121970666
24999.0,-4133.186572015504
25000.0,-4735.2680220603415
25001.0,-5337.349472105296
25002.0,-6888.918922150133
25003.0,-7807.496372194972
25004.0,-8726.073822239925
25005.0,-9961.147272284763
25006.0,-10879.724722329716
25007.0,-11165.310172374555
25008.0,-11134.400622419393
25009.0,-10470.500072464347
25010.0,-9806.599522509185
25011.0,-10092.18497255414
25012.0,-10694.267422598976
25013.0,-10979.852872643814
25014.0,-11265.439322688768
25015.0,-11867.520772733606
25016.0,-11520.11622277856
25017.0,-10856.214672823398
25018.0,-9559.323122868236
25019.0,-8895.42157291319
25020.0,-7915.025022958029
25021.0,-6934.628473002982
25022.0,-5637.7359230478205
25023.0,-5923.3223730926575
25024.0,-5259.421823137612
25025.0,-4912.01627318245
25026.0,-4881.1067232274045
25027.0,-3900.710173272242
25028.0,-4186.29662331708
25029.0,-1306.9250733620338
25030.0,-10.033523406871609
25031.0,2869.3370265481735
25032.0,3216.7425765033367
25033.0,5463.122126458498
25034.0,6443.518676413545
25035.0,7107.419226368707
25036.0,8087.815776323754
25037.0,7485.7343262789145
25038.0,9099.121876234076
25039.0,8180.544426189124
25040.0,8844.445976144285
25041.0,8875.35552609933
25042.0,10488.743076054492
25043.0,11469.139626009655
25044.0,12449.536175964702
25045.0,12480.445725919864
25046.0,11561.86827587491
25047.0,10326.795825830071
25048.0,8458.730375785235
25049.0,5957.674925740279
25050.0,5988.584475695441
25051.0,4120.520025650487
25052.0,5417.412575605649
25053.0,2599.860125560812
25054.0,2314.274675515857
25055.0,1395.69722547102
25056.0,-1105.3592245738182
25057.0,-1390.9456746187725
25058.0,-4208.49712466361
25059.0,-4946.219860422783
25060.0,-5683.942596181956
25061.0,-6421.66533194113
25062.0,-7159.3880677003035
25063.0,-7897.110803459476
25064.0,-8634.83353921865
25065.0,-9372.556274977824
25066.0,-10291.13372502266
25067.0,-9943.729175067616
25068.0,-10229.314625112453
25069.0,-11464.388075157407
25070.0,-10800.487525202245
25071.0,-11086.072975247083
25072.0,-8206.702425292038
25073.0,-8175.792875336875
25074.0,-4979.92632538183
25075.0,-5582.008775426668
25076.0,-1753.1512254715053
25077.0,-2038.7366755164594
25078.0,-108.85312556129611
25079.0,-1027.4305756062513
25080.0,585.9569743489119
25081.0,-965.6114756959269
25082.0,-301.71092574088107
25083.0,-903.7923757857188
25084.0,1026.0911741693271
25085.0,2006.4877241244885
25086.0,3619.8752740796517
25087.0,5233.263824034697
25088.0,5264.173373989859
25089.0,4978.586923944906
25090.0,3110.522473900068
25091.0,3774.42302385523
25092.0,2855.845573810275
25093.0,4469.234123765438
25094.0,3867.151673720484
25095.0,6113.531223675645
25096.0,5511.449773630808
25097.0,7757.829323585855
25098.0,8105.233873541016
25099.0,9718.622423496061
25100.0,10699.018973451224
25101.0,11362.919523406388
25102.0,11077.333073361431
25103.0,11108.242623316593
25104.0,11139.15217327164
25105.0,11803.053723226803
25106.0,13099.946273181966
25107.0,13763.84682313701
25108.0,14744.243373092173
25109.0,15091.648923047334
25110.0,15439.05347300238
25111.0,14836.972022957543
25112.0,14551.38557291259
25113.0,15215.28712286775
25114.0,14296.709672822912
25115.0,14644.11422277796
25116.0,13409.041772733122
25117.0,13123.455322688165
25118.0,12204.87787264333
25119.0,11919.291422598493
25120.0,11000.713972553538
25121.0,10082.1365225087
25122.0,8530.568072463746
25123.0,6346.007622418907
25124.0,4794.43817237407
25125.0,2926.3737223291155
25126.0,2640.788272284277
25127.0,772.7228222393232
25128.0,487.1373721944856
25129.0,-1064.4320778503525
25130.0,-1983.0095278953058
25131.0,-4167.569977940144
25132.0,-6352.129427985098
25133.0,-8536.689878029936
25134.0,-10721.250328074773
25135.0,-11323.33177811973
25136.0,-12874.901228164566
25137.0,-13476.982678209519
25138.0,-13762.569128254358
25139.0,-14364.650578299195
25140.0,-13700.75002834415
25141.0,-14619.327478388988
25142.0,-13955.425928433942
25143.0,-13608.02137847878
25144.0,-13577.111828523617
25145.0,-12913.210278568571
25146.0,-13198.796728613408
25147.0,-11268.913178658364
25148.0,-13453.473628703201
25149.0,-10890.59807874804
25150.0,-11809.175528792992
25151.0,-14739.264943484213
25152.0,-14723.008370052263
25153.0,-11541.795796620314
25154.0,-10892.547223188363
25155.0,-9926.803649756412
25156.0,-9277.556076324461
25157.0,-10210.786502892512
25158.0,-8295.55592946056
25159.0,-9861.77735602861
25160.0,-6364.068782596718
25161.0,-6664.307209164767
25162.0,-4116.085635732816
25163.0,-4416.324062300866
25164.0,-2817.5894888689163
25165.0,-1851.8459154369648
25166.0,-1202.5983420050143
25167.0,1029.1282314269356
25168.0,1678.3768048588863
25169.0,3910.102378290838
25170.0,3609.8639517227894
25171.0,6791.077525154738
25172.0,8073.316098586689
25173.0,9672.051672018639
25174.0,11270.786245450588
25175.0,11920.034818882541
25176.0,14151.760392314492
25177.0,14168.016965746443
25178.0,15450.256539178394
25179.0,15783.009112610343
25180.0,17381.743686042293
25181.0,17714.496259474185
25182.0,18680.239832906136
25183.0,18380.000406338087
25184.0,17763.265979770036
25185.0,17779.522553201987
25186.0,16213.300126633938
25187.0,15596.56570006589
25188.0,13713.848273497839
25189.0,11831.130846929791
25190.0,8998.926420361739
25191.0,6799.712993793692
25192.0,5549.986567225642
25193.0,5566.243140657592
25194.0,4316.516714089543
25195.0,3383.2862875214923
25196.0,867.5778609534427
25197.0,-1648.131565614607
25198.0,-4163.839992182655
25199.0,-6996.0444187507055
25200.0,-7612.779845318754
25201.0,-8546.010271886862
25202.0,-8529.753698454912
25203.0,-8197.001125022962
25204.0,-9130.23155159101
25205.0,-8797.47897815906
25206.0,-9414.21440472711
25207.0,-8131.974831295159
25208.0,-8432.214257863208
25209.0,-8415.957684431258
25210.0,-8083.205110999307
25211.0,-10282.418537567357
25212.0,-9316.674964135407
25213.0,-10882.896390703456
25214.0,-8334.674817271505
25215.0,-8001.9222438395545
25216.0,-6086.691670407605
25217.0,-5753.939096975654
25218.0,-5104.691523543704
25219.0,-5088.434950111753
25220.0,-6021.665376679803
25221.0,-5688.912803247852
25222.0,-6305.64822981596
25223.0,-5023.408656384009
25224.0,-4690.656082952059
25225.0,-4990.895509520108
25226.0,-3708.6559360881565
25227.0,-3375.903362656207
25228.0,-2726.6557892242563
25229.0,-2710.3992157923058
25230.0,-3010.6386423603544
25231.0,-2044.8950689284047
25232.0,-4244.108495496454
25233.0,-3911.355922064504
25234.0,-5477.577348632553
25235.0,-3245.8507752006026
25236.0,-3862.5862017686522
25237.0,-2896.8426283367007
25238.0,-1931.099054904751
25239.0,-2547.8334814728005
25240.0,-1898.58590804085
25241.0,-3781.3033346088996
25242.0,-2499.063761177007
25243.0,-4381.781187745057
25244.0,-1200.5676143131059
25245.0,-2133.7980408811563
25246.0,-218.56746744920565
25247.0,-518.8068940172543
25248.0,1396.4236794146964
25249.0,2362.167252846646
25250.0,2378.4238262785966
25251.0,3977.1593997105483
25252.0,3676.919973142498
25253.0,4642.663546574449
25254.0,2759.9461200063997
25255.0,4042.1856934383504
25256.0,3425.4502668703008
25257.0,5340.680840302251
25258.0,4407.450413734201
25259.0,6322.6809871661535
25260.0,5705.946560598102
25261.0,6355.194134030055
25262.0,4155.981707462004
25263.0,4805.229280893896
25264.0,2606.015854325846
25265.0,1989.2814277577963
25266.0,1056.0510011897477
25267.0,1072.3075746216982
25268.0,1088.5641480536488
25269.0,1421.3157214855983
25270.0,1754.0682949175498
25271.0,1137.3338683495003
25272.0,1470.0854417814498
25273.0,-412.6319847865998
25274.0,-79.87941135464825
25275.0,-3854.1688940008517
25276.0,-4121.40806443779
25277.0,-5654.629234874495
25278.0,-5288.877405311432
25279.0,-5872.611575748137
25280.0,-4873.867746185074
25281.0,-3875.1239166217783
25282.0,-3825.8670870587157
25283.0,-4409.60125749542
25284.0,-5309.831427932358
25285.0,-5893.566598369062
25286.0,-6793.796768805999
25287.0,-7694.0269392427035
25288.0,-8277.761109679408
25289.0,-8228.504280116345
25290.0,-8179.24745055305
25291.0,-8129.990620989987
25292.0,-7764.237791426693
25293.0,-6448.998961863629
25294.0,-5133.759132300334
25295.0,-4135.015302737272
25296.0,-4085.758473173976
25297.0,-3720.0056436109135
25298.0,-4303.740814047618
25299.0,-2988.5009844843225
25300.0,-3255.74015492126
25301.0,-1307.508325357965
25302.0,957.2175042050985
25303.0,2905.448333768394
25304.0,4537.184163331456
25305.0,5535.927992894753
25306.0,6851.167822457814
25307.0,7849.91165202111
25308.0,9481.646481584172
25309.0,10796.886311147467
25310.0,12112.126140710763
25311.0,14376.852970273827
25312.0,15059.10079983712
25313.0,16374.340629400183
25314.0,16423.59745896348
25315.0,16789.349288526544
25316.0,16522.111118089837
25317.0,16254.8719476529
25318.0,15671.137777216198
25319.0,15087.402606779258
25320.0,14187.172436342553
25321.0,12653.95126590585
25322.0,12703.208095468912
25323.0,13068.959925032206
25324.0,12168.729754595272
25325.0,11901.491584158564
25326.0,9735.27841372163
25327.0,8835.048243284924
25328.0,5402.852072847987
25329.0,2920.1439024112824
25330.0,437.4347319743447
25331.0,-1412.28243846236
25332.0,-2629.0086088992975
25333.0,-4478.725779336001
25334.0,-4429.468949772706
25335.0,-6279.186120209644
25336.0,-4330.955290646348
25337.0,-6497.168461083285
25338.0,-5498.4236315199905
25339.0,-8930.619801956927
25340.0,-8564.866972393633
25341.0,-11680.567142830569
25342.0,-11947.806313267274
25343.0,-12848.03648370421
25344.0,-10899.805654140915
25345.0,-9268.06982457762
25346.0,-8269.325995014558
25347.0,-6637.591165451262
25348.0,-6271.8383358882
25349.0,-4323.607506324904
25350.0,-5540.333676761842
25351.0,-3908.5978471985463
25352.0,-4175.837017635483
25353.0,-2860.597188072188
25354.0,-3760.8273585091256
25355.0,-3078.57952894583
25356.0,-3978.809699382534
25357.0,-2980.065869819472
25358.0,-3880.2960402561757
25359.0,-2248.561210693114
25360.0,-2199.3043811298185
25361.0,-1200.5605515667557
25362.0,-2417.2857220034603
25363.0,-2051.5338924403977
25364.0,-3268.259062877102
25365.0,-2902.507233314039
25366.0,-2220.258403750744
25367.0,-1221.5145741874485
25368.0,93.72425537561412
25369.0,775.9730849389107
25370.0,2724.2039145019717
25371.0,2456.964744065268
25372.0,3772.2045736283308
25373.0,3188.4704031916262
25374.0,5769.692232754689
25375.0,4647.54959361975
25376.0,3525.406954484811
25377.0,2403.264315349872
25378.0,4975.309103050728
25379.0,5964.874890751584
25380.0,6954.440678452553
25381.0,7944.006466153409
25382.0,7984.085253854264
25383.0,8340.659041555235
25384.0,7747.746829256092
25385.0,8420.816616956945
25386.0,8460.895404657917
25387.0,9133.966192358774
25388.0,8857.54898005963
25389.0,9214.1237677606
25390.0,9887.193555461454
25391.0,9294.28134316231
25392.0,8384.873130863281
25393.0,8424.951918564137
25394.0,6249.560706264991
25395.0,5973.143493965963
25396.0,3797.7522816668206
25397.0,2888.344069367675
25398.0,1345.9448570686454
25399.0,1069.5276447695014
25400.0,793.1114324703558
25401.0,200.1982201713272
25402.0,-76.21899212781682
25403.0,-669.1312044269616
25404.0,-1262.0434167261064
25405.0,-3753.930629025135
25406.0,-5296.329841324279
25407.0,-7155.225053623425
25408.0,-8381.129265922453
25409.0,-8974.0414782216
25410.0,-8300.971690520742
25411.0,-8577.38890281977
25412.0,-8220.814115118916
25413.0,-9446.71832741806
25414.0,-9406.639539717089
25415.0,-11898.525752016234
25416.0,-11541.95196431538
25417.0,-12767.855176614408
25418.0,-11778.289388913552
25419.0,-12054.706601212698
25420.0,-12014.627813511726
25421.0,-12291.04502581087
25422.0,-12883.957238110015
25423.0,-11577.895450409043
25424.0,-11537.816662708188
25425.0,-9282.267875007334
25426.0,-10824.668087306361
25427.0,-8569.119299605507
25428.0,-9478.527511904651
25429.0,-9754.94472420368
25430.0,-10031.361936502824
25431.0,-9041.79514880197
25432.0,-6786.247361100998
25433.0,-6746.168573400143
25434.0,-4807.115785699288
25435.0,-5716.523997998316
25436.0,-3777.4702102974607
25437.0,-5003.374422596606
25438.0,-3064.321634895634
25439.0,-3657.2338471947787
25440.0,-768.6940594939242
25441.0,-728.615271793069
25442.0,1210.4375159079027
25443.0,2200.003303608759
25444.0,3189.569091309613
25445.0,5128.621879010585
25446.0,6118.187666711441
25447.0,8057.240454412295
25448.0,8413.815242113265
25449.0,10352.868029814123
25450.0,9759.955817514976
25451.0,11066.016605215947
25452.0,11106.095392916803
25453.0,13678.140180617658
25454.0,14034.714968318633
25455.0,15340.775756019488
25456.0,14431.367543720342
25457.0,15104.438331421312
25458.0,13562.038119122168
25459.0,12336.133906823023
25460.0,11110.230694523994
25461.0,9884.32648222485
25462.0,9291.414269925706
25463.0,7116.023057626677
25464.0,6206.614845327531
25465.0,4031.2236330283868
25466.0,3754.806420729359
25467.0,1262.9202084302142
25468.0,986.5029961310684
25469.0,-872.3922161679602
25470.0,-2414.791428467104
25471.0,-4590.182640766249
25472.0,-6449.077853065278
25473.0,-7674.982065364422
25474.0,-7951.399277663568
25475.0,-8544.311489962713
25476.0,-8504.232702261741
25477.0,-8464.153914560886
25478.0,-7791.084126860031
25479.0,-8383.996339159059
25480.0,-8027.422551458203
25481.0,-8936.830763757349
25482.0,-8580.255976056376
25483.0,-8856.673188355522
25484.0,-9766.081400654666
25485.0,-8460.019612953694
25486.0,-8736.43682525284
25487.0,-7113.879037551984
25488.0,-6757.304249851013
25489.0,-6400.730462150157
25490.0,-5727.659674449303
25491.0,-5371.08588674833
25492.0,-5014.511099047476
25493.0,-6240.41531134662
25494.0,-5567.344523645649
25495.0,-6160.257735944793
25496.0,-5487.186948243939
25497.0,-6396.595160542967
25498.0,-5090.534372842111
25499.0,-3784.472585141257
25500.0,-3744.393797440285
25501.0,-3387.81900973943
25502.0,-2081.758222038575
25503.0,-2674.670434337603
25504.0,-1368.608646636747
25505.0,-1961.5218589358929
25506.0,-1921.4430712349213
25507.0,-1881.364283534066
25508.0,-1524.7894958332108
25509.0,97.76829186764371
25510.0,-178.64892043138389
25511.0,1760.4038672694714
25512.0,2116.978654970326
25513.0,3739.5354426712984
25514.0,1880.6402303721534
25515.0,3503.1970180730077
25516.0,2910.2848057739793
25517.0,3899.8505934748355
25518.0,5205.912381175691
25519.0,6511.974168876663
25520.0,8767.521956577519
25521.0,7225.122744278373
25522.0,9164.175531979345
25523.0,7305.2803196802
25524.0,9244.333107381055
25525.0,7068.941895082025
25526.0,9324.490682782882
25527.0,8415.082470483736
25528.0,10354.13525818471
25529.0,9128.231045885565
25530.0,10117.796833586417
25531.0,10157.875621287389
25532.0,10514.450408988247
25533.0,12137.008196689101
25534.0,11544.09498439007
25535.0,11267.678772090927
25536.0,9092.287559791781
25537.0,8499.374347492754
25538.0,6956.975135193608
25539.0,6680.557922894464
25540.0,6087.645710595436
25541.0,7710.20249829629
25542.0,8066.7772859971465
25543.0,8739.847073698002
25544.0,7830.438861398972
25545.0,7554.022649099828
25546.0,6011.622436800682
25547.0,4785.718224501654
25548.0,3243.31901220251
25549.0,3283.397799903365
25550.0,1740.9985876043356
25551.0,1464.5813753051916
25552.0,871.6691630060468
25553.0,1544.7389507070184
25554.0,1268.3217384078744
25555.0,991.9055261087287
25556.0,-233.99868619029985
25557.0,-1776.398898489445
25558.0,-3318.798110788589
25559.0,-5494.189323087618
25560.0,-6087.101535386762
25561.0,-7945.996747685907
25562.0,-6956.430959984936
25563.0,-8182.335172284081
25564.0,-8458.752384583226
25565.0,-9051.664596882254
25566.0,-9011.585809181399
25567.0,-9288.003021480543
25568.0,-9247.924233779571
25569.0,-8891.349446078717
25570.0,-8534.77465837786
25571.0,-7861.70487067689
25572.0,-8138.122082976035
25573.0,-7148.55629527518
25574.0,-6158.990507574208
25575.0,-4219.937719873353
25576.0,-2280.883932172498
25577.0,-1607.814144471643
25578.0,14.742643229328678
25579.0,687.813430930184
25580.0,2626.8662186310394
25581.0,1101.378444860567
25582.0,-424.10932890990534
25583.0,-1949.5971026803782
25584.0,361.7939799252308
25585.0,1090.7060625308386
25586.0,2769.105145136913
25587.0,4131.009227742521
25588.0,3910.434310348126
25589.0,4006.355392953734
25590.0,3469.2854755593435
25591.0,3565.2065581649513
25592.0,2711.640640770558
25593.0,2807.561723376166
25594.0,3219.9788059822386
25595.0,2999.403888587847
25596.0,3411.820971193454
25597.0,3824.2370537990646
25598.0,2654.1761364046724
25599.0,2750.0972190102802
25600.0,314.0523016158859
25601.0,409.9733842214937
25602.0,-3608.5495331724323
25603.0,-2879.6364505668244
25604.0,-6898.159367961217
25605.0,-5852.751285355609
25606.0,-8288.79620275
25607.0,-7876.379120144394
25608.0,-7147.467037538786
25609.0,-8001.032954933177
25610.0,-6006.137872327105
25611.0,-8125.685789721497
25612.0,-5814.295707115889
25613.0,-9516.322624510281
25614.0,-8154.418541904673
25615.0,-11223.454459299066
25616.0,-9545.055376693457
25617.0,-10715.11629408785
25618.0,-8403.725211481777
25619.0,-6725.326128876169
25620.0,-6312.909046270561
25621.0,-4318.013963664953
25622.0,-5171.579881059345
25623.0,-2860.188798453737
25624.0,-5296.23371584813
25625.0,-3301.3386332425216
25626.0,-5104.391550636448
25627.0,-2793.0004680308393
25628.0,-3646.5663854252325
25629.0,-1335.1753028196254
25630.0,-2188.7412202140167
25631.0,-2092.820137608409
25632.0,-2629.8910550028013
25633.0,-3166.9609723971935
25634.0,-3071.0398897915857
25635.0,-3924.6058071855123
25636.0,-3828.6847245799045
25637.0,-3416.2686419742968
25638.0,-2687.355559368689
25639.0,-2907.930476763081
25640.0,-596.539394157473
25641.0,448.868688448134
25642.0,2443.763771053742
25643.0,2856.1808536598164
25644.0,3901.5889362654234
25645.0,2731.527018871031
25646.0,3460.439101476639
25647.0,3239.8651840822477
25648.0,5234.760266687856
25649.0,6913.159349293463
25650.0,9857.54143189907
25651.0,12168.932514505144
25652.0,13847.332597110752
25653.0,14892.74067971636
25654.0,15305.156762321967
25655.0,15717.573844927574
25656.0,14547.511927533182
25657.0,14643.43301013879
25658.0,13789.8670927444
25659.0,13885.788175350473
25660.0,13665.214257956079
25661.0,14077.630340561689
25662.0,14173.551423167297
25663.0,15218.959505772902
25664.0,14681.889588378512
25665.0,14461.31467098412
25666.0,13291.253753589728
25667.0,11171.7048361958
25668.0,10001.642918801408
25669.0,7565.599001407016
25670.0,7345.024084012624
25671.0,5858.466166618231
25672.0,5321.396249223839
25673.0,4151.3343318294465
25674.0,4247.255414435054
25675.0,3393.6894970411286
25676.0,2856.6195796467364
25677.0,1370.061662252344
25678.0,-116.49525514204834
25679.0,-337.0701725364406
25680.0,-2140.1230899308325
25681.0,-3310.1850073252244
25682.0,-4163.750924719617
25683.0,-5017.316842113543
25684.0,-4921.3957595079355
25685.0,-5141.969676902328
25686.0,-6312.03159429672
25687.0,-6216.110511691112
25688.0,-8019.163429085504
25689.0,-7923.242346479896
25690.0,-9726.29526387429
25691.0,-8680.887181268681
25692.0,-8584.966098662608
25693.0,-8489.045016057
25694.0,-8076.628933451391
25695.0,-8297.202850845784
25696.0,-6302.307768240176
25697.0,-7788.865685634568
25698.0,-7059.95260302896
25699.0,-8230.014520423352
25700.0,-7817.59743781728
25701.0,-8354.66835521167
25702.0,-7942.251272606064
25703.0,-5947.356190000455
25704.0,-8885.298109737996
25705.0,-11823.240029475535
25706.0,-14761.181949213076
25707.0,-11183.124955502946
25708.0,-12352.503961792816
25709.0,-10040.42996808315
25710.0,-10260.32197437302
25711.0,-9530.726980663356
25712.0,-8168.139986953225
25713.0,-8388.031993243094
25714.0,-5442.96599953343
25715.0,-3628.2425772520037
25716.0,-1813.5191549705778
25717.0,1.2042673108480813
25718.0,1815.927689592274
25719.0,3630.6511118737
25720.0,5445.374534155126
25721.0,7260.097956436552
25722.0,8306.188950146217
25723.0,8086.296943856349
25724.0,7866.404937566011
25725.0,9228.991931276141
25726.0,8376.108924986274
25727.0,11637.669918695938
25728.0,11101.28291240607
25729.0,13729.851906115735
25730.0,12243.977899825863
25731.0,13290.068893535994
25732.0,11487.69888724566
25733.0,11584.30288095579
25734.0,9781.931874665454
25735.0,10511.527868375586
25736.0,9658.644862085715
25737.0,9122.256855795378
25738.0,8269.373849505511
25739.0,7099.995843215176
25740.0,5297.624836925304
25741.0,4128.246830635435
25742.0,2958.8678243451013
25743.0,1789.4888180552316
25744.0,936.6058117653611
25745.0,-549.2681945249733
25746.0,-452.66420081484284
25747.0,-1305.547207105179
25748.0,-892.4482133950478
25749.0,-1428.8352196849173
25750.0,250.24677402474663
25751.0,-286.1402322651229
25752.0,443.4547614445419
25753.0,-725.9232448453276
25754.0,-945.8152511351964
25755.0,-3064.681257425531
25756.0,-3917.5642637154015
25757.0,-5086.943270005737
25758.0,-3724.356276295606
25759.0,-3311.2562825854748
25760.0,-2265.165288875811
25761.0,-2168.5612951656803
25762.0,-2704.94830145555
25763.0,-2608.344307745885
25764.0,-5043.706314035755
25765.0,-3997.61532032609
25766.0,-6432.97632661596
25767.0,-5070.390332905829
25768.0,-6556.264339196164
25769.0,-6459.660345486033
25770.0,-6996.047351776369
25771.0,-7215.939358066238
25772.0,-6486.344364356108
25773.0,-7022.731370646443
25774.0,-5976.640376936312
25775.0,-6513.027383226648
25776.0,-5783.432389516517
25777.0,-5686.828395806387
25778.0,-6223.215402096723
25779.0,-4860.629408386591
25780.0,-4764.025414676927
25781.0,-4350.925420966797
25782.0,-3937.8254272566664
25783.0,-4157.717433547002
25784.0,-1529.1484398368711
25785.0,-3015.0224461267408
25786.0,-1652.4354524170758
25787.0,-3771.3014587069456
25788.0,-1459.2274649972805
25789.0,-3261.5974712871503
25790.0,-1266.0194775770196
25791.0,-219.92848386735386
25792.0,1142.658509842775
25793.0,4087.723503552441
25794.0,3234.8404972625704
25795.0,4913.922490972702
25796.0,1845.5694846823662
25797.0,3524.652478392496
25798.0,2038.7774721021615
25799.0,3401.364465812292
25800.0,3814.4644595224217
25801.0,4860.5554532320875
25802.0,7172.629446942217
25803.0,5686.754440652348
25804.0,8631.819434362013
25805.0,7462.441428072143
25806.0,6303.840397270942
25807.0,4385.263268022751
25808.0,6264.634138774556
25809.0,4346.057009526423
25810.0,4326.45388027823
25811.0,2724.3717510300357
25812.0,3337.760621781901
25813.0,3634.652492533709
25814.0,4248.041363285574
25815.0,5177.925234037382
25816.0,5791.3131047891875
25817.0,6721.196975541054
25818.0,5752.10684629286
25819.0,5416.0077170446675
25820.0,4446.917587796532
25821.0,4427.314458548339
25822.0,3458.2243293001466
25823.0,2805.630200052012
25824.0,1520.0440708038186
25825.0,1183.9449415556246
25826.0,531.3508123074898
25827.0,828.2436830592978
25828.0,-457.34244618889534
25829.0,-1109.9365754370301
25830.0,-2712.0187046852225
25831.0,-3364.6128339334155
25832.0,-5916.1819631815515
25833.0,-5935.7850924297445
25834.0,-6904.875221677937
25835.0,-6924.4783509260715
25836.0,-7577.0724801742645
25837.0,-8862.658609422459
25838.0,-8882.261738670593
25839.0,-10800.838867918786
25840.0,-10820.44199716698
25841.0,-11789.532126415113
25842.0,-10543.152255663306
25843.0,-10246.2603849115
25844.0,-8366.888514159635
25845.0,-7753.500643407827
25846.0,-5557.6337726560205
25847.0,-3678.262901904154
25848.0,-1798.8920311523489
25849.0,80.4788395994583
25850.0,693.8667103513235
25851.0,2256.7425811031317
25852.0,1604.1474518549385
25853.0,3483.519322606804
25854.0,3780.41119335861
25855.0,6292.774064110417
25856.0,8172.144934862281
25857.0,10684.506805614088
25858.0,13513.365676365898
25859.0,14443.24954711776
25860.0,16639.11541786957
25861.0,15353.530288621376
25862.0,15650.42215937324
25863.0,13098.854030125047
25864.0,12129.763900876856
25865.0,10211.18677162872
25866.0,8925.600642380527
25867.0,8589.501513132334
25868.0,8253.4033838842
25869.0,9499.782254636008
25870.0,8530.692125387814
25871.0,8511.088996139679
25872.0,6592.511866891487
25873.0,4673.9347376432925
25874.0,2755.3576083951575
25875.0,203.78847914696416
25876.0,184.18534989877116
25877.0,-3000.3737793493638
25878.0,-2386.9859085975568
25879.0,-3672.572037845748
25880.0,-4008.6701670938837
25881.0,-5294.256296342077
25882.0,-6896.33842559027
25883.0,-6282.949554838405
25884.0,-8518.022684086598
25885.0,-6638.651813334791
25886.0,-9506.715942582925
25887.0,-7627.345071831119
25888.0,-9862.418201079312
25889.0,-8299.542330327447
25890.0,-8635.64145957564
25891.0,-9288.235588823833
25892.0,-8674.847718071967
25893.0,-9643.93784732016
25894.0,-7764.566976568353
25895.0,-10949.127105816488
25896.0,-9702.74723506468
25897.0,-11304.829364312875
25898.0,-9108.962493561008
25899.0,-10394.548622809201
25900.0,-8198.681752057393
25901.0,-7901.78888130553
25902.0,-6655.4090105537225
25903.0,-6991.508139801916
25904.0,-8277.094269050049
25905.0,-8929.688398298244
25906.0,-11481.257527546437
25907.0,-11817.35565679457
25908.0,-12469.950786042764
25909.0,-11856.561915290957
25910.0,-11559.670044539092
25911.0,-9996.794173787284
25912.0,-9383.406303035477
25913.0,-8137.026432283613
25914.0,-7523.638561531806
25915.0,-5644.267690779999
25916.0,-5030.878820028132
25917.0,-4733.985949276326
25918.0,-4437.094078524518
25919.0,-4773.192207772654
25920.0,-4476.300337020846
25921.0,-3862.911466269041
25922.0,-1350.5495955171755
25923.0,1161.8132752346319
25924.0,3357.67914598644
25925.0,5870.042016738305
25926.0,6799.92588749011
25927.0,8362.80075824192
25928.0,7710.206628993783
25929.0,8323.594499745592
25930.0,8303.991370497399
25931.0,8284.388241249264
25932.0,7631.794112001069
25933.0,7295.694982752877
25934.0,8542.074853504742
25935.0,8838.967724256549
25936.0,10401.842595008355
25937.0,9749.248465760222
25938.0,10046.140336512028
25939.0,9710.042207263836
25940.0,8107.960078015702
25941.0,6822.374948767509
25942.0,5853.284819519315
25943.0,6466.672690271178
25944.0,6130.573561022986
25945.0,6743.962431774795
25946.0,5774.872302526659
25947.0,5122.277173278468
25948.0,4786.178044030272
25949.0,3184.096914782138
25950.0,3164.493785533945
25951.0,1245.9166562857517
25952.0,1542.809527037618
25953.0,573.719397789424
25954.0,554.116268541231
25955.0,-414.9748607069032
25956.0,831.405010044904
25957.0,-454.1811192032892
25958.0,-1106.775248451424
25959.0,-2075.865377699618
25960.0,-2728.459506947811
25961.0,1514.7437514828434
25962.0,-1364.4130157160316
25963.0,-2661.08978291479
25964.0,-5540.246550113664
25965.0,-3988.4623173125387
25966.0,-6234.627084511297
25967.0,-4682.843851710171
25968.0,-5346.529618909046
25969.0,-5060.728386107921
25970.0,-5724.415153306679
25971.0,-6388.100920505553
25972.0,-8317.769687704427
25973.0,-9614.447454903186
25974.0,-11227.620222102061
25975.0,-12840.793989300935
25976.0,-11289.009756499694
25977.0,-10370.217523698568
25978.0,-8185.442290897443
25979.0,-6633.6590580963175
25980.0,-4765.379825295076
25981.0,-4163.082592493951
25982.0,-4510.273359692825
25983.0,-4540.968126891583
25984.0,-4571.6628940904575
25985.0,-2070.392661289333
25986.0,-2101.0874284882075
25987.0,716.6798043130348
25988.0,685.9850371141601
25989.0,3187.2552699152857
25990.0,3473.0565027165267
25991.0,5974.326735517652
25992.0,6893.118968318779
25993.0,8444.903201120022
25994.0,9680.190433921147
25995.0,9965.991666722271
25996.0,9935.296899523397
25997.0,9904.602132324639
25998.0,11139.890365125764
25999.0,11425.691597926889
26000.0,13610.465830728132
26001.0,13579.771063529257
26002.0,15448.05029633038
26003.0,14467.868529131505
26004.0,13171.191761932747
26005.0,10925.026994733875
26006.0,10577.836227535001
26007.0,9281.158460336243
26008.0,9250.463693137368
26009.0,8903.27392593849
26010.0,9505.570158739618
26011.0,9158.37939154086
26012.0,8811.189624341983
26013.0,7514.51185714311
26014.0,6217.834089944352
26015.0,4288.165322745477
26016.0,2674.9925555466016
26017.0,1694.8107883478442
26018.0,714.6290211489686
26019.0,367.4382539500948
26020.0,-929.23951324878
26021.0,306.048719552462
26022.0,-357.6370476464126
26023.0,1194.146185154712
26024.0,213.96441795595456
26025.0,816.2606507570799
26026.0,-163.92111644179386
26027.0,-511.1108836406693
26028.0,-1491.2936508394278
26029.0,-3420.9624180383025
26030.0,-3451.657185237177
26031.0,-4431.8389524359345
26032.0,-2880.0547196348098
26033.0,-3860.2364868336845
26034.0,-1991.9572540324425
26035.0,-2655.6440212313173
26036.0,-2686.338788430192
26037.0,-3983.0155556290665
26038.0,-4330.206322827825
26039.0,-6259.875090026699
26040.0,-6290.569857225573
26041.0,-6321.2646244243315
26042.0,-6668.455391623207
26043.0,-5433.167158822081
26044.0,-5463.861926020955
26045.0,-4861.5656932197135
26046.0,-5525.251460418588
26047.0,-5239.4502276174635
26048.0,-5586.640994816221
26049.0,-5617.3357620150955
26050.0,-5648.03052921397
26051.0,-5045.734296412728
26052.0,-3493.9500636116036
26053.0,-2575.157830810478
26054.0,-1656.3655980093517
26055.0,-421.0773652081116
26056.0,-1084.7641324069846
26057.0,1733.0021003941401
26058.0,-513.161666804619
26059.0,1988.1085659965065
26060.0,-574.5512012023682
26061.0,1293.7280315987573
26062.0,-319.44573560000026
26063.0,282.8514972011253
26064.0,1201.6437300022499
26065.0,1803.9399628034917
26066.0,2168.5509910382625
26067.0,628.805790757282
26068.0,3520.0015904760694
26069.0,714.2733901948541
26070.0,2655.9821899136405
26071.0,-1732.2240103673412
26072.0,209.483789351445
26073.0,-697.26941092977
26074.0,1244.4383887890162
26075.0,1603.668188508036
26076.0,2595.8889882268213
26077.0,5170.587787945609
26078.0,3947.3395876643954
26079.0,6838.534387383181
26080.0,5298.7891871022
26081.0,6924.001986820986
26082.0,5067.76178653977
26083.0,6376.477586258556
26084.0,4836.733385977575
26085.0,6461.945185696361
26086.0,6504.678985415147
26087.0,8446.387785133935
26088.0,9438.608584852951
26089.0,9481.342384571737
26090.0,9524.076184290523
26091.0,8617.322984009312
26092.0,7710.56978372833
26093.0,6487.3205834471155
26094.0,6530.0543831659015
26095.0,6256.292182884688
26096.0,5033.042982603707
26097.0,4126.289782322492
26098.0,3536.032582041278
26099.0,1996.2873817600648
26100.0,1089.5341814788499
26101.0,-766.7060188021314
26102.0,-1040.4672190833444
26103.0,-3529.6994193645587
26104.0,-6018.930619645773
26105.0,-9774.145819926754
26106.0,-10364.403020207968
26107.0,-12537.139220489182
26108.0,-12810.900420770395
26109.0,-12768.166621051376
26110.0,-12725.43282133259
26111.0,-14265.178021613805
26112.0,-15804.92222189502
26113.0,-18294.154422175998
26114.0,-20150.394622457214
26115.0,-19791.16482273843
26116.0,-20697.918023019643
26117.0,-19072.706223300855
26118.0,-18396.980423581837
26119.0,-15822.281623863051
26120.0,-14830.060824144264
26121.0,-12255.361024425478
26122.0,-11263.14022470646
26123.0,-9004.937424987675
26124.0,-7379.724625268887
26125.0,-7020.494825550102
26126.0,-5078.787025831083
26127.0,-5036.053226112297
26128.0,-2777.850426393511
26129.0,-1469.133626674724
26130.0,789.0701730442943
26131.0,3363.7689727630805
26132.0,5621.972772481866
26133.0,7247.185572200651
26134.0,7922.910371919672
26135.0,8598.635171638456
26136.0,8008.377971357244
26137.0,7734.615771076031
26138.0,6511.367570794817
26139.0,7187.092370513834
26140.0,7546.322170232619
26141.0,8538.542969951406
26142.0,7631.789769670191
26143.0,8940.50556938921
26144.0,8033.752369107999
26145.0,7759.991168826782
26146.0,6853.237968545571
26147.0,4996.997768264588
26148.0,4723.2355679833745
26149.0,3183.4903677021593
26150.0,3542.7201674209464
26151.0,2635.9669671399643
26152.0,3944.6837668587505
26153.0,3670.9215665775373
26154.0,4346.646366296323
26155.0,3439.893166015341
26156.0,2216.6449657341273
26157.0,1942.882765452914
26158.0,-546.3484348283
26159.0,-503.614635109514
26160.0,-777.3768353904943
26161.0,-101.65203567170829
26162.0,-58.91823595292226
26163.0,300.31156376586296
26164.0,2242.019363484882
26165.0,1335.266163203667
26166.0,2643.982962922453
26167.0,154.75076264124073
26168.0,-1688.2627629656781
26169.0,-3531.276288572597
26170.0,-5374.289814179516
26171.0,-7205.249392304625
26172.0,-6187.747970429736
26173.0,-5486.741548554845
26174.0,-4785.736126679955
26175.0,-1869.260704805065
26176.0,-3700.220282930175
26177.0,-783.7448610552856
26178.0,-3880.687439180395
26179.0,-2546.6900173055037
26180.0,-6593.119595430614
26181.0,-4626.131173555492
26182.0,-6773.585751680602
26183.0,-5756.084329805712
26184.0,-6004.565907930822
26185.0,-4987.064486055931
26186.0,-2387.084064181041
26187.0,-2635.56564230615
26188.0,597.4057795687386
26189.0,-284.0667985563705
26190.0,1682.9216233185198
26191.0,-781.0299548065905
26192.0,236.4714670682988
26193.0,-645.0011110568103
26194.0,1954.979310818313
26195.0,2972.4807326932023
26196.0,5888.956154568094
26197.0,6906.457576442983
26198.0,7290.967998317872
26199.0,7675.477420192765
26200.0,7426.996842067652
26201.0,7811.506263942545
26202.0,8196.016685817434
26203.0,9213.518107692325
26204.0,9281.532529567216
26205.0,9033.050951442103
26206.0,8151.578373317228
26207.0,8536.088795192118
26208.0,8287.607217067009
26209.0,8672.117638941898
26210.0,8107.141060816786
26211.0,8808.146482691678
26212.0,6977.186904566568
26213.0,5462.723326441457
26214.0,3631.762748316347
26215.0,4965.760170191237
26216.0,4084.287592066128
26217.0,6051.276013941018
26218.0,6435.786435815908
26219.0,7769.783857691033
26220.0,7204.806279565921
26221.0,6323.333701440812
26222.0,4175.878123315701
26223.0,2977.9105451905907
26224.0,3045.924967065481
26225.0,1214.9653889403708
26226.0,2232.466810815262
26227.0,1350.994232690151
26228.0,2684.990654565041
26229.0,2436.510076439932
26230.0,2504.5244983148223
26231.0,1306.555920189945
26232.0,425.08334206483596
26233.0,-1089.3812360602751
26234.0,-2603.844814185385
26235.0,-4118.308392310495
26236.0,-5949.268970435604
26237.0,-6830.741548560714
26238.0,-8345.205126685823
26239.0,-10492.660704810934
26240.0,-9475.159282936043
26241.0,-10356.631861061154
26242.0,-9339.130439186263
26243.0,-10853.594017311374
26244.0,-10152.588595436251
26245.0,-11034.06117356136
26246.0,-13498.01175168647
26247.0,-14062.98932981158
26248.0,-15893.94890793669
26249.0,-13610.4644860618
26250.0,-13858.94606418691
26251.0,-10942.470642312019
26252.0,-9291.97722043713
26253.0,-7324.98879856224
26254.0,-6307.48737668735
26255.0,-6555.96895481246
26256.0,-4588.980532937337
26257.0,-5470.453111062447
26258.0,-1920.985689187556
26259.0,-2802.4582673126665
26260.0,1380.0001545622235
26261.0,1764.5095764371135
26262.0,5313.976998312004
26263.0,6964.469420186893
26264.0,8298.466842061784
26265.0,10265.455263936674
26266.0,10333.469685811564
26267.0,12933.450107686454
26268.0,11418.985529561345
26269.0,14335.461951436468
26270.0,12570.579199702286
26271.0,10805.696447968103
26272.0,9040.81369623392
26273.0,7275.930944499738
26274.0,7954.4577141397385
26275.0,9582.47248377974
26276.0,9944.504253419746
26277.0,10306.535023059747
26278.0,10352.07079269975
26279.0,8182.1365623397505
26280.0,7911.177331979754
26281.0,6690.730101619989
26282.0,8635.23987125999
26283.0,8364.279640899993
26284.0,10625.285410539997
26285.0,9404.839180179999
26286.0,10083.36594982
26287.0,7596.935719460002
26288.0,7325.976489100005
26289.0,5156.042258740006
26290.0,5834.56902838001
26291.0,4614.122798020013
26292.0,5292.649567660013
26293.0,4388.698337300251
26294.0,4434.234106940254
26295.0,4796.265876580255
26296.0,4841.801646220258
26297.0,4887.33741586026
26298.0,3350.394185500263
26299.0,2762.9389551402637
26300.0,-39.986275219733216
26301.0,-943.9385055797302
26302.0,-2797.376735939728
26303.0,-1802.3539662997264
26304.0,-2706.3051966594903
26305.0,-1394.7864270194877
26306.0,-1982.2416573794853
26307.0,-2886.192887739484
26308.0,-4739.631118099482
26309.0,-6593.070348459479
26310.0,-7813.516578819476
26311.0,-9033.963809179473
26312.0,-9621.419039539473
26313.0,-11474.858269899469
26314.0,-12378.809500259467
26315.0,-13282.760730619231
26316.0,-11971.241960979229
26317.0,-12558.697191339226
26318.0,-10614.187421699224
26319.0,-10885.147652059222
26320.0,-10206.61988241922
26321.0,-11427.067112779217
26322.0,-12964.010343139214
26323.0,-14184.456573499212
26324.0,-14138.92080385921
26325.0,-12827.403034219207
26326.0,-11832.380264578973
26327.0,-10520.86149493897
26328.0,-9525.838725298967
26329.0,-9163.806955658965
26330.0,-8168.784186018963
26331.0,-9072.73541637896
26332.0,-8710.703646738959
26333.0,-8348.672877098954
26334.0,-8936.128107458953
26335.0,-8574.096337818952
26336.0,-10427.535568178948
26337.0,-8799.520798538946
26338.0,-10969.45502889871
26339.0,-9024.945259258708
26340.0,-10245.392489618705
26341.0,-7351.3947199787035
26342.0,-8571.841950338701
26343.0,-6943.828180698699
26344.0,-7214.787411058696
26345.0,-7485.747641418694
26346.0,-6490.7248717786915
26347.0,-6761.685102138689
26348.0,-4500.679332498687
26349.0,-5088.134562858451
26350.0,-1877.6417932184486
26351.0,-2465.0980235784464
26352.0,745.3947460615564
26353.0,157.93951570155878
26354.0,2102.4492853415613
26355.0,2464.481054981563
26356.0,3143.0078246215653
26357.0,4771.021594261569
26358.0,7032.027363901572
26359.0,9293.033133541572
26360.0,10288.055903181808
26361.0,12865.557672821811
26362.0,13227.588442461813
26363.0,13906.116212101817
26364.0,12685.66898174182
26365.0,13047.70075138182
26366.0,11827.253521021823
26367.0,11872.789290661825
26368.0,11601.829060301829
26369.0,11647.364829941831
26370.0,12325.891599581832
26371.0,11105.445369222067
26372.0,10834.48513886207
26373.0,9930.533908502071
26374.0,9026.582678142073
26375.0,6856.648447782078
26376.0,5952.697217422079
26377.0,7274.622778967623
26378.0,4345.683724339846
26379.0,1416.7446697116047
26380.0,-879.2033849161717
26381.0,-2542.160439543947
26382.0,-2939.133494171724
26383.0,-2703.1165487994995
26384.0,-3100.0896034272764
26385.0,-4446.5506580555175
26386.0,-5793.011712683294
26387.0,-7455.96776731107
26388.0,-8802.428821938845
26389.0,-9515.897876566622
26390.0,-8330.393931194398
26391.0,-7461.384985822175
26392.0,-5642.889040450416
26393.0,-4773.879095078193
26394.0,-4537.8621497059685
26395.0,-3035.8612043337453
26396.0,-1850.3572589615214
26397.0,-348.3563135892964
26398.0,837.1486317824601
26399.0,2339.148577154685
26400.0,3208.157522526908
26401.0,5026.653467899132
26402.0,5895.662413271357
26403.0,7081.167358643581
26404.0,9216.159304015804
26405.0,10401.664249387562
26406.0,11903.664194759785
26407.0,11506.69014013201
26408.0,11426.212085504234
26409.0,9763.256030876459
26410.0,9999.273976248682
26411.0,9918.79592162044
26412.0,10787.804866992665
26413.0,11656.813812364886
26414.0,10943.343757737111
26415.0,11179.361703109334
26416.0,9516.40564848156
26417.0,9435.927593853783
26418.0,7772.970539225542
26419.0,7375.9964845977665
26420.0,6662.527429969989
26421.0,5949.058375342214
26422.0,4286.101320714437
26423.0,3889.12826608666
26424.0,2859.162211458419
26425.0,4677.659156830643
26426.0,3331.1981022028667
26427.0,4516.703047575091
26428.0,3486.7379929473136
26429.0,2773.2679383195373
26430.0,1110.311883691762
26431.0,-1502.1321709364802
26432.0,-949.6182255642561
26433.0,-3245.5662801920316
26434.0,-1743.5663348198086
26435.0,-3723.018389447585
26436.0,-2537.513444075361
26437.0,-4200.470498703603
26438.0,-3647.956553331378
26439.0,-4361.426607959155
26440.0,-6340.878662586932
26441.0,-6421.356717214708
26442.0,-9350.295771842484
26443.0,-8164.790826470259
26444.0,-11726.721881098501
26445.0,-8958.737935726278
26446.0,-10621.694990354054
26447.0,-8803.19904498183
26448.0,-10782.651099609606
26449.0,-9913.642154237383
26450.0,-11260.103208865625
26451.0,-12606.5632634934
26452.0,-11737.554318121176
26453.0,-12451.024372748952
26454.0,-10316.03242737673
26455.0,-11978.988482004504
26456.0,-10160.49253663228
26457.0,-11506.953591260522
26458.0,-9055.4656458883
26459.0,-9768.935700516075
26460.0,-7633.943755143851
26461.0,-7397.925809771627
26462.0,-6528.9168643994035
26463.0,-6609.394919027645
26464.0,-6689.872973655421
26465.0,-7086.847028283198
26466.0,-7167.325082910974
26467.0,-4715.8371375387505
26468.0,-2580.8461921665257
26469.0,-445.8542467943025
26470.0,1056.1466985774568
26471.0,2558.14664394968
26472.0,1844.6775893219055
26473.0,1447.7035346941284
26474.0,417.73848006635126
26475.0,970.2514254385751
26476.0,1522.7653708103353
26477.0,2391.7743161825565
26478.0,2944.287261554782
26479.0,4446.288206927005
26480.0,4049.31415229923
26481.0,3968.836097671454
26482.0,3888.3580430436778
26483.0,4124.375988415435
26484.0,4360.392933787658
26485.0,3963.419879159883
26486.0,4199.436824532106
26487.0,3802.4637699043305
26488.0,4038.4807152765534
26489.0,3325.0116606483134
26490.0,3877.5246060205354
26491.0,4113.5425513927585
26492.0,6565.0294967649825
26493.0,6484.551442137206
26494.0,7986.552387509433
26495.0,6956.587332881656
26496.0,7825.596278253415
26497.0,5846.144223625637
26498.0,5449.170168997862
26499.0,5685.188114370085
26500.0,8392.512736023062
26501.0,11099.83735767604
26502.0,13807.16197932902
26503.0,14116.623169271992
26504.0,11261.127359214966
26505.0,9988.109549157969
26506.0,7132.613739100943
26507.0,5543.099929043916
26508.0,3953.5871189868885
26509.0,3630.056308929863
26510.0,2040.5434988728357
26511.0,767.5256888158092
26512.0,-1138.4831212412155
26513.0,-1145.5179312982418
26514.0,-4001.0137413552693
26515.0,-4641.040551412295
26516.0,-6863.5453614693215
26517.0,-9086.049171526349
26518.0,-10359.066981583373
26519.0,-13214.562791640401
26520.0,-11955.614601697427
26521.0,-14494.615411754454
26522.0,-11653.189221811479
26523.0,-12926.207031868506
26524.0,-10401.275841925531
26525.0,-11674.293651982558
26526.0,-10731.841462039556
26527.0,-9789.389272096581
26528.0,-10745.911082153609
26529.0,-8220.979892210635
26530.0,-10126.988702267661
26531.0,-7918.5545123246875
26532.0,-10457.554322381713
26533.0,-6666.641132438741
26534.0,-5724.188942495766
26535.0,-1933.2757525527932
26536.0,-990.8225626098192
26537.0,584.6206273331536
26538.0,1210.5768172761273
26539.0,-695.4319927808974
26540.0,-69.47480283792538
26541.0,-1342.49261289495
26542.0,1815.429577048022
26543.0,1808.3947669909958
26544.0,4649.820956933971
26545.0,4326.290146876943
26546.0,5268.742336819918
26547.0,3995.7245267628914
26548.0,5254.672716705894
26549.0,5247.637906648868
26550.0,5873.595096591842
26551.0,6499.5512865348155
26552.0,6176.020476477788
26553.0,6485.481666420763
26554.0,6161.9508563637355
26555.0,7104.40304630671
26556.0,8046.855236249685
26557.0,8989.307426192656
26558.0,8665.77761613563
26559.0,9291.733806078606
26560.0,8018.7159960215795
26561.0,8011.681185964553
26562.0,7055.159375907526
26563.0,7681.116565850498
26564.0,7041.089755793473
26565.0,7350.550945736446
26566.0,6710.5251356794215
26567.0,7652.9773256223925
26568.0,8278.933515565368
26569.0,8588.39470550834
26570.0,8897.854895451343
26571.0,7941.333085394319
26572.0,6035.324275337291
26573.0,3179.828465280265
26574.0,1906.8106552232384
26575.0,633.7938451662121
26576.0,2525.733035109186
26577.0,2202.2022250521586
26578.0,2828.1584149951323
26579.0,1871.6366049381068
26580.0,282.12379488107945
26581.0,-1623.8850151759452
26582.0,-2896.9028252329726
26583.0,-4169.920635289999
26584.0,-4493.450445347025
26585.0,-5133.477255404051
26586.0,-6722.990065461077
26587.0,-7046.520875518105
26588.0,-8319.538685575131
26589.0,-7693.581495632157
26590.0,-7384.121305689183
26591.0,-5175.686115746209
26592.0,-5182.720925803206
26593.0,-3923.7727358602333
26594.0,-5513.28554591726
26595.0,-5836.816355974285
26596.0,-6793.338166031312
26597.0,-5850.885976088338
26598.0,-4591.937786145365
26599.0,-3649.485596202391
26600.0,-1441.0504062594173
26601.0,-498.59821631644445
26602.0,-505.6330263734708
26603.0,-1145.6598364304955
26604.0,-1152.6946464875218
26605.0,-2109.216456544549
26606.0,-1799.7552666015745
26607.0,-2756.277076658602
26608.0,-864.337886715628
26609.0,-1504.3636967726543
26610.0,387.57549317031953
26611.0,-885.442316886707
26612.0,57.00987305626586
26613.0,-1216.0079370007588
26614.0,-1539.5377470577569
26615.0,-2179.5645571147834
26616.0,-4085.57336717181
26617.0,-2193.634177228836
26618.0,-3150.1559872858625
26619.0,-941.7207973428885
26620.0,-2214.738607399915
26621.0,-6.303417456942043
26622.0,619.6527724860316
26623.0,2828.0879624290064
26624.0,3770.5401523719793
26625.0,4712.992342314954
26626.0,5971.940532257928
26627.0,4698.922722200901
26628.0,5324.879912143875
26629.0,5001.349102086848
26630.0,5245.405582524603
26631.0,5607.7076379667305
26632.0,8818.471693409094
26633.0,10130.261748851222
26634.0,12075.042804293349
26635.0,11804.354859735478
26636.0,11533.665915177608
26637.0,10946.480970619734
26638.0,10992.288026061862
26639.0,11038.09508150399
26640.0,11083.902136946352
26641.0,10496.718192388482
26642.0,9593.03824783061
26643.0,9322.349303272738
26644.0,8102.174358714867
26645.0,7198.494414156994
26646.0,5661.822469599123
26647.0,4125.151525041252
26648.0,2588.479580483612
26649.0,1051.8086359257395
26650.0,-801.3583086321323
26651.0,-1705.0382531900032
26652.0,-4191.197197747875
26653.0,-6044.364142305747
26654.0,-7897.531086863618
26655.0,-9750.69803142149
26656.0,-11287.369975979129
26657.0,-13140.536920537
26658.0,-14677.207865094872
26659.0,-16530.374809652745
26660.0,-17434.054754210614
26661.0,-19287.221698768488
26662.0,-18924.919643326357
26663.0,-19195.60758788423
26664.0,-18200.313532442102
26665.0,-16888.52447699974
26666.0,-16209.725421557614
26667.0,-15214.431366115485
26668.0,-15168.624310673356
26669.0,-14489.826255231228
26670.0,-14127.523199789099
26671.0,-12182.74214434697
26672.0,-10554.457088904843
26673.0,-8293.180033462482
26674.0,-7614.380978020354
26675.0,-5353.104922578225
26676.0,-3724.8188671360967
26677.0,-1463.541811693969
26678.0,-784.7437562518408
26679.0,843.5412991902886
26680.0,1205.844354632416
26681.0,1884.6424100747772
26682.0,1930.4494655169055
26683.0,710.2745209590339
26684.0,2022.0635764011622
26685.0,2384.3666318432915
26686.0,4962.13968728542
26687.0,5324.4417427275475
26688.0,6952.727798169675
26689.0,6682.038853612037
26690.0,7044.341909054165
26691.0,6457.156964496295
26692.0,6186.469019938424
26693.0,6232.276075380552
26694.0,6278.083130822681
26695.0,6007.394186264808
26696.0,7635.679241706937
26697.0,7364.991297149296
26698.0,8993.276352591427
26699.0,9039.083408033555
26700.0,9717.882463475682
26701.0,9763.68951891781
26702.0,8543.513574359939
26703.0,9538.807629802068
26704.0,6103.161685244195
26705.0,7098.455740686324
26706.0,5245.288796128685
26707.0,5607.591851570813
26708.0,4703.911907012942
26709.0,4749.71896245507
26710.0,5112.022017897198
26711.0,3258.8540733393256
26712.0,3621.157128781455
26713.0,1451.4941842235821
26714.0,1813.7972396659443
26715.0,-672.3607048919275
26716.0,-1576.0416494497995
26717.0,-1213.738594007671
26718.0,-2433.914538565543
26719.0,-489.1324831234142
26720.0,-2658.795427681286
26721.0,-81.02337223915674
26722.0,-3833.164316796797
26723.0,-1571.8872613546682
26724.0,-5324.02820591254
26725.0,-4012.239150470411
26726.0,-5548.910095028283
26727.0,-3920.6250395861543
26728.0,-2292.3389841440267
26729.0,-2563.0279287018984
26730.0,331.2401267404639
26731.0,-888.9358178174089
26732.0,3669.6114797861046
26733.0,-214.66028479931902
26734.0,2230.9819506147905
26735.0,-703.8038139706332
26736.0,1108.847421443943
26737.0,-559.9553431419472
26738.0,1569.1908922726288
26739.0,1799.3631276872038
26740.0,2346.030363101314
26741.0,3525.68959851589
26742.0,3755.8608339304665
26743.0,5252.016069345042
26744.0,4532.700304759152
26745.0,4446.376540173727
26746.0,3410.565775588304
26747.0,2691.251011002414
26748.0,1971.93624641699
26749.0,1885.6124818315657
26750.0,2115.783717245675
26751.0,3611.9389526602517
26752.0,3842.1101880748265
26753.0,5654.761423489403
26754.0,4935.445658903513
26755.0,5798.608894318089
26756.0,4129.807129732664
26757.0,4359.978365146775
26758.0,2691.17660056135
26759.0,2921.3488359759267
26760.0,3468.016071390037
26761.0,4331.179306804612
26762.0,5194.3425422191885
26763.0,5741.010777633299
26764.0,7237.165013047874
26765.0,6517.850248462451
26766.0,7064.517483877025
26767.0,5712.210719291135
26768.0,6891.869954705711
26769.0,5856.059190120288
26770.0,7352.213425534399
26771.0,5999.907660948975
26772.0,7496.06189636355
26773.0,6143.75513177766
26774.0,6690.423367192234
26775.0,4705.125602606811
26776.0,4935.296838021386
26777.0,3266.495073435497
26778.0,2230.684308850072
26779.0,1194.8735442646484
26780.0,-1106.9202203212426
26781.0,-1509.739984906666
26782.0,-4761.0207494920905
26783.0,-5163.83951407798
26784.0,-6832.642278663404
26785.0,-6918.966043248828
26786.0,-8271.271807834719
26787.0,-9307.083572420142
26788.0,-11292.381337005567
26789.0,-14227.16610159099
26790.0,-16212.46386617688
26791.0,-17564.770630762305
26792.0,-18917.07639534773
26793.0,-17420.92215993362
26794.0,-17507.245924519044
26795.0,-15061.603689104468
26796.0,-16730.406453690357
26797.0,-16500.234218275782
26798.0,-16586.557982861206
26799.0,-17305.87374744663
26800.0,-16126.21451203252
26801.0,-15896.042276617944
26802.0,-13450.401041203368
26803.0,-14486.211805789259
26804.0,-12040.569570374682
26805.0,-12443.389334960108
26806.0,-10314.243099545996
26807.0,-9451.079864131421
26808.0,-8271.420628716845
26809.0,-5192.787393302735
26810.0,-5912.103157888159
26811.0,-2833.469922473583
26812.0,-4818.767687059008
26813.0,-2373.1264516448973
26814.0,-4358.424216230322
26815.0,-1279.7909808157456
26816.0,-1682.6107454016364
26817.0,130.0404900129397
26818.0,676.7077254275155
26819.0,2172.8619608416266
26820.0,2719.5301962562007
26821.0,1367.2234316707782
26822.0,2863.3776670848893
26823.0,1827.566902499464
26824.0,3640.217137914038
26825.0,2920.902373328616
26826.0,6316.031608742724
26827.0,6862.698844157301
26828.0,9308.341079571877
26829.0,8589.025314985985
26830.0,9768.684550400561
26831.0,8732.87378581514
26832.0,8330.054021229247
26833.0,7927.234256643824
26834.0,8157.406492058399
26835.0,9337.065727472975
26836.0,9250.741962887085
26837.0,10430.40119830166
26838.0,9711.085433716238
26839.0,9941.257669130347
26840.0,9221.942904544925
26841.0,9768.610139959499
26842.0,8416.303375373609
26843.0,8962.971610788187
26844.0,6661.177846202761
26845.0,8439.923885193462
26846.0,10218.669924184162
26847.0,11997.415963174863
26848.0,10332.029015679118
26849.0,10249.120068183374
26850.0,9849.715120687164
26851.0,9766.80617319142
26852.0,9367.402225695212
26853.0,7069.023278199467
26854.0,4770.644330703259
26855.0,1839.2743832075157
26856.0,806.8784357117711
26857.0,-2124.4915117844384
26858.0,-1890.9054592801813
26859.0,-3872.788406776391
26860.0,-3639.2013542721347
26861.0,-5304.589301767878
26862.0,-5071.002249264087
26863.0,-6736.389196759831
26864.0,-6819.29814425604
26865.0,-6585.712091751784
26866.0,-6668.621039247993
26867.0,-6118.537986743737
26868.0,-6517.942934239481
26869.0,-5018.37388173569
26870.0,-5734.273829231433
26871.0,-4551.1997767276425
26872.0,-5583.595724223387
26873.0,-4400.521671719596
26874.0,-5116.42261921534
26875.0,-4566.3395667110835
26876.0,-5598.736514207292
26877.0,-5681.645461703036
26878.0,-6081.049409199246
26879.0,-6796.950356694989
26880.0,-6563.363304191198
26881.0,-6329.7762516869425
26882.0,-6096.190199182685
26883.0,-5862.603146678895
26884.0,-7211.495094174638
26885.0,-7294.404041670848
26886.0,-8326.799989166591
26887.0,-9042.699936662335
26888.0,-10391.591884158544
26889.0,-10790.995831654287
26890.0,-9607.922779150496
26891.0,-10007.32672664624
26892.0,-7558.27067414245
26893.0,-6691.692621638194
26894.0,-4242.635569133938
26895.0,-3376.057516630147
26896.0,-2192.9844641258906
26897.0,-693.4144116220996
26898.0,-776.3233591178432
26899.0,1039.7416933859477
26900.0,1589.823745890204
26901.0,3405.8887983944605
26902.0,4905.458850898251
26903.0,6405.027903402508
26904.0,9170.580955906298
26905.0,9404.167008410554
26906.0,13119.20606091481
26907.0,13669.289113418603
26908.0,16118.34516592286
26909.0,16035.43621842665
26910.0,16902.014270930904
26911.0,16819.105323434695
26912.0,14837.222375938953
26913.0,16020.29642844321
26914.0,14038.413480946998
26915.0,16803.965533451257
26916.0,13872.595585955045
26917.0,16005.156638459302
26918.0,14339.768690963094
26919.0,13940.364743467351
26920.0,11641.985795971606
26921.0,9343.606848475396
26922.0,8627.706900979654
26923.0,6012.8319534834445
26924.0,6246.4190059877
26925.0,3315.0490584914915
26926.0,1966.1571109957476
26927.0,-965.2128364999971
26928.0,-1681.1137839962066
26929.0,-3662.9967314919486
26930.0,-6277.870678988159
26931.0,-6993.771626483903
26932.0,-8659.158573979646
26933.0,-9058.563521475855
26934.0,-10723.9504689716
26935.0,-10173.868416467809
26936.0,-9307.290363963551
26937.0,-10023.19031145976
26938.0,-9156.612258955505
26939.0,-10822.000206451248
26940.0,-9005.934153947459
26941.0,-11304.313101443202
26942.0,-10121.239048939411
26943.0,-10520.643996435154
26944.0,-9337.569943931365
26945.0,-7838.0008914271075
26946.0,-6654.926838922851
26947.0,-4522.365786419061
26948.0,-3972.2837339148045
26949.0,-1523.2276814110137
26950.0,-656.6496289067563
26951.0,526.4244235970345
26952.0,127.02047610129011
26953.0,360.6065286055473
26954.0,-355.293418890662
26955.0,-1071.1943663864058
26956.0,-521.1113138826149
26957.0,661.9627386216416
26958.0,895.548791125897
26959.0,2395.118843629687
26960.0,2628.704896133946
26961.0,3495.282948637734
26962.0,2462.887001141993
26963.0,1746.987053645782
26964.0,1347.5821061500392
26965.0,1581.1691586542947
26966.0,1498.2602111580854
26967.0,1415.3512636623418
26968.0,1965.4333161661343
26969.0,1882.5243686703907
26970.0,1799.6154211741814
26971.0,2033.202473678437
26972.0,1000.8065261826923
26973.0,1867.384578686484
26974.0,1467.9796311907412
26975.0,1068.5756836945293
26976.0,352.6747361987873
26977.0,-1312.712211297423
26978.0,186.85684120683436
26979.0,3965.8960529817286
26980.0,4277.1825282897225
26981.0,2372.9990035977444
26982.0,3000.7804789057664
26983.0,-169.38604578624108
26984.0,-1124.0825704782183
26985.0,-2711.7700951701972
26986.0,-4299.458619862205
26987.0,-4304.668144554183
26988.0,-6841.84266924616
26989.0,-5264.574193938138
26990.0,-8118.244718630145
26991.0,-5907.984243322123
26992.0,-8128.663768014101
26993.0,-7184.386292706109
26994.0,-8772.073817398086
26995.0,-8144.292342090064
26996.0,-8782.492866782042
26997.0,-9737.18939147405
26998.0,-9109.407916166028
26999.0,-9747.608440858006
27000.0,-7853.843965550013
27001.0,-8808.54049024199
27002.0,-5965.289014933968
27003.0,-5021.011539625947
27004.0,-3443.743064317954
27005.0,-3765.447589009932
27006.0,-2821.17011370191
27007.0,-2826.379638393917
27008.0,-3781.076163085895
27009.0,-3469.7906877778732
27010.0,-3475.0002124698512
27011.0,-1897.7307371618572
27012.0,-1586.444261853836
27013.0,-325.67178654581403
27014.0,-14.385311237821952
27015.0,613.3961640702
27016.0,924.682639378223
27017.0,1552.464114686216
27018.0,1547.254589994238
27019.0,592.5580653022589
27020.0,270.8535406102819
27021.0,-683.8429840817262
27022.0,-372.5575087737034
27023.0,-61.271033465682194
27024.0,1515.9974418423117
27025.0,2143.779917150334
27026.0,3088.057392458355
27027.0,2766.351867766378
27028.0,3394.1333430743707
27029.0,3388.9238183823927
27030.0,3700.210293690414
27031.0,4960.983768998407
27032.0,5272.27024430643
27033.0,6849.538719614451
27034.0,7160.825194922472
27035.0,8105.102670230466
27036.0,9682.371145538487
27037.0,10943.14462084651
27038.0,12520.413096154502
27039.0,12831.699571462526
27040.0,13142.986046770548
27041.0,13137.77652207857
27042.0,13132.566997386562
27043.0,14076.844472694585
27044.0,14704.625948002606
27045.0,16914.8864233106
27046.0,16909.67689861862
27047.0,17537.45837392664
27048.0,15949.770849234636
27049.0,15311.57032454266
27050.0,12774.394799850681
27051.0,11819.698275158702
27052.0,10548.505750466695
27053.0,8644.322225774718
27054.0,8955.60870108274
27055.0,6734.929176390731
27056.0,6413.223651698754
27057.0,4192.545127006775
27058.0,4820.326602314797
27059.0,2599.6470776227907
27060.0,1961.4465529308127
27061.0,-892.2239717611665
27062.0,-3429.399496453173
27063.0,-5966.574021145151
27064.0,-8820.24554583713
27065.0,-9458.446070529108
27066.0,-9780.151595221114
27067.0,-9468.865119913093
27068.0,-9790.57064460507
27069.0,-9162.788169297077
27070.0,-9484.493693989056
27071.0,-10439.190218681033
27072.0,-11077.39074337304
27073.0,-11715.592268065018
27074.0,-10771.314792756995
27075.0,-11409.515317448973
27076.0,-10465.237842140981
27077.0,-10786.943366832958
27078.0,-9526.169891524938
27079.0,-8898.388416216945
27080.0,-8270.605940908923
27081.0,-7009.832465600901
27082.0,-7964.529990292878
27083.0,-7653.243514984886
27084.0,-7974.949039676863
27085.0,-7347.166564368841
27086.0,-7668.872089060849
27087.0,-5458.611613752827
27088.0,-5780.317138444804
27089.0,-4519.543663136783
27090.0,-4208.25718782879
27091.0,-3896.971712520768
27092.0,-3585.685237212746
27093.0,-4223.885761904753
27094.0,-3596.104286596731
27095.0,-3284.817811288709
27096.0,-2657.036335980687
27097.0,-2978.741860672694
27098.0,-1084.9763853646728
27099.0,492.2920899433502
27100.0,2069.5605652513423
27101.0,3330.3340405593644
27102.0,4591.107515867387
27103.0,6168.3759911753805
27104.0,6479.662466483402
27105.0,6474.452941791424
27106.0,6785.739417099445
27107.0,6464.0338924074385
27108.0,7091.815367715462
27109.0,8036.092843023482
27110.0,9296.866318331475
27111.0,10874.135793639496
27112.0,12451.40426894752
27113.0,12446.194744255543
27114.0,11807.994219563534
27115.0,11169.792694871558
27116.0,9582.105170179577
27117.0,9576.89564548757
27118.0,8305.703120795595
27119.0,8300.493596103617
27120.0,7345.797071411638
27121.0,7657.08354671963
27122.0,5752.900022027654
27123.0,5431.194497335675
27124.0,4476.497972643667
27125.0,3521.8014479516896
27126.0,2883.5999232597114
27127.0,979.4163985677333
27128.0,-291.7751261242738
27129.0,-1879.4636508162512
27130.0,-3150.6561755082303
27131.0,-3788.8567002002374
27132.0,-4110.562224892215
27133.0,-3799.2757495841934
27134.0,-3487.9892742762004
27135.0,-3809.6947989681785
27136.0,-3181.9133236601565
27137.0,-3503.6178483521344
27138.0,-3825.3233730441416
27139.0,-4780.01989773612
27140.0,-3835.7424224280976
27141.0,-3840.9519471201047
27142.0,-2896.6744718120826
27143.0,-2268.8919965040604
27144.0,-1641.1105211960385
27145.0,-63.842045888046414
27146.0,247.4444294199766
27147.0,-74.26109527200242
27148.0,-1028.9576199640087
27149.0,-2300.1491446559867
27150.0,-2621.854669347964
27151.0,-4209.543194039943
27152.0,-3898.25671873195
27153.0,-3903.466243423928
27154.0,-2642.692768115905
27155.0,-3597.389292807913
27156.0,-3919.094817499891
27157.0,-3924.304342191869
27158.0,-6144.9838668838465
27159.0,-5833.697391575854
27160.0,-8054.376916267833
27161.0,-6477.10744095981
27162.0,-9747.51970704913
27163.0,-7842.079570801763
27164.0,-9734.589434554397
27165.0,-7829.149298307
27166.0,-6556.702162059632
27167.0,-4967.758025812237
27168.0,-1796.3358895648707
27169.0,-2739.357753317503
27170.0,-200.92761707010686
27171.0,-1776.940480822741
27172.0,128.49865542462612
27173.0,-1447.5152083279772
27174.0,2673.393927919389
27175.0,4262.338064166757
27176.0,7117.264200414153
27177.0,8706.207336661519
27178.0,9662.159472908916
27179.0,11567.59860915628
27180.0,9358.59474540365
27181.0,11580.528881651044
27182.0,10321.01201789841
27183.0,12859.442154145778
27184.0,12232.916290393176
27185.0,13188.868426640543
27186.0,13195.33356288794
27187.0,13201.798699135306
27188.0,13208.263835382673
27189.0,12898.232971630066
27190.0,12904.698107877433
27191.0,10062.702244124801
27192.0,9752.671380372198
27193.0,7227.1715166195645
27194.0,5651.157652866961
27195.0,3758.648789114328
27196.0,3448.618925361694
27197.0,3138.588061609091
27198.0,2512.0611978564575
27199.0,1885.5353341038244
27200.0,626.0174703512203
27201.0,-949.9953934014138
27202.0,-4108.487257154017
27203.0,-5684.50012090665
27204.0,-8210.000984659284
27205.0,-10735.500848411888
27206.0,-12628.00971216452
27207.0,-13887.527575917153
27208.0,-13564.566439669758
27209.0,-13558.10130342239
27210.0,-13551.636167174995
27211.0,-13228.676030927627
27212.0,-13538.70589468026
27213.0,-13848.736758432864
27214.0,-15424.750622185496
27215.0,-15418.28548593813
27216.0,-15411.820349690734
27217.0,-14455.868213443367
27218.0,-13183.420077195971
27219.0,-12543.962940948604
27220.0,-11904.506804701237
27221.0,-10632.058668453843
27222.0,-9359.611532206476
27223.0,-8403.659395959108
27224.0,-7131.211259711712
27225.0,-6491.754123464346
27226.0,-4902.810987216979
27227.0,-5529.336850969583
27228.0,-3940.393714722216
27229.0,-4250.42457847482
27230.0,-2344.9844422274527
27231.0,-2022.024305980085
27232.0,-116.5851697326907
27233.0,839.3669665146772
27234.0,2111.8151027620443
27235.0,2751.2712390094403
27236.0,2124.745375256807
27237.0,2764.201511504203
27238.0,2770.66664775157
27239.0,3726.6197839989363
27240.0,4999.066920246332
27241.0,7221.0020564937
27242.0,9126.441192741066
27243.0,9765.898328988464
27244.0,9139.371465235829
27245.0,9778.828601483227
27246.0,8202.814737730594
27247.0,9158.766873977958
27248.0,7266.258010225356
27249.0,9171.697146472721
27250.0,7279.18828272009
27251.0,8235.140418967487
27252.0,6975.6225552148535
27253.0,7298.583691462249
27254.0,6672.057827709614
27255.0,5729.035963956983
27256.0,6368.4921002043775
27257.0,2260.513236451745
27258.0,3216.465372699111
27259.0,-575.0174910534934
27260.0,697.4306451938737
27261.0,-3410.54821855873
27262.0,-555.6220823113636
27263.0,-2131.634946063996
27264.0,-859.1878098165998
27265.0,-2435.200673569232
27266.0,-2112.239537321866
27267.0,-2422.270401074469
27268.0,-3365.2922648271033
27269.0,-2725.8361285797364
27270.0,-4301.8489923323405
27271.0,-1763.4188560849725
27272.0,-3972.4237198375777
27273.0,-1750.4885835902096
27274.0,-2377.0144473428427
27275.0,-155.07931109544734
27276.0,-148.61417484808044
27277.0,2073.3199613992856
27278.0,1763.2900976466826
27279.0,2086.2502338940485
27280.0,826.7333701414445
27281.0,200.20650638881125
27282.0,-426.31935736382184
27283.0,-419.85422111642583
27284.0,1169.088915130942
27285.0,1175.554051378309
27286.0,1182.019187625705
27287.0,-393.99367612692913
27288.0,-704.0245398795323
27289.0,-1330.5504036321654
27290.0,-1640.5812673847977
27291.0,-2267.1071311374017
27292.0,-1944.1459948900356
27293.0,-3203.663858642669
27294.0,-4146.685722395273
27295.0,-5406.203586147906
27296.0,-4766.74744990051
27297.0,-5076.777313653143
27298.0,-3487.8341774057762
27299.0,-3481.3690411583802
27300.0,-3158.4079049110132
27301.0,-4101.429768663646
27302.0,-4411.4606324162505
27303.0,-4088.4994961688835
27304.0,-3132.5473599214874
27305.0,-1227.1082236741204
27306.0,-587.6520874267535
27307.0,684.7960488206427
27308.0,691.2611850680096
27309.0,1963.7093213153767
27310.0,2286.6694575627716
27311.0,3242.6215938101395
27312.0,4198.574730057506
27313.0,5154.526866304903
27314.0,6110.479002552271
27315.0,5483.952138799665
27316.0,6439.904275047033
27317.0,7079.361411294398
27318.0,8351.808547541794
27319.0,8358.27368378916
27320.0,8681.23482003653
27321.0,8054.708956283925
27322.0,7428.182092531293
27323.0,6801.656228778687
27324.0,4909.147365026054
27325.0,4599.116501273422
27326.0,3656.094637520817
27327.0,3029.5687737681837
27328.0,1137.0599100155505
27329.0,827.0290462629473
27330.0,200.50318251031422
27331.0,-1059.01468124229
27332.0,-1685.540544994923
27333.0,-3261.5544087475564
27334.0,-4521.072272500161
27335.0,-6730.076136252794
27336.0,-7989.594000005427
27337.0,-9565.60786375803
27338.0,-10192.133727510663
27339.0,-9552.677591263267
27340.0,-9862.707455015901
27341.0,-8590.260318768534
27342.0,-8900.290182521137
27343.0,-8577.330046273772
27344.0,-9203.855910026405
27345.0,-10146.877773779008
27346.0,-10140.412637531641
27347.0,-11083.434501284244
27348.0,-9810.986365036879
27349.0,-11703.49522878951
27350.0,-9165.065092542116
27351.0,-9475.095956294748
27352.0,-7569.656820047381
27353.0,-7879.686683799986
27354.0,-5341.256547552618
27355.0,-5334.791411305251
27356.0,-4695.334275057856
27357.0,-5321.861138810488
27358.0,-6264.883002563092
27359.0,-4992.434866315726
27360.0,-5935.456730068358
27361.0,-4030.017593820963
27362.0,-3390.5614575735963
27363.0,-1168.6263213262282
27364.0,-1478.656185078833
27365.0,110.28695116853305
27366.0,-516.2389125840709
27367.0,439.71322366329696
27368.0,762.6733599106628
27369.0,2035.121496158059
27370.0,3307.569632405426
27371.0,4896.512768652794
27372.0,6168.96090490019
27373.0,8390.896041147556
27374.0,8397.361177394952
27375.0,9353.31331364232
27376.0,10942.256449889686
27377.0,12214.704586137083
27378.0,12854.160722384448
27379.0,13810.112858631815
27380.0,14766.065994879213
27381.0,14772.53113112658
27382.0,16044.978267373976
27383.0,16367.939403621342
27384.0,18273.37853986871
27385.0,18912.834676116105
27386.0,19235.79581236347
27387.0,17976.277948610837
27388.0,16400.265084858234
27389.0,13874.7642211056
27390.0,12615.247357352997
27391.0,11039.233493600364
27392.0,11362.19462984773
27393.0,11368.659766095127
27394.0,11691.620902342493
27395.0,10432.10303858986
27396.0,9805.577174837257
27397.0,7913.0673110846255
27398.0,6020.5584473319905
27399.0,4128.049583579386
27400.0,1919.0447198267539
27401.0,1609.014856074149
27402.0,-916.4860076784826
27403.0,-1226.5158714311165
27404.0,-2486.0337351837206
27405.0,-2163.073598936354
27406.0,-2789.599462688987
27407.0,-2783.134326441591
27408.0,-3409.660190194224
27409.0,-3719.691053946828
27410.0,-4346.216917699461
27411.0,-4972.743781452094
27412.0,-5599.269645204698
27413.0,-5909.300508957331
27414.0,-5902.835372709964
27415.0,-5896.370236462568
27416.0,-5573.409100215201
27417.0,-4933.952963967805
27418.0,-3978.000827720439
27419.0,-3971.535691473072
27420.0,-3965.070555225676
27421.0,-5224.587418978309
27422.0,-5851.114282730941
27423.0,-6794.136146483546
27424.0,-8370.149010236179
27425.0,-7730.692873988783
27426.0,-8040.723737741416
27427.0,-7717.762601494049
27428.0,-8344.288465246653
27429.0,-9920.302328999285
27430.0,-10230.33219275192
27431.0,-12755.833056504523
27432.0,-12116.375920257156
27433.0,-16250.221596559371
27434.0,-13424.82307347631
27435.0,-14713.868550393363
27436.0,-12837.9570273103
27437.0,-13810.506504227238
27438.0,-12884.08198114429
27439.0,-11324.665458061228
27440.0,-11347.727934978166
27441.0,-8205.83441189522
27442.0,-8545.391888812157
27443.0,-4454.010365729094
27444.0,-6376.0468426461475
27445.0,-2601.1613195630835
27446.0,-3573.710796480138
27447.0,-115.32127339707586
27448.0,1760.5902496859871
27449.0,4902.484772768934
27450.0,8360.875295851998
27451.0,8970.80381893506
27452.0,11479.707342018006
27453.0,9874.16586510107
27454.0,12383.069388184016
27455.0,10461.032911267077
27456.0,12969.93543435014
27457.0,12313.881957433088
27458.0,14189.79348051615
27459.0,15116.218003599213
27460.0,16359.13852668216
27461.0,16652.57104976522
27462.0,15680.02157284817
27463.0,16606.44609593123
27464.0,15317.401619014294
27465.0,14661.347142097242
27466.0,12422.814665180304
27467.0,11450.265188263365
27468.0,11427.202711346312
27469.0,9505.166234429376
27470.0,8849.112757512437
27471.0,8509.554280595385
27472.0,8169.9968036784485
27473.0,7197.446326761394
27474.0,5591.905849844457
27475.0,4619.356372927521
27476.0,3013.8158960104665
27477.0,2041.26541909353
27478.0,435.72494217659187
27479.0,-536.8245347404609
27480.0,-2458.861011657398
27481.0,-3114.9144885744518
27482.0,-4403.959965491389
27483.0,-4743.518442408326
27484.0,-5716.06791932538
27485.0,-6055.626396242317
27486.0,-7028.175873159254
27487.0,-8633.716350076307
27488.0,-9606.265826993245
27489.0,-9945.824303910298
27490.0,-9335.895780827235
27491.0,-9358.958257744172
27492.0,-7483.045734661227
27493.0,-7189.613211578163
27494.0,-5946.692688495101
27495.0,-6602.746165412154
27496.0,-6309.313642329092
27497.0,-6332.376119246029
27498.0,-6671.933596163082
27499.0,-5429.014073080019
27500.0,-5452.076549997073
27501.0,-2943.17302691401
27502.0,-2333.244503830947
27503.0,-140.83698074800122
27504.0,152.59654233506262
27505.0,1395.5160654181254
27506.0,2638.436588501072
27507.0,1982.383111584135
27508.0,2908.8076346670805
27509.0,2252.7541577501433
27510.0,4128.665680833208
27511.0,3472.6112039161526
27512.0,4715.531726999216
27513.0,5008.965250082278
27514.0,5935.389773165225
27515.0,6861.814296248289
27516.0,7471.7428193312335
27517.0,8714.663342414296
27518.0,7742.113865497358
27519.0,7402.555388580306
27520.0,6746.50191166337
27521.0,5457.456434746433
27522.0,5434.393957829379
27523.0,3512.357480912442
27524.0,4122.286003995505
27525.0,2200.249527078451
27526.0,3126.674050161513
27527.0,1837.6295732444596
27528.0,865.0790963275231
27529.0,-1373.452380589415
27530.0,-4244.975857506468
27531.0,-4268.038334423405
27532.0,-8405.544811340344
27533.0,-7162.625288257396
27534.0,-9401.156765174333
27535.0,-7525.245242091387
27536.0,-10080.273719008324
27537.0,-8520.857195925262
27538.0,-11075.885672842314
27539.0,-10465.957149759251
27540.0,-12071.49762667619
27541.0,-11778.064103593242
27542.0,-11168.13558051018
27543.0,-10558.207057427117
27544.0,-9315.28653434417
27545.0,-9021.853011261108
27546.0,-8095.428488178161
27547.0,-8434.986965095097
27548.0,-5926.083442012035
27549.0,-6582.137918929089
27550.0,-4073.234395846026
27551.0,-5045.783872762962
27552.0,-2853.3763496800166
27553.0,-4142.421826596954
27554.0,-3532.4933035140075
27555.0,-5138.033780430944
27556.0,-3262.1222573478826
27557.0,-3285.184734264936
27558.0,-1409.2732111818732
27559.0,-799.3446880988104
27560.0,-822.4071650158639
27561.0,-1478.460641932801
27562.0,-3716.993118849854
27563.0,-4056.550595766792
27564.0,-5662.0920726837285
27565.0,-4735.667549600781
27566.0,-6024.713026517719
27567.0,-4465.296503434656
27568.0,-5754.34198035171
27569.0,-4511.421457268647
27570.0,-5800.466934185584
27571.0,-5190.537411102638
27572.0,-5213.599888019575
27573.0,-3970.6803649366284
27574.0,-4626.7338418535655
27575.0,-4333.3003187705035
27576.0,-4356.362795687557
27577.0,-3746.4342726044943
27578.0,-2503.5137495214312
27579.0,-944.0982264384838
27580.0,615.3182966445784
27581.0,1858.2378197275248
27582.0,3101.158342810588
27583.0,3078.0958658936506
27584.0,5270.503388976598
27585.0,5247.440912059661
27586.0,6490.361435142724
27587.0,6467.2989582256705
27588.0,8026.7144813087325
27589.0,8636.643004391677
27590.0,9879.56352747474
27591.0,9856.501050557803
27592.0,10782.92557364075
27593.0,10443.368096723814
27594.0,10420.305619806877
27595.0,8498.268142889821
27596.0,8158.710665972885
27597.0,7186.161189055947
27598.0,6846.602712138894
27599.0,6507.044235221958
27600.0,6167.486758304905
27601.0,6144.424281387968
27602.0,4222.386804471029
27603.0,3882.8293275539763
27604.0,7144.375824424915
27605.0,6487.640363703113
27606.0,4564.922902981427
27607.0,2958.7014422597404
27608.0,1985.4709815379392
27609.0,695.7445208162535
27610.0,355.50506009445235
27611.0,-617.7254006272342
27612.0,-324.97286134891874
27613.0,-2247.690322070722
27614.0,-2271.4337827924073
27615.0,-1978.6822435142094
27616.0,-4217.894704235895
27617.0,-4241.638164957581
27618.0,-7113.843625679382
27619.0,-4922.117086401067
27620.0,-8110.81754712287
27621.0,-5602.595007844555
27622.0,-7525.312468566241
27623.0,-5966.577929288043
27624.0,-7572.799390009728
27625.0,-7596.54285073153
27626.0,-7303.791311453216
27627.0,-8910.012772174901
27628.0,-7667.773232896703
27629.0,-9906.986693618388
27630.0,-7715.260154340191
27631.0,-10587.464615061876
27632.0,-8079.243075783562
27633.0,-10634.951536505363
27634.0,-7810.233997227049
27635.0,-9099.960457948851
27636.0,-6591.738918670537
27637.0,-7248.473379392222
27638.0,-7588.712840114024
27639.0,-7928.95130083571
27640.0,-7003.207761557396
27641.0,-5444.473222279197
27642.0,-4835.2246830008835
27643.0,-1694.0121437226853
27644.0,-451.7726044443698
27645.0,1739.953934833944
27646.0,2032.7064741121412
27647.0,3591.4410133904566
27648.0,4200.688552668655
27649.0,5759.4240919469685
27650.0,6052.176631225284
27651.0,8876.894170503481
27652.0,9802.637709781797
27653.0,11677.868249059993
27654.0,12287.11578833831
27655.0,13212.859327616621
27656.0,14138.60286689482
27657.0,15380.842406173135
27658.0,15357.098945451333
27659.0,16282.842484729648
27660.0,14993.117024007963
27661.0,14336.381563286159
27662.0,12413.664102564475
27663.0,11440.433641842672
27664.0,11100.194181120987
27665.0,11076.450720399302
27666.0,12318.6902596775
27667.0,11028.963798955814
27668.0,12271.203338234129
27669.0,9398.998877512327
27670.0,9058.759416790643
27671.0,6186.55495606884
27672.0,4896.828495347154
27673.0,3607.102034625468
27674.0,2317.376573903666
27675.0,1660.6411131819805
27676.0,687.4106524601775
27677.0,663.667191738492
27678.0,956.4197310168074
27679.0,932.6762702950055
27680.0,275.9418095733199
27681.0,-64.29765114848306
27682.0,-88.0411118701686
27683.0,-1377.7675725918525
27684.0,-1401.5110333136545
27685.0,-1741.7494940353408
27686.0,-816.0059547571436
27687.0,-206.7584154788292
27688.0,85.99412379948626
27689.0,695.2416630776843
27690.0,38.50720235599874
27691.0,-301.7322583658042
27692.0,-8.979719087488775
27693.0,-32.723179809174326
27694.0,-689.4586405309765
27695.0,-396.70610125266285
27696.0,-1053.4405619744648
27697.0,-1077.1840226961504
27698.0,-1417.423483417835
27699.0,-175.18394413963688
27700.0,-1464.9104048613226
27701.0,-1172.157865583009
27702.0,-3094.8763263048104
27703.0,-4068.106787026496
27704.0,-6940.311247748297
27705.0,-8546.532708469984
27706.0,-8570.27616919167
27707.0,-9227.011629913472
27708.0,-7668.276090635156
27709.0,-7692.019551356958
27710.0,-5183.798012078644
27711.0,-5840.53247280033
27712.0,-3648.8059335221315
27713.0,-5255.028394243817
27714.0,-4329.284854965619
27715.0,-4669.523315687305
27716.0,-4693.26677640899
27717.0,-3767.523237130792
27718.0,-3474.7716978524777
27719.0,-966.5491585742802
27720.0,908.6813807040344
27721.0,2561.1300589839757
27722.0,2583.4722599861507
27723.0,5137.779460988328
27724.0,5160.121661990503
27725.0,6764.942862992677
27726.0,6470.789063994853
27727.0,7759.114264997024
27728.0,7781.456465999199
27729.0,8753.285667001375
27730.0,7826.140868003549
27731.0,8797.970069005725
27732.0,8820.3122700079
27733.0,10741.628471010077
27734.0,10130.97967201225
27735.0,12052.295873014427
27736.0,11125.151074016601
27737.0,10514.501275018774
27738.0,9270.86147602095
27739.0,8027.220677023124
27740.0,8049.562878025299
27741.0,7438.914079027476
27742.0,8094.247280029649
27743.0,7483.598481031826
27744.0,7822.435682034
27745.0,5945.803883036177
27746.0,5335.15508403835
27747.0,2509.0362850405254
27748.0,1581.890486042701
27749.0,654.745687044875
27750.0,677.08788804705
27751.0,66.439089049225
27752.0,88.78129005139999
27753.0,-205.3725089464242
27754.0,-2082.0043079442494
27755.0,-4591.6271069420745
27756.0,-6468.2589059399
27757.0,-8028.395704937724
27758.0,-9588.53150393555
27759.0,-10199.181302933375
27760.0,-11759.3171019312
27761.0,-11736.974900929024
27762.0,-12980.61569992685
27763.0,-13591.264498924675
27764.0,-13885.418297922499
27765.0,-12913.589096920325
27766.0,-11308.76789591815
27767.0,-10969.930694915975
27768.0,-10631.0924939138
27769.0,-12191.228292911625
27770.0,-12801.87809190945
27771.0,-14045.517890907275
27772.0,-13706.680689905099
27773.0,-12101.859488902925
27774.0,-9231.05628790075
27775.0,-5727.262086898575
27776.0,-3805.9458858964
27777.0,-1884.6286848942254
27778.0,-1862.2864838920505
27779.0,-1523.4492828898747
27780.0,-2134.0980818876997
27781.0,-1478.7648808855247
27782.0,-1139.9266798833505
27783.0,781.3895211188246
27784.0,1753.2187221210006
27785.0,3674.5349231231758
27786.0,4646.36412412535
27787.0,5618.193325127526
27788.0,6273.527526129699
27789.0,6928.860727131876
27790.0,7267.69892813405
27791.0,7606.536129136224
27792.0,6679.391330138402
27793.0,6068.742531140575
27794.0,5141.597732142751
27795.0,3897.9569331449256
27796.0,3603.8041341471
27797.0,2043.6673351492755
27798.0,2382.5055361514496
27799.0,1455.3607371536255
27800.0,1794.1979381557994
27801.0,-715.4248608420257
27802.0,-1642.56965983985
27803.0,-5101.680458837675
27804.0,-6028.8252578354995
27805.0,-8538.448056833326
27806.0,-8516.10585583115
27807.0,-7227.7806548289755
27808.0,-6572.4474538268
27809.0,-5917.114252824625
27810.0,-6527.76305182245
27811.0,-7454.907850820275
27812.0,-9648.0356498181
27813.0,-10575.180448815925
27814.0,-11185.82924781375
27815.0,-9897.505046811575
27816.0,-8292.6838458094
27817.0,-6371.367644807225
27818.0,-5083.04244380505
27819.0,-3794.7182428028755
27820.0,-3455.8800418007004
27821.0,-2800.5468407985254
27822.0,-3094.6996397963503
27823.0,-2439.3664387941753
27824.0,-2417.0242377920003
27825.0,-1761.6900367898252
27826.0,-2372.3398357876504
27827.0,-1717.0056347854752
27828.0,-1694.6634337833002
27829.0,-406.33923278112525
27830.0,-67.50103177895107
27831.0,904.3281692232249
27832.0,1559.6613702253999
27833.0,632.5165712275739
27834.0,-294.6282277702503
27835.0,-2171.2600267680755
27836.0,-3098.4048257659006
27837.0,-4025.5496247637257
27838.0,-4003.2074237615507
27839.0,-3031.3782227593756
27840.0,-2376.0450217572006
27841.0,-1720.7108207550245
27842.0,-2014.8646197528506
27843.0,-2625.5134187506756
27844.0,-3236.1632177485008
27845.0,-3846.8120167463258
27846.0,-4457.460815744151
27847.0,-4435.118614741976
27848.0,-3463.2894137398007
27849.0,-1541.9732127376246
27850.0,-253.6480117354513
27851.0,718.1811892667247
27852.0,2006.5053902688996
27853.0,2661.8395912709584
27854.0,2684.1817922731334
27855.0,3023.0189932753074
27856.0,3045.3611942774824
27857.0,3384.1993952796583
27858.0,4039.5325962818333
27859.0,3428.8837972840083
27860.0,3767.7219982861825
27861.0,4106.559199288358
27862.0,4761.8934002905335
27863.0,4784.235601292708
27864.0,5439.568802294883
27865.0,6094.903003297059
27866.0,6433.740204299233
27867.0,5823.091405301408
27868.0,4579.450606303582
27869.0,3652.305807305758
27870.0,2725.161008307932
27871.0,2747.503209310107
27872.0,3402.836410312282
27873.0,3425.178611314457
27874.0,4397.007812316633
27875.0,4735.846013318807
27876.0,4125.197214320982
27877.0,3198.052415323158
27878.0,1954.411616325333
27879.0,1660.257817327507
27880.0,1682.600018329682
27881.0,2021.438219331858
27882.0,2360.276420334032
27883.0,3648.600621336207
27884.0,3037.951822338382
27885.0,1794.3110233405569
27886.0,234.1752243427327
27887.0,-692.9695746550915
27888.0,-354.1313736529173
27889.0,-648.2851726507415
27890.0,7.048028351433459
27891.0,-287.10477064639235
27892.0,-264.76256964421736
27893.0,-1824.8993686420426
27894.0,-2119.0531676398678
27895.0,-3362.6929666376927
27896.0,-3023.855765635518
27897.0,-2368.5215646333427
27898.0,-3295.6663636311678
27899.0,-4222.811162628993
27900.0,-6732.434961626817
27901.0,-8609.066760624642
27902.0,-10485.698559622468
27903.0,-10146.860358620292
27904.0,-9491.527157618117
27905.0,-7253.714956615942
27906.0,-6281.885755613768
27907.0,-5626.552554611593
27908.0,-5604.210353609418
27909.0,-6847.8511526072425
27910.0,-7458.4999516050675
27911.0,-7752.653750602893
27912.0,-7097.319549600717
27913.0,-6125.490348598543
27914.0,-4837.165147596368
27915.0,-4498.327946594192
27916.0,-2893.506745592018
27917.0,-1288.686544589843
27918.0,316.13465641233233
27919.0,2553.9458574145065
27920.0,4475.262058416682
27921.0,7029.570259418857
27922.0,8950.886460421032
27923.0,9606.219661423209
27924.0,9945.057862425383
27925.0,9967.400063427558
27926.0,10939.229264429734
27927.0,11278.067465431908
27928.0,12249.89666643408
27929.0,13538.221867436256
27930.0,14826.54606843843
27931.0,15165.384269440608
27932.0,14871.23047044278
27933.0,14577.077671444957
27934.0,13966.427872447133
27935.0,13355.779073449306
27936.0,13378.121274451481
27937.0,12767.472475453658
27938.0,11523.831676455833
27939.0,9647.199877458006
27940.0,7137.5760784601825
27941.0,4944.448279462356
27942.0,3384.312480464532
27943.0,2457.167681466706
27944.0,2163.013882468882
27945.0,1868.8610834710562
27946.0,2524.194284473231
27947.0,2230.040485475407
27948.0,2252.382686477582
27949.0,1641.733887479757
27950.0,1664.076088481932
27951.0,1686.418289484107
27952.0,1075.769490486282
27953.0,781.6156914884577
27954.0,487.4618924906317
27955.0,509.8040934928067
27956.0,532.1462944949817
27957.0,1503.9754954971577
27958.0,2475.804696499332
27959.0,3447.633897501506
27960.0,4419.463098503682
27961.0,5074.797299505857
27962.0,6363.121500508032
27963.0,6385.463701510207
27964.0,6407.805902512382
27965.0,4847.670103514556
27966.0,5186.508304516732
27967.0,3309.876505518907
27968.0,3332.218706521082
27969.0,2088.5779075232567
27970.0,2743.9111085254317
27971.0,2133.2623095276067
27972.0,2155.6045105297817
27973.0,1544.9557115319567
27974.0,301.3149125341315
27975.0,323.6571135363065
27976.0,-1552.9746854615187
27977.0,-1530.6324844593437
27978.0,-3723.7602834571685
27979.0,-3701.4180824549935
27980.0,-4945.058881452818
27981.0,-6505.194680450643
27982.0,-7748.8354794484685
27983.0,-8675.980278446294
27984.0,-9603.125077444118
27985.0,-10213.774876441943
27986.0,-10824.423675439768
27987.0,-11118.577474437592
27988.0,-10146.748273435418
27989.0,-8541.927072433244
27990.0,-8519.584871431069
27991.0,-7547.755670428894
27992.0,-7525.413469426719
27993.0,-6870.080268424544
27994.0,-6531.242067422369
27995.0,-6192.4038664201935
27996.0,-5220.574665418135
27997.0,-4881.73746441596
27998.0,-3593.4122634137852
27999.0,-3254.57406241161
28000.0,-1333.2578614094355
28001.0,-2251.0111942960684
28002.0,-3168.7645271827014
28003.0,-4086.5178600693343
28004.0,-2774.0644066719633
28005.0,-1145.115953274826
28006.0,-1731.6364998774552
28007.0,-1685.1660464800843
28008.0,-2588.1825930829455
28009.0,-1275.7301396855746
28010.0,-1545.7546862882045
28011.0,399.68976710893367
28012.0,762.6562205063055
28013.0,2075.1086739034436
28014.0,2438.0751273008136
28015.0,3434.0325806981855
28016.0,3796.9990340953227
28017.0,4792.956487492695
28018.0,5472.417940890064
28019.0,6151.880394287204
28020.0,6831.341847684573
28021.0,6877.812301081944
28022.0,7240.778754479081
28023.0,6654.257207876453
28024.0,6700.727661273824
28025.0,5797.711114670961
28026.0,5527.686568068333
28027.0,4941.165021465473
28028.0,4671.139474862841
28029.0,4717.609928260212
28030.0,4764.08038165735
28031.0,3544.5688350547207
28032.0,2958.047288452093
28033.0,1422.0397418492303
28034.0,1152.014195246602
28035.0,248.99764864397184
28036.0,-337.5228979588901
28037.0,-2190.0264445615194
28038.0,-3726.0349911643807
28039.0,-6211.52953776701
28040.0,-8064.033084369639
28041.0,-9600.0416309725
28042.0,-9553.57117757513
28043.0,-9507.100724177759
28044.0,-8194.64727078062
28045.0,-7515.185817383251
28046.0,-7785.21036398588
28047.0,-7422.244910588742
28048.0,-8008.765457191371
28049.0,-7012.808003794
28050.0,-6333.346550396862
28051.0,-5337.389096999491
28052.0,-4657.926643602352
28053.0,-4294.960190204982
28054.0,-3615.498736807611
28055.0,-2936.037283410473
28056.0,-674.0968300131026
28057.0,954.8516233842693
28058.0,3216.7920767814066
28059.0,4529.245530178778
28060.0,5525.20298357615
28061.0,6204.664436973286
28062.0,5934.639890370658
28063.0,5981.1103437680285
28064.0,5711.084797165167
28065.0,5757.555250562538
28066.0,4854.538703959675
28067.0,4901.009157357046
28068.0,4314.488610754419
28069.0,3727.967064151555
28070.0,2508.455517548926
28071.0,2238.4299709462975
28072.0,1335.4134243434346
28073.0,432.3968777408063
28074.0,-154.124668861823
28075.0,-740.645215464685
28076.0,-377.6787620673149
28077.0,-14.713308669943217
28078.0,-1234.2248552728051
28079.0,-2453.7374018754344
28080.0,-4306.240948478297
28081.0,-5209.257495080926
28082.0,-6745.266041683554
28083.0,-7015.290588286417
28084.0,-7601.812134889045
28085.0,-8504.828681491676
28086.0,-8458.358228094537
28087.0,-8728.383774697166
28088.0,-8681.913321299795
28089.0,-8318.946867902658
28090.0,-6689.9974145052865
28091.0,-6960.022961107915
28092.0,-5964.065507710778
28093.0,-6550.586054313407
28094.0,-7453.602600916269
28095.0,-8673.115147518898
28096.0,-8310.149694121526
28097.0,-7630.687240724388
28098.0,-5685.242787327018
28099.0,-3106.807333929647
28100.0,-3376.831880532509
28101.0,-1431.3874271351378
28102.0,-1701.4129737377662
28103.0,-72.46352034062875
28104.0,-25.993066943257872
28105.0,1286.459386454113
28106.0,1016.4348398512502
28107.0,1062.905293248621
28108.0,792.87974664576
28109.0,522.8542000431298
28110.0,252.82965344050172
28111.0,-17.195893162361244
28112.0,662.2655602350096
28113.0,708.7360136323805
28114.0,1388.1984670295187
28115.0,-147.81007957310976
28116.0,-101.33962617573889
28117.0,-1320.8511727786008
28118.0,-641.38971938123
28119.0,-1227.910265984092
28120.0,-1181.439812586721
28121.0,-1767.9613591893503
28122.0,-1088.498905792212
28123.0,-1358.5244523948404
28124.0,-679.0629989974695
28125.0,-949.0875456003323
28126.0,-902.6170922029614
28127.0,-539.6516388055898
28128.0,139.81081459154666
28129.0,502.77626798891833
28130.0,1815.2297213862894
28131.0,3444.1781747834266
28132.0,4123.640628180798
28133.0,5119.598081577937
28134.0,4849.572534975307
28135.0,5212.538988372678
28136.0,5259.0094417698165
28137.0,5305.479895167187
28138.0,4718.958348564558
28139.0,6031.411801961696
28140.0,5444.891255359067
28141.0,5491.361708756438
28142.0,4588.345162153575
28143.0,4318.319615550947
28144.0,5947.269068948317
28145.0,6943.226522345456
28146.0,8255.678975742827
28147.0,8302.149429139965
28148.0,8665.115882537335
28149.0,8078.595335934708
28150.0,8441.560789331845
28151.0,7855.040242729216
28152.0,8850.997696126586
28153.0,10163.451149523724
28154.0,11792.399602921094
28155.0,12471.862056318467
28156.0,13784.314509715605
28157.0,14147.280963112975
28158.0,13877.255416510347
28159.0,14873.212869907482
28160.0,14603.188323304854
28161.0,15282.649776701994
28162.0,14696.129230099363
28163.0,14109.607683496735
28164.0,12573.60013689387
28165.0,11670.583590291244
28166.0,9501.584043688614
28167.0,8598.567497085753
28168.0,7062.5599504831225
28169.0,5526.551403880494
28170.0,3990.543857277631
28171.0,1821.5443106750026
28172.0,-30.95923592762665
28173.0,-1883.4627825304888
28174.0,-3735.9663291331176
28175.0,-5271.974875735979
28176.0,-6174.991422338609
28177.0,-7078.007968941238
28178.0,-7981.0245155441
28179.0,-8884.041062146729
28180.0,-10103.553608749358
28181.0,-11323.066155352219
28182.0,-12542.577701954848
28183.0,-13762.090248557477
28184.0,-13715.619795160339
28185.0,-13352.653341762969
28186.0,-12040.200888365598
28187.0,-11044.243434968459
28188.0,-10048.285981571089
28189.0,-9052.327528173952
28190.0,-8372.86607477658
28191.0,-8009.89962137921
28192.0,-7013.942167982072
28193.0,-6967.471714584701
28194.0,-6604.50626118733
28195.0,-6241.539807790192
28196.0,-5562.078354392821
28197.0,-4882.61590099545
28198.0,-3570.163447598312
28199.0,-1941.2139942009408
28200.0,4.230459196196534
28201.0,-1923.5504335293372
28202.0,-661.5498549842541
28203.0,600.4507235608307
28204.0,1545.9553021059019
28205.0,1858.4678806509855
28206.0,1854.4854591960702
28207.0,2166.9990377411414
28208.0,3112.503616286225
28209.0,4374.50419483131
28210.0,5952.999773376381
28211.0,7531.496351921465
28212.0,8160.504930466552
28213.0,9739.001509011621
28214.0,10368.010087556704
28215.0,10680.523666101788
28216.0,11626.02824464686
28217.0,12255.036823191946
28218.0,12251.05440173703
28219.0,12563.5679802821
28220.0,12243.089558827185
28221.0,11289.620137372269
28222.0,10969.14171591734
28223.0,10332.168294462423
28224.0,9695.19487300751
28225.0,8741.725451552593
28226.0,8737.743030097663
28227.0,7151.281608642748
28228.0,7780.290187187831
28229.0,6826.820765732904
28230.0,5873.351344277988
28231.0,4919.881922823071
28232.0,3966.4125013681423
28233.0,3645.935079913226
28234.0,1742.9776584583105
28235.0,789.5082370033815
28236.0,-1113.448184451534
28237.0,-2699.9086059064484
28238.0,-3969.8740273613794
28239.0,-4606.847448816295
28240.0,-4927.32587027121
28241.0,-3981.82129172614
28242.0,-3352.812713181055
28243.0,-2090.8121346359694
28244.0,-1461.8025560908864
28245.0,-2098.7769775458146
28246.0,-1786.2633990007307
28247.0,-2423.236820455646
28248.0,-2743.715241910575
28249.0,-2431.201663365491
28250.0,-2435.1840848204065
28251.0,-1806.1755062753364
28252.0,-860.6709277302525
28253.0,717.8246508148331
28254.0,3245.8082293599036
28255.0,5140.7998079049885
28256.0,6086.304386450072
28257.0,6715.312964995144
28258.0,7344.322543540227
28259.0,6390.853122085311
28260.0,6070.374700630382
28261.0,4800.4092791754665
28262.0,4163.435857720551
28263.0,4159.453436265636
28264.0,2889.488014810706
28265.0,1619.5225933557904
28266.0,349.5581719008751
28267.0,-920.4072495540549
28268.0,-1557.3806710089702
28269.0,-2510.8500924638847
28270.0,-2831.3285139188138
28271.0,-4417.78993537373
28272.0,-6004.250356828646
28273.0,-8540.198778283575
28274.0,-10126.659199738491
28275.0,-11396.624621193405
28276.0,-12666.589042648335
28277.0,-13303.56346410325
28278.0,-14573.528885558166
28279.0,-15526.998307013095
28280.0,-16796.96272846801
28281.0,-17433.937149922927
28282.0,-17437.919571377857
28283.0,-15859.422992832773
28284.0,-14280.927414287687
28285.0,-13018.926835742603
28286.0,-11756.926257197532
28287.0,-11444.413678652447
28288.0,-11131.900100107363
28289.0,-10819.386521562294
28290.0,-10506.873943017208
28291.0,-9244.873364472123
28292.0,-8299.368785927054
28293.0,-7037.368207381968
28294.0,-6408.3596288368835
28295.0,-4513.368050291814
28296.0,-2301.8804717467283
28297.0,-406.88889320164526
28298.0,538.6156853434259
28299.0,1800.6162638885107
28300.0,2429.6248424335954
28301.0,2109.1474209786647
28302.0,1155.6779995237503
28303.0,-114.28742193116523
28304.0,-751.2608433860805
28305.0,-1388.2352648410106
28306.0,-1708.7126862959267
28307.0,-2029.1911077508412
28308.0,-1716.6775292057719
28309.0,-2037.1559506606864
28310.0,-2674.1293721156017
28311.0,-2678.1117935705315
28312.0,-2682.094215025447
28313.0,-3319.0686364803623
28314.0,-4272.538057935292
28315.0,-4909.511479390208
28316.0,-5229.989900845123
28317.0,-5233.972322300053
28318.0,-5237.954743754968
28319.0,-5558.433165209884
28320.0,-5245.919586664813
28321.0,-4933.4060081197285
28322.0,-4304.397429574644
28323.0,-3358.892851029559
28324.0,-2729.8832724844888
28325.0,-1151.387693939405
28326.0,-205.88311539431925
28327.0,1056.117463150751
28328.0,2001.622041695835
28329.0,2630.6306202409196
28330.0,3259.64019878599
28331.0,3255.6577773310746
28332.0,3251.6753558761593
28333.0,3880.6839344212294
28334.0,3560.205512966315
28335.0,3556.2230915113996
28336.0,4185.23267005647
28337.0,4497.745248601554
28338.0,5126.75482714664
28339.0,5755.763405691709
28340.0,5751.780984236793
28341.0,6064.294562781877
28342.0,6060.312141326947
28343.0,5739.833719872033
28344.0,4786.364298417118
28345.0,4149.390876962203
28346.0,3512.416455507273
28347.0,3191.939034052357
28348.0,3187.9566125974416
28349.0,3500.4691911425125
28350.0,4129.478769687597
28351.0,5074.983348232683
28352.0,5703.991926777751
28353.0,6333.000505322838
28354.0,6329.0180838679225
28355.0,6325.035662412993
28356.0,5688.062240958076
28357.0,5367.583819503161
28358.0,5680.09739804823
28359.0,5992.610976593314
28360.0,5988.628555138399
28361.0,5668.15013368347
28362.0,5664.167712228555
28363.0,5343.68929077364
28364.0,5339.706869318725
28365.0,4702.733447863795
28366.0,4698.75102640888
28367.0,4378.272604953963
28368.0,4057.7951834990345
28369.0,3420.820762044119
28370.0,2467.3513405892027
28371.0,1197.3859191342726
28372.0,560.4124976793573
28373.0,239.93407622444283
28374.0,-397.039345230487
28375.0,-1983.4997666854033
28376.0,-2936.969188140318
28377.0,-5156.421609595248
28378.0,-6742.883031050163
28379.0,-8645.839452505079
28380.0,-9282.812873960009
28381.0,-9603.291295414923
28382.0,-10240.264716869839
28383.0,-10560.743138324755
28384.0,-11514.212559779684
28385.0,-11518.1949812346
28386.0,-12471.664402689514
28387.0,-12792.142824144445
28388.0,-13745.612245599359
28389.0,-13433.098667054275
28390.0,-13753.577088509204
28391.0,-13441.06350996412
28392.0,-13445.045931419036
28393.0,-12816.037352873966
28394.0,-11870.53277432888
28395.0,-10608.532195783797
28396.0,-9663.027617238726
28397.0,-8717.523038693642
28398.0,-8405.009460148556
28399.0,-8408.991881603486
28400.0,-8729.470303058402
28401.0,-8733.452724513318
28402.0,-8104.443145968247
28403.0,-7791.930567423162
28404.0,-6846.425988878077
28405.0,-5900.921410332993
28406.0,-5271.911831787923
28407.0,-4642.903253242838
28408.0,-4646.8856746977535
28409.0,-4650.868096152683
28410.0,-4654.850517607599
28411.0,-4658.832939062514
28412.0,-4346.319360517444
28413.0,-4350.301781972359
28414.0,-3721.2932034272744
28415.0,-3408.7796248822033
28416.0,-2463.2750463371194
28417.0,-2150.7614677920355
28418.0,-1205.2568892469644
28419.0,-259.75231070188056
28420.0,52.76026784320493
28421.0,681.7698463882753
28422.0,994.2824249333589
28423.0,2256.283003478444
28424.0,2568.7965820235295
28425.0,2881.310160568599
28426.0,3826.8147391136845
28427.0,5088.814317658769
28428.0,6667.310896203839
28429.0,7612.815474748924
28430.0,7925.329053294008
28431.0,8554.337631839076
28432.0,8550.355210384161
28433.0,8546.372788929246
28434.0,8858.886367474319
28435.0,9171.398946019403
28436.0,10116.903524564488
28437.0,11695.400103109558
28438.0,12324.40868165464
28439.0,12636.922260199728
28440.0,11999.947838744796
28441.0,11046.47841728988
28442.0,9776.513995834965
28443.0,8823.044574380052
28444.0,7869.575152925121
28445.0,7232.600731470207
28446.0,7545.114310015291
28447.0,6908.139888560359
28448.0,7853.645467105445
28449.0,7849.66304565053
28450.0,8162.175624195599
28451.0,7841.698202740685
28452.0,7204.723781285771
28453.0,6567.750359830839
28454.0,4981.288938375925
28455.0,2761.8375169210085
28456.0,1175.3760954660793
28457.0,-411.084325988837
28458.0,-1364.5537474437515
28459.0,-1685.0321688986824
28460.0,-2005.5105903535969
28461.0,-1376.501011808512
28462.0,-430.99643326344267
28463.0,1147.499145281643
28464.0,2409.499723826728
28465.0,3355.0043023718117
28466.0,3351.021880916882
28467.0,2081.0564594619664
28468.0,4893.568128709689
28469.0,7706.07979795741
28470.0,10518.591467205131
28471.0,13331.103136452854
28472.0,10166.556616924838
28473.0,12909.929430730775
28474.0,15653.302244536713
28475.0,18396.67505834265
28476.0,22511.529538816496
28477.0,22195.44401928848
28478.0,18397.905499762324
28479.0,13587.58118023468
28480.0,8777.256860707037
28481.0,3966.9325411793925
28482.0,-843.3917783482502
28483.0,-5653.716097875895
28484.0,-5969.801617402049
28485.0,-4070.417136930064
28486.0,-2487.5286564562175
28487.0,-3120.109175984233
28488.0,-2170.2126955122494
28489.0,-4068.776215038404
28490.0,-5967.34073456642
28491.0,-6916.417254092574
28492.0,-10080.963773620591
28493.0,-13878.501793147676
28494.0,-17676.03981267476
28495.0,-17992.125332202777
28496.0,-20523.680851730795
28497.0,-22105.74937125695
28498.0,-25586.791890784963
28499.0,-25269.88541031112
28500.0,-24952.979929839134
28501.0,-25796.558116033197
28502.0,-26640.136302227256
28503.0,-27483.71448842132
28504.0,-25584.330007947476
28505.0,-23684.94652747549
28506.0,-23368.04004700351
28507.0,-23051.13456652966
28508.0,-22734.22908605768
28509.0,-23050.314605585696
28510.0,-26847.852125111847
28511.0,-30328.894644639866
28512.0,-29695.49316416602
28513.0,-28745.595683694035
28514.0,-27162.707203222053
28515.0,-25131.449722749294
28516.0,-23100.192242276535
28517.0,-21068.934761803772
28518.0,-19037.677281331016
28519.0,-17006.419800858253
28520.0,-14975.162320385494
28521.0,-12943.904839912733
28522.0,-10912.647359439976
28523.0,-8881.389878967217
28524.0,-6850.132398494454
28525.0,-4818.874918021695
28526.0,-2787.6174375489354
28527.0,4966.937042923668
28528.0,12721.491523396271
28529.0,20476.046003868876
28530.0,28230.600484341478
28531.0,35985.154964814086
28532.0,43739.70944528669
28533.0,41524.64992576054
28534.0,37199.61907289981
28535.0,32874.58822003908
28536.0,28549.55736717835
28537.0,28549.966847650336
28538.0,28233.881328124182
28539.0,25702.326808596164
28540.0,28867.69328906815
28541.0,32560.553102874084
28542.0,36253.41291668002
28543.0,39946.27273048596
28544.0,41529.161210959806
28545.0,40580.08469143179
28546.0,37415.53817190564
28547.0,32985.008652378085
28548.0,28554.479132850538
28549.0,24123.949613322984
28550.0,19693.420093795434
28551.0,16845.369574267417
28552.0,15263.301054741263
28553.0,11149.267535213246
28554.0,9567.199015687092
28555.0,5136.6694961590765
28556.0,1418.2554766319913
28557.0,-2300.158542895094
28558.0,-6018.5725624221795
28559.0,-9736.986581949264
28560.0,-11319.055101477281
28561.0,-13850.610621005297
28562.0,-17331.653140532384
28563.0,-20812.695660059468
28564.0,-23344.25117958748
28565.0,-27141.788699113637
28566.0,-31730.56621864072
28567.0,-36319.34373816781
28568.0,-39167.39425769582
28569.0,-42964.93277722384
28570.0,-45179.992296749995
28571.0,-35997.17583414159
28572.0,-26814.359371533188
28573.0,-17631.542908924785
28574.0,-8448.726446316381
28575.0,734.0900162920207
28576.0,1636.9631556799413
28577.0,-2207.598704930275
28578.0,-7318.144065542354
28579.0,-12428.689426154433
28580.0,-14374.277286764653
28581.0,-12838.41314737673
28582.0,-9087.07900798881
28583.0,-2724.655618599958
28584.0,3637.7677707888943
28585.0,10000.191160177746
28586.0,16362.614549566597
28587.0,16948.991688954517
28588.0,16902.37782834244
28589.0,17172.25896773222
28590.0,19341.115107120142
28591.0,22775.953246508063
28592.0,25894.295385897844
28593.0,27430.160525285766
28594.0,26117.562664673686
28595.0,26387.44480406347
28596.0,29189.29194345139
28597.0,28896.514416173264
28598.0,28603.73688889514
28599.0,28310.959361617013
28600.0,28018.181834338888
28601.0,27725.404307060766
28602.0,27432.62677978264
28603.0,27139.849252504515
28604.0,26847.07172522639
28605.0,26554.294197948264
28606.0,29356.141337336183
28607.0,31841.492476725965
28608.0,26097.955901828704
28609.0,20354.419326931442
28610.0,14610.88275203418
28611.0,8867.346177136918
28612.0,3123.8096022396567
28613.0,-2619.726972657605
28614.0,-8363.263547554865
28615.0,-9042.868408166945
28616.0,-9722.474268779024
28617.0,-14200.028129389242
28618.0,-19706.192740000857
28619.0,-25212.357350612474
28620.0,-30718.521961224083
28621.0,-36224.6865718357
28622.0,-40069.249432447774
28623.0,-43280.820293057994
28624.0,-47758.37415367007
28625.0,-51919.43201428215
28626.0,-55447.49887489237
28627.0,-57076.59173550445
28628.0,-56173.71859611653
28629.0,-54954.350456726745
28630.0,-52468.99931733882
28631.0,-48401.169177950906
28632.0,-47181.80103856112
28633.0,-49127.3888991732
28634.0,-52655.455759785276
28635.0,-55234.035620395494
28636.0,-56230.136481007576
28637.0,-54377.776341619654
28638.0,-51259.43420222987
28639.0,-46004.74556284149
28640.0,-40750.0569234531
28641.0,-35495.36828406471
28642.0,-30240.679644676326
28643.0,-28071.823505288405
28644.0,-24636.985365898625
28645.0,-20885.651226510705
28646.0,-15551.83883712232
28647.0,-10218.026447733931
28648.0,-4884.214058345544
28649.0,449.5983310428419
28650.0,2934.9494704326244
28651.0,5103.805609820545
28652.0,8538.643749208466
28653.0,12922.968888598247
28654.0,17782.038027986633
28655.0,22641.10716737502
28656.0,27500.176306763406
28657.0,32359.245446151792
28658.0,32945.62258553971
28659.0,33215.5037249295
28660.0,34751.36786431742
28661.0,36920.224003705334
28662.0,39405.57514309512
28663.0,41890.926282483044
28664.0,42477.303421870965
28665.0,39265.732561260746
28666.0,33944.190367315954
28667.0,28622.648173371163
28668.0,23301.10597942637
28669.0,21672.01311881429
28670.0,20992.407258202213
28671.0,21262.289397591994
28672.0,20899.179536979915
28673.0,21685.44159035562
28674.0,22471.703643731325
28675.0,23257.96569710703
28676.0,24044.227750482736
28677.0,24830.48980385844
28678.0,25616.751857234143
28679.0,26403.01391060985
28680.0,22684.981603373908
28681.0,18333.957296137967
28682.0,13982.93298890156
28683.0,9631.908681665152
28684.0,7496.354374429211
28685.0,6943.27806719327
28686.0,6073.706759957328
28687.0,5520.630452721387
28688.0,3068.580145485446
28689.0,-1598.9391617504953
28690.0,-7136.822218986436
28691.0,-12674.705276222378
28692.0,-18212.58833345832
28693.0,-23750.47139069426
28694.0,-24936.538697931133
28695.0,-23907.136005167074
28696.0,-23194.229312403015
28697.0,-24063.801619638958
28698.0,-24616.8769268749
28699.0,-26119.44023411084
28700.0,-26356.02054134678
28701.0,-24693.626848582724
28702.0,-24297.216155818664
28703.0,-24217.300463054606
28704.0,-24453.880770290547
28705.0,-25956.44407752649
28706.0,-26193.02438476336
28707.0,-26746.0996919993
28708.0,-25400.201999235243
28709.0,-21838.834306471184
28710.0,-18910.457613707124
28711.0,-16931.567920943067
28712.0,-15585.67022817901
28713.0,-15505.75453541495
28714.0,-15109.343842650891
28715.0,-13446.949149886832
28716.0,-12417.547457122773
28717.0,-9172.674764358715
28718.0,-8143.272071594655
28719.0,-6797.374378831528
28720.0,-6084.467686067469
28721.0,-7587.0309933034105
28722.0,-8456.60230053935
28723.0,-8376.686607775293
28724.0,-7663.779915011234
28725.0,-5051.899222247175
28726.0,-1490.531529483117
28727.0,1437.845163280942
28728.0,5315.708856045001
28729.0,6661.606548809059
28730.0,7691.009241573118
28731.0,9036.906934336244
28732.0,10699.301627100303
28733.0,12045.199319864363
28734.0,13391.097012628423
28735.0,13471.01270539248
28736.0,13234.43239815654
28737.0,13314.348090920597
28738.0,13710.758783684658
28739.0,16322.639476448716
28740.0,19567.512169212772
28741.0,23445.37586197683
28742.0,25424.26555474089
28743.0,25187.685247504018
28744.0,24001.617940268075
28745.0,20916.575633032135
28746.0,19730.508325796196
28747.0,17594.954018560253
28748.0,18624.35671132431
28749.0,16805.29840408837
28750.0,16252.22209685243
28751.0,13167.180789616486
28752.0,12297.608482380547
28753.0,10162.054175144607
28754.0,9292.482867908664
28755.0,9055.902560672723
28756.0,8502.826253435851
28757.0,8899.236946199908
28758.0,7396.674638963967
28759.0,6527.102331728027
28760.0,4391.5480244920855
28761.0,3205.480717256143
28762.0,-196.05658997979845
28763.0,-2331.610897215738
28764.0,-5100.15620445168
28765.0,-5653.232511687622
28766.0,-6522.803818923563
28767.0,-7708.8711261595045
28768.0,-9211.434433396376
28769.0,-10397.501740632319
28770.0,-12849.55204786826
28771.0,-14035.6193551042
28772.0,-16171.173662340141
28773.0,-16091.257969576083
28774.0,-16644.334276812024
28775.0,-12181.969656363486
28776.0,-7719.60503591495
28777.0,-3257.2404154664127
28778.0,-6640.868931598023
28779.0,-7176.035447729631
28780.0,-6761.715963861241
28781.0,-4764.917479992851
28782.0,-2451.623996124461
28783.0,-1087.8165122560708
28784.0,-357.00102838768044
28785.0,-575.6725445192901
28786.0,471.6389393490999
28787.0,2151.941423216559
28788.0,6047.713907084949
28789.0,9626.99039095334
28790.0,12573.27587482173
28791.0,13304.09135869012
28792.0,12452.42784255851
28793.0,11600.765326426901
28794.0,12964.57181029529
28795.0,15277.866294163681
28796.0,19490.134778032072
28797.0,23385.90626190046
28798.0,26015.69674576885
28799.0,26746.512229637243
28800.0,26211.344713505634
28801.0,25359.682197374023
28802.0,25774.001681242415
28803.0,27137.808165110804
28804.0,28501.615648979194
28805.0,29232.431132847585
28806.0,28064.272616715974
28807.0,25630.131100583436
28808.0,22562.998584451823
28809.0,21078.344068320213
28810.0,20543.176552188605
28811.0,20957.497036056997
28812.0,20738.825519925387
28813.0,19570.667003793777
28814.0,16503.534487662168
28815.0,13436.400971530558
28816.0,10685.764455398947
28817.0,7935.126939267337
28818.0,4867.994423135728
28819.0,1800.8619070041177
28820.0,-1582.7666091274918
28821.0,-5915.8821252591015
28822.0,-10565.492641390712
28823.0,-14582.11315752232
28824.0,-17965.74067365393
28825.0,-20716.37818978554
28826.0,-23467.01470591715
28827.0,-26217.65222204969
28828.0,-28651.7937381813
28829.0,-30769.43925431291
28830.0,-32570.58877044452
28831.0,-33422.25228657613
28832.0,-34906.90580270774
28833.0,-37657.54331883935
28834.0,-40724.675834970956
28835.0,-43791.80835110257
28836.0,-44643.47186723418
28837.0,-43596.16038336579
28838.0,-42232.3528994974
28839.0,-39602.563415629
28840.0,-38238.75693176062
28841.0,-37824.43644789222
28842.0,-36777.125964023835
28843.0,-36362.805480155446
28844.0,-34682.502996287054
28845.0,-31736.217512418665
28846.0,-30055.915028550276
28847.0,-28692.108544682815
28848.0,-27961.293060814427
28849.0,-29129.451576946034
28850.0,-28398.636093077646
28851.0,-26718.333609209254
28852.0,-25038.03012534086
28853.0,-20509.266641472474
28854.0,-16929.990157604083
28855.0,-15566.182673735693
28856.0,-12936.393189867304
28857.0,-10939.595705998912
28858.0,-9575.788222130523
28859.0,-5680.015738262131
28860.0,-3366.7222543937423
28861.0,-420.4367705253517
28862.0,3475.33571334304
28863.0,5472.134197211428
28864.0,7152.43668107982
28865.0,10098.722164948209
28866.0,13045.007648816601
28867.0,16307.788132684058
28868.0,19887.06561655245
28869.0,22833.350100420837
28870.0,25146.644584289228
28871.0,27143.44306815762
28872.0,28507.249552026013
28873.0,29554.561035894403
28874.0,29335.889519762793
28875.0,29433.714003631183
28876.0,28898.546487499574
28877.0,27413.891971367964
28878.0,27195.220455236355
28879.0,26343.557939104743
28880.0,24225.91242297313
28881.0,23057.75390684152
28882.0,21256.60339070991
28883.0,19138.957874578307
28884.0,18603.7903584467
28885.0,16486.144842315087
28886.0,14368.499326183475
28887.0,19018.879985541957
28888.0,23669.260644900438
28889.0,28319.64130425892
28890.0,25750.867866208057
28891.0,22549.103428157196
28892.0,20613.321990106335
28893.0,19310.531552055472
28894.0,17058.25511400484
28895.0,15755.46467595398
28896.0,13186.691237903116
28897.0,9984.927799852254
28898.0,7732.650361801391
28899.0,4530.885923750529
28900.0,2278.6084856998996
28901.0,-290.163952350963
28902.0,-3808.424390401825
28903.0,-6693.6928284526875
28904.0,-10211.95326650355
28905.0,-14363.20470455418
28906.0,-17248.473142605042
28907.0,-20450.237580655903
28908.0,-22702.514018706766
28909.0,-24638.29645675763
28910.0,-27207.06889480826
28911.0,-29142.85033285912
28912.0,-30445.640770909984
28913.0,-31748.431208960847
28914.0,-31785.23864701171
28915.0,-32138.541085062338
28916.0,-32175.3485231132
28917.0,-31579.164961164064
28918.0,-31299.476399214924
28919.0,-30703.292837265788
28920.0,-28524.630275316416
28921.0,-26978.95971336728
28922.0,-25116.793151418144
28923.0,-22305.138589469003
28924.0,-20442.972027519867
28925.0,-17314.822465570498
28926.0,-13870.17790362136
28927.0,-10742.028341672221
28928.0,-6664.391779723083
28929.0,-3536.242217773946
28930.0,-1357.5796558248085
28931.0,1454.073906124562
28932.0,3949.2314680736995
28933.0,6127.894030022837
28934.0,9572.539591971974
28935.0,11751.201153921113
28936.0,14879.350715870483
28937.0,17374.50927781962
28938.0,18920.17983976876
28939.0,20782.346401717896
28940.0,22328.017963667033
28941.0,24190.184525616405
28942.0,26368.84708756554
28943.0,28547.50864951468
28944.0,29460.188211463817
28945.0,30689.363773412955
28946.0,30336.061335362323
28947.0,29666.261897311462
28948.0,29945.9504592606
28949.0,29276.15102120974
28950.0,29239.343583158876
28951.0,28569.545145108244
28952.0,26633.763707057384
28953.0,25330.97326900652
28954.0,23078.695830955658
28955.0,20826.419392904794
28956.0,19207.132954853932
28957.0,17587.847516803304
28958.0,15652.066078752443
28959.0,14032.77964070158
28960.0,10831.015202650717
28961.0,7945.746764599855
28962.0,5693.469326549224
28963.0,2175.209888498362
28964.0,-710.0585495525003
28965.0,-2962.335987603363
28966.0,-5847.604425654225
28967.0,-7466.890863704854
28968.0,-8769.680301755718
28969.0,-10072.47073980658
28970.0,-9476.287177857443
28971.0,-10146.085615908305
28972.0,-11132.380053958934
28973.0,-11802.179492009796
28974.0,-13421.464930060658
28975.0,-14724.25536811152
28976.0,-15077.557806162384
28977.0,-16063.853244213013
28978.0,-15784.164682263876
28979.0,-14871.485120314737
28980.0,-14591.7965583656
28981.0,-13362.620996416463
28982.0,-12133.446434467325
28983.0,-10587.774872517955
28984.0,-8725.608310568816
28985.0,-7179.937748619679
28986.0,-5950.762186670542
28987.0,-3772.0996247214043
28988.0,-2859.420062772034
28989.0,-1313.7495008228962
28990.0,548.4170611262416
28991.0,2727.0796230753795
28992.0,642.5047094838728
28993.0,3414.4428273066806
28994.0,5869.883945129488
28995.0,9591.308062952296
28996.0,12363.246180775102
28997.0,14818.68729859791
28998.0,17274.129416420717
28999.0,19096.579534243523
29000.0,21235.52465206633
29001.0,23057.975769889137
29002.0,23614.442887711946
29003.0,25120.397005534753
29004.0,25676.86512335756
29005.0,24967.349241180367
29006.0,24890.825359003175
29007.0,23864.81447682598
29008.0,23155.299594648324
29009.0,22762.279712471132
29010.0,22369.260830293937
29011.0,21343.248948116747
29012.0,21266.725065939554
29013.0,19291.22718376236
29014.0,17315.72930158517
29015.0,15340.231419407974
29016.0,12415.246537230782
29017.0,9806.756655053588
29018.0,7198.267772876397
29019.0,4589.777890699204
29020.0,2930.7760085220107
29021.0,1271.7741263448188
29022.0,-387.2287558323733
29023.0,-1413.239638009567
29024.0,-2122.7545201867597
29025.0,-2199.2784023639524
29026.0,-2592.298284541145
29027.0,-4251.300166718338
29028.0,-5910.303048895996
29029.0,-8518.791931073189
29030.0,-11443.77681325038
29031.0,-14052.266695427574
29032.0,-16660.755577604767
29033.0,-18636.254459781958
29034.0,-19662.26534195915
29035.0,-21321.267224136347
29036.0,-22663.77410631354
29037.0,-23373.28898849073
29038.0,-25348.786870667922
29039.0,-27007.789752845118
29040.0,-28983.28763502231
29041.0,-31591.7765171995
29042.0,-32934.2833993767
29043.0,-33960.294281553885
29044.0,-35302.801163731085
29045.0,-35379.32504590828
29046.0,-36405.335928085464
29047.0,-37747.84281026266
29048.0,-38140.86169244032
29049.0,-38217.38557461751
29050.0,-37344.4224567947
29051.0,-35205.476338971894
29052.0,-33383.02622114909
29053.0,-31560.57610332628
29054.0,-30687.612985503474
29055.0,-30131.145867680665
29056.0,-29574.67774985786
29057.0,-27752.22763203505
29058.0,-25613.28151421224
29059.0,-23157.840396389438
29060.0,-21651.886278566628
29061.0,-20778.92316074382
29062.0,-19905.959042921015
29063.0,-18083.508925098206
29064.0,-16261.0588072754
29065.0,-12856.130689452591
29066.0,-9767.697571629786
29067.0,-6679.264453807444
29068.0,-3907.3273359846353
29069.0,-2084.8772181618297
29070.0,54.068899660978786
29071.0,2193.0150174837854
29072.0,4648.456135306595
29073.0,7103.898253129399
29074.0,9875.835370952209
29075.0,12014.781488775014
29076.0,14786.718606597824
29077.0,18508.142724420628
29078.0,21280.079842243438
29079.0,24685.008960066247
29080.0,26823.955077889048
29081.0,28962.901195711856
29082.0,30152.359313534667
29083.0,31974.809431357477
29084.0,32531.277549180282
29085.0,33087.74466700309
29086.0,32378.229784825897
29087.0,30719.22690264824
29088.0,29376.721020471043
29089.0,26768.23113829385
29090.0,26058.716256116655
29091.0,25032.70537393947
29092.0,24323.18949176227
29093.0,22347.691609585083
29094.0,24305.71155066076
29095.0,26263.731491736435
29096.0,28221.75143281211
29097.0,25331.899077908067
29098.0,22442.045723004252
29099.0,20501.680368100442
29100.0,18561.3150131964
29101.0,14405.479658292586
29102.0,10566.140303388775
29103.0,6410.304948484963
29104.0,3203.9565935809183
29105.0,2213.0782386771066
29106.0,589.2088837732952
29107.0,-1351.1564711307492
29108.0,-2975.0268260345606
29109.0,-5864.879180938372
29110.0,-8754.731535842184
29111.0,-10695.096890746228
29112.0,-13901.44524565004
29113.0,-15841.810600553852
29114.0,-17465.680955457665
29115.0,-19722.541310361707
29116.0,-21346.411665265518
29117.0,-23286.77702016933
29118.0,-25860.134375073376
29119.0,-26851.01272997719
29120.0,-27525.395084881
29121.0,-27250.29043978481
29122.0,-25392.707794688853
29123.0,-24484.612149592667
29124.0,-23576.516504496478
29125.0,-22351.924859400522
29126.0,-22076.821214304335
29127.0,-20852.229569208146
29128.0,-18361.654924111957
29129.0,-16504.072279016
29130.0,-13064.011633919812
29131.0,-10256.941988823624
29132.0,-8082.863343727436
29133.0,-5908.784698631481
29134.0,-3418.210053535292
29135.0,-1244.1324084391035
29136.0,2512.4252366568517
29137.0,6585.4778817530405
29138.0,10025.538526849228
29139.0,12832.608171945418
29140.0,13740.703817041373
29141.0,14015.808462137562
29142.0,14923.90410723375
29143.0,15199.008752329704
29144.0,16107.104397425894
29145.0,17331.696042522082
29146.0,17606.79968761827
29147.0,17881.904332714224
29148.0,17524.016977810414
29149.0,16849.634622906604
29150.0,16808.243268002792
29151.0,17716.338913098745
29152.0,17674.947558194934
29153.0,18583.043203291123
29154.0,17908.66084838708
29155.0,17867.26949348327
29156.0,17825.878138579457
29157.0,16518.503783675646
29158.0,14894.633428771602
29159.0,12954.268073867788
29160.0,11013.902718963976
29161.0,10023.024364059933
29162.0,9665.13700915612
29163.0,9623.745654252309
29164.0,9265.859299348498
29165.0,8591.475944444453
29166.0,6967.606589540641
29167.0,5343.73723463683
29168.0,3403.3708797330182
29169.0,2095.997524828974
29170.0,1421.614169925163
29171.0,-518.7511849786492
29172.0,-3092.1075398826933
29173.0,-5348.968894786505
29174.0,-7922.326249690316
29175.0,-9229.699604594127
29176.0,-8954.595959498172
29177.0,-8679.491314401985
29178.0,-7454.899669305796
29179.0,-8445.778024209842
29180.0,-9753.152379113651
29181.0,-12010.013734017464
29182.0,-12051.405088921276
29183.0,-12092.79644382532
29184.0,-10551.70879872913
29185.0,-9327.118153632942
29186.0,-9368.509508536987
29187.0,-9409.900863440798
29188.0,-10400.77921834461
29189.0,-10125.674573248421
29190.0,-9534.074928152466
29191.0,-7992.987283056278
29192.0,-7084.891637960089
29193.0,-4910.812992863901
29194.0,-2736.7353477679453
29195.0,-879.151702671757
29196.0,978.4309424244311
29197.0,2519.5175875203868
29198.0,3111.117232616575
29199.0,4019.213877712764
29200.0,3661.326522808953
29201.0,3619.9351679049087
29202.0,4844.526813001095
29203.0,7335.100458097284
29204.0,9192.68310319324
29205.0,8058.68056006074
29206.0,9897.922488011223
29207.0,12053.660415961935
29208.0,14209.39734391265
29209.0,15099.153271863364
29210.0,16621.899199813844
29211.0,17828.15012776456
29212.0,18084.91305571527
29213.0,17075.693983665988
29214.0,16699.466911616466
29215.0,15690.247839567182
29216.0,17845.984767517893
29217.0,20001.722695468376
29218.0,23423.443623419087
29219.0,24946.189551369804
29220.0,24569.96147932052
29221.0,22294.760407271
29222.0,20019.55833522171
29223.0,18377.347263172425
29224.0,17368.128191123138
29225.0,18257.88311907362
29226.0,17881.656047024335
29227.0,17505.42797497505
29228.0,17129.199902925528
29229.0,14537.502830876241
29230.0,11945.804758826955
29231.0,9670.603686777671
29232.0,7711.89661472815
29233.0,6386.182542678864
29234.0,6009.954470629578
29235.0,3101.7613985802927
29236.0,826.5593265307725
29237.0,-2081.633745518513
29238.0,-4673.3318175678
29239.0,-6948.532889617086
29240.0,-10173.221961666604
29241.0,-13397.91103371589
29242.0,-16306.104105765178
29243.0,-19847.289177814695
29244.0,-22755.482249863984
29245.0,-25030.684321913268
29246.0,-28571.868393962555
29247.0,-31796.557466012073
29248.0,-34388.25553806136
29249.0,-36663.45761011065
29250.0,-37039.68468215993
29251.0,-38048.90375420945
29252.0,-39058.12282625874
29253.0,-39117.854898308025
29254.0,-40760.065970357544
29255.0,-41769.28504240683
29256.0,-43727.99111445612
29257.0,-44737.2101865054
29258.0,-44163.951258554924
29259.0,-41058.72633060421
29260.0,-38586.49240265349
29261.0,-35481.26747470278
29262.0,-33642.025546752295
29263.0,-32752.270618801584
29264.0,-31229.52469085087
29265.0,-29390.28276290039
29266.0,-26918.048834949674
29267.0,-24129.319906998964
29268.0,-20707.59897904825
29269.0,-17602.375051097766
29270.0,-13231.167123147054
29271.0,-11075.42919519634
29272.0,-8286.700267245626
29273.0,-6130.962339295145
29274.0,-3025.737411344431
29275.0,-553.5044833937172
29276.0,3501.207444556996
29277.0,6289.936372507476
29278.0,9711.657300458191
29279.0,12500.386228408905
29280.0,14972.619156359386
29281.0,16811.862084310098
29282.0,17701.617012260813
29283.0,19540.858940211525
29284.0,21696.596868162007
29285.0,24485.325796112724
29286.0,26008.071724063433
29287.0,27530.818652014146
29288.0,26838.09457996463
29289.0,25512.379507915342
29290.0,23870.16943586606
29291.0,24126.93336381654
29292.0,24383.69629176725
29293.0,25273.451219717965
29294.0,25530.215147668678
29295.0,24837.492075619164
29296.0,22562.290003569877
29297.0,19337.60093152059
29298.0,15796.416859471301
29299.0,12255.231787421784
29300.0,10613.021715372499
29301.0,9287.306643323212
29302.0,8911.07857127369
29303.0,7268.868499224405
29304.0,4677.170427175119
29305.0,1768.9773551258331
29306.0,4241.725720951647
29307.0,6714.474086777462
29308.0,9187.222452603277
29309.0,7944.466111380214
29310.0,6701.708770157153
29311.0,4825.960428934089
29312.0,2000.725087711026
29313.0,-508.015253512037
29314.0,-3649.7465947350997
29315.0,-5208.998935958163
29316.0,-7717.739277181226
29317.0,-7694.5136184042885
29318.0,-7987.782959627351
29319.0,-7964.557300850414
29320.0,-10473.297642073361
29321.0,-11716.054983296424
29322.0,-15174.281324519487
29323.0,-16417.038665742548
29324.0,-19242.274006965614
29325.0,-17320.074348188675
29326.0,-17613.34468941174
29327.0,-14425.162030634801
29328.0,-15034.927371857864
29329.0,-14062.214713080928
29330.0,-15621.46805430399
29331.0,-16547.729395527054
29332.0,-16524.503736750117
29333.0,-13969.31207797318
29334.0,-10464.634419196242
29335.0,-6326.964760419305
29336.0,-3455.2771016423685
29337.0,-3115.556442865431
29338.0,-2775.8347840884944
29339.0,-4018.592125311557
29340.0,-3362.3744665346203
29341.0,-1440.1748077575667
29342.0,3013.9898510193702
29343.0,5252.685509796307
29344.0,9073.859168573244
29345.0,7198.110827350181
29346.0,7537.832486127119
29347.0,5978.579144904055
29348.0,8217.274803680994
29349.0,9506.483462457929
29350.0,13644.153121234867
29351.0,14933.361780011805
29352.0,16855.56143878874
29353.0,14979.813097565679
29354.0,13737.055756342615
29355.0,11861.307415119552
29356.0,12834.020073896489
29357.0,14756.219732673426
29358.0,17311.410391450365
29359.0,20816.0890502273
29360.0,21155.810709004236
29361.0,22445.018367781173
29362.0,19303.288026558228
29363.0,19010.017685335166
29364.0,16817.7733441121
29365.0,17473.99000288904
29366.0,17497.215661665978
29367.0,19419.416320442913
29368.0,19759.13697921985
29369.0,19149.37163799679
29370.0,16640.631296773725
29371.0,12865.908955550662
29372.0,11306.656614327598
29373.0,9430.908273104535
29374.0,9770.628931881472
29375.0,10743.341590658409
29376.0,8867.593249435347
29377.0,6675.348908212283
29378.0,2584.130566989221
29379.0,-557.5997742338423
29380.0,-3382.836115456905
29381.0,-2726.618456679968
29382.0,-2386.8967979030313
29383.0,-2363.671139125978
29384.0,-3606.4284803490405
29385.0,-7064.655821572103
29386.0,-9256.900162795166
29387.0,-12398.630504018229
29388.0,-13008.396845241292
29389.0,-12985.171186464355
29390.0,-12328.953527687418
29391.0,-11989.232868910482
29392.0,-12598.998210133544
29393.0,-12575.772551356607
29394.0,-13502.03389257967
29395.0,-13795.304233802734
29396.0,-14088.574575025796
29397.0,-13748.85291624886
29398.0,-13092.635257471922
29399.0,-12752.914598694984
29400.0,-10514.218939918048
29401.0,-9541.50628114111
29402.0,-6986.314622364173
29403.0,-5697.106963587236
29404.0,-4407.898304810183
29405.0,-3435.1856460332465
29406.0,-879.9939872563091
29407.0,-2253.1132994614914
29408.0,-3626.2326116666736
29409.0,-4999.351923871856
29410.0,-1795.9008345566763
29411.0,141.5672547582708
29412.0,2079.0353440734507
29413.0,3700.0074333883967
29414.0,6270.467522703577
29415.0,10106.909612018524
29416.0,14576.343701333702
29417.0,16830.30679064865
29418.0,18767.775879963596
29419.0,19755.756969278777
29420.0,19794.251058593723
29421.0,21098.727147908903
29422.0,23036.195237223852
29423.0,25606.655326539032
29424.0,28177.114415853976
29425.0,29798.087505169155
29426.0,28887.0945944841
29427.0,27659.605683799047
29428.0,26432.116773114234
29429.0,25521.12386242918
29430.0,26192.609951744358
29431.0,25598.112041059307
29432.0,24687.119130374485
29433.0,23143.13521968943
29434.0,20966.15930900461
29435.0,19738.67039831956
29436.0,18511.181487634738
29437.0,16650.701576949683
29438.0,14473.726666264633
29439.0,12296.750755579811
29440.0,8537.296844894758
29441.0,5410.833934209939
29442.0,2284.3710235248836
29443.0,-842.091887159937
29444.0,-2386.075797844989
29445.0,-4879.54770852981
29446.0,-7689.514619214862
29447.0,-10815.977529899683
29448.0,-14258.936440584735
29449.0,-17701.894351269788
29450.0,-19878.87026195461
29451.0,-22372.341172639663
29452.0,-24865.813083324483
29453.0,-26726.292994009535
29454.0,-30485.746904694355
29455.0,-33295.71381537941
29456.0,-36105.68172606423
29457.0,-36700.17863674928
29458.0,-37294.67554743434
29459.0,-38205.66845811915
29460.0,-39749.65336880421
29461.0,-40660.646279489025
29462.0,-41888.135190174085
29463.0,-42482.6321008589
29464.0,-43710.12101154395
29465.0,-42722.13992222877
29466.0,-41734.15883291383
29467.0,-40113.185743598646
29468.0,-39125.204654283705
29469.0,-37187.736564968756
29470.0,-36516.251475653575
29471.0,-35211.77438633863
29472.0,-33590.80129702345
29473.0,-32286.3252077085
29474.0,-30032.36111839332
29475.0,-27778.397029078376
29476.0,-25840.928939763195
29477.0,-22637.47785044825
29478.0,-19750.52276113307
29479.0,-16863.56767181812
29480.0,-13660.116582503175
29481.0,-12355.639493187995
29482.0,-8835.693403873049
29483.0,-5948.7373145578695
29484.0,-2745.2872252429224
29485.0,141.66886407225684
29486.0,2079.136953387204
29487.0,3383.6130427023836
29488.0,5637.577132017332
29489.0,7891.541221332511
29490.0,10778.496310647457
29491.0,14614.938399962404
29492.0,17185.398489277584
29493.0,20705.344578592532
29494.0,22009.821667907712
29495.0,23630.79475722266
29496.0,23352.79284653784
29497.0,24340.773935852783
29498.0,25328.755025167964
29499.0,27266.223114482913
29500.0,29203.69120379786
29501.0,30508.168293113034
29502.0,31496.149382427982
29503.0,29952.165471743167
29504.0,29357.667561058115
29505.0,27813.683650373292
29506.0,26269.69873968824
29507.0,25358.70582900342
29508.0,23814.721918318366
29509.0,23220.225007633544
29510.0,21676.24009694849
29511.0,19499.264186263437
29512.0,19732.278745955027
29513.0,17551.021721777415
29514.0,14103.78169759992
29515.0,11606.02967342231
29516.0,8791.781649244815
29517.0,5977.533625067204
29518.0,4112.77260088971
29519.0,-283.95442328778427
29520.0,-2781.7074474653955
29521.0,-7178.433471642889
29522.0,-8726.6994958205
29523.0,-11224.451519997994
29524.0,-11506.734544175606
29525.0,-12105.5125683531
29526.0,-12704.291592530712
29527.0,-14252.556616708205
29528.0,-17383.30064088576
29529.0,-20514.044665063313
29530.0,-23328.292689240807
29531.0,-23294.079713418418
29532.0,-22943.370737595913
29533.0,-21959.670761773523
29534.0,-20026.483785951015
29535.0,-19359.279810128628
29536.0,-19008.57083430612
29537.0,-19923.84485848373
29538.0,-19256.640882661228
29539.0,-17639.94890683872
29540.0,-15706.761931016332
29541.0,-13457.078955193827
29542.0,-11523.891979371438
29543.0,-9590.705003548932
29544.0,-8290.509027726544
29545.0,-5724.331051904037
29546.0,-3158.1520760816484
29547.0,-275.47810025914305
29548.0,2607.1958755633623
29549.0,5489.869851385753
29550.0,6790.065827208256
29551.0,9356.243803030646
29552.0,11289.431778853152
29553.0,13222.618754675543
29554.0,16421.788730498047
29555.0,18038.479706320435
29556.0,21237.649682142943
29557.0,22854.340657965447
29558.0,24787.527633787835
29559.0,25454.732609610342
29560.0,27071.42358543273
29561.0,26472.645561255234
29562.0,27456.345537077625
29563.0,26857.56651290013
29564.0,27208.27548872252
29565.0,26925.992464545026
29566.0,27909.693440367413
29567.0,27943.90641618992
29568.0,28294.614392012427
29569.0,26746.349367834813
29570.0,25198.08334365732
29571.0,22700.33131947971
29572.0,20519.074295302216
29573.0,18021.322271124605
29574.0,17106.04824694711
29575.0,14608.295222769499
29576.0,13693.021198592005
29577.0,10878.77317441451
29578.0,9963.4991502369
29579.0,7465.746126059405
29580.0,5917.4811018817945
29581.0,3419.728077704299
29582.0,1554.9670535266882
29583.0,-309.79397065080616
29584.0,-2491.050994828417
29585.0,-5305.299019005912
29586.0,-8436.043043183407
29587.0,-11250.291067361017
29588.0,-12165.56509153851
29589.0,-14030.326115716121
29590.0,-14629.104139893616
29591.0,-16493.866164071227
29592.0,-16776.14818824872
29593.0,-18957.405212426333
29594.0,-19556.18323660383
29595.0,-21420.94526078144
29596.0,-21703.22728495893
29597.0,-22302.006309136428
29598.0,-21634.801333314037
29599.0,-20651.101357491534
29600.0,-19983.897381669143
29601.0,-18683.701405846637
29602.0,-18332.99243002425
29603.0,-17032.797454201744
29604.0,-16049.097478379354
29605.0,-14748.901502556848
29606.0,-13448.705526734342
29607.0,-11515.518550911953
29608.0,-8316.348575089447
29609.0,-5750.170599267059
29610.0,-3500.4876234445533
29611.0,-1250.8046476221643
29612.0,1315.3733282003413
29613.0,2932.0653040227307
29614.0,5498.2432798452355
29615.0,7431.431255667741
29616.0,9997.60923149013
29617.0,12247.292207312636
29618.0,13863.983183135026
29619.0,16113.66615895753
29620.0,11528.33173709617
29621.0,6942.99731523481
29622.0,2357.66289337345
29623.0,5318.270645801713
29624.0,7962.382398230442
29625.0,9657.00815065917
29626.0,11035.1369030879
29627.0,11780.275655516627
29628.0,12841.909407945357
29629.0,13587.047160373622
29630.0,15914.663912802353
29631.0,18242.280665231076
29632.0,19936.905417659807
29633.0,20682.044170088535
29634.0,22376.668922517267
29635.0,23121.806674945532
29636.0,23866.94542737426
29637.0,23979.09217980299
29638.0,24407.73393223172
29639.0,24519.88068466045
29640.0,23366.045437089175
29641.0,21895.71318951744
29642.0,21058.372941946167
29643.0,20854.024694374893
29644.0,19700.188446803622
29645.0,18229.856199232352
29646.0,16126.533951661084
29647.0,14656.201704089348
29648.0,13185.870456518074
29649.0,9500.068208946806
29650.0,7396.7459613755345
29651.0,4976.926713804263
29652.0,2873.603466232991
29653.0,-179.2057813387437
29654.0,-2915.521028910014
29655.0,-5651.835276481286
29656.0,-8388.149524052556
29657.0,-11440.959771623828
29658.0,-14810.2650191951
29659.0,-16913.588266766368
29660.0,-19649.902514338108
29661.0,-21753.225761909376
29662.0,-25122.53200948065
29663.0,-26909.359257051918
29664.0,-28379.69050462319
29665.0,-30483.01375219446
29666.0,-32902.83299976619
29667.0,-35006.15524733747
29668.0,-35210.50449490874
29669.0,-36364.34074248001
29670.0,-37518.17699005128
29671.0,-39305.00423762255
29672.0,-39825.84848519429
29673.0,-40346.69273276556
29674.0,-40234.54598033683
29675.0,-39489.408227908105
29676.0,-38744.27047547937
29677.0,-37049.644723050646
29678.0,-35671.514970622375
29679.0,-33660.39421819365
29680.0,-32598.76046576492
29681.0,-30271.14371333619
29682.0,-28893.014960907465
29683.0,-26881.894208478734
29684.0,-23921.28545605047
29685.0,-20644.18270362174
29686.0,-17367.078951193012
29687.0,-15355.958198764283
29688.0,-12078.854446335554
29689.0,-10067.733693906826
29690.0,-7423.620941478561
29691.0,-4463.013189049832
29692.0,-2451.892436621103
29693.0,825.2113158076263
29694.0,3469.3230682363537
29695.0,6429.931820665082
29696.0,7808.060573093346
29697.0,10135.677325522076
29698.0,11513.807077950805
29699.0,13841.423830379536
29700.0,15536.048582808264
29701.0,16914.178335236993
29702.0,19241.795087665254
29703.0,20303.428840093984
29704.0,21365.062592522714
29705.0,21477.209344951443
29706.0,22222.347097380174
29707.0,22967.4858498089
29708.0,24029.119602237166
29709.0,24457.761354665898
29710.0,24569.908107094627
29711.0,24998.550859523355
29712.0,24477.706611952082
29713.0,22690.87936438081
29714.0,20271.060116809072
29715.0,17851.2418692378
29716.0,17330.396621666532
29717.0,15860.065374095262
29718.0,15655.716126523992
29719.0,13868.88887895272
29720.0,12398.557631381449
29721.0,7013.314937248114
29722.0,1628.0722431147788
29723.0,-3757.1704510185573
29724.0,-5478.0405141517
29725.0,-6882.415577285774
29726.0,-8603.285640418917
29727.0,-10640.65170355206
29728.0,-12994.512766685202
29729.0,-15981.365829819277
29730.0,-17702.23589295242
29731.0,-19739.601956085564
29732.0,-18612.011019218706
29733.0,-18117.41108235278
29734.0,-16356.829145485923
29735.0,-16495.220208619066
29736.0,-16000.621271752208
29737.0,-16139.012334886283
29738.0,-16277.404398019426
29739.0,-15149.81346115257
29740.0,-14338.718524285712
29741.0,-11628.648587419786
29742.0,-10184.561650552929
29743.0,-8107.4837136860715
29744.0,-7929.379776819214
29745.0,-6801.788839953288
29746.0,-5674.197903086431
29747.0,-4546.606966219575
29748.0,-1836.5380293527178
29749.0,557.0359075132092
29750.0,2001.1228443800665
29751.0,3761.7047812469245
29752.0,3939.8087181137817
29753.0,5067.399654980636
29754.0,5561.999591846565
29755.0,5423.607528713419
29756.0,5918.207465580279
29757.0,8311.781402447134
29758.0,10388.859339313061
29759.0,13098.929276179919
29760.0,16125.494213046775
29761.0,17569.580149913632
29762.0,19646.659086779557
29763.0,20774.250023646415
29764.0,21585.34496051327
29765.0,22712.935897380128
29766.0,24157.022834246054
29767.0,25284.613771112912
29768.0,26095.70870797977
29769.0,26273.81264484663
29770.0,25818.925581712552
29771.0,25997.02951857941
29772.0,24276.159455446264
29773.0,24454.26339231312
29774.0,25265.35832917905
29775.0,25443.462266045906
29776.0,25621.566202912763
29777.0,22634.71313977962
29778.0,20913.843076645546
29779.0,17293.999013512403
29780.0,15889.62495037926
29781.0,13219.266887246118
29782.0,13397.370824112044
29783.0,11676.500760978899
29784.0,10905.117697845759
29785.0,9817.238634712616
29786.0,6513.89057157854
29787.0,6059.002508445397
29788.0,2755.6544453122533
29789.0,2933.7583821791104
29790.0,579.8963190459681
29791.0,1707.4882559118942
29792.0,-646.3738072212491
29793.0,-2367.243870354391
29794.0,-3771.6189334875344
29795.0,-7074.966996621609
29796.0,-6580.367059754752
29797.0,-10516.707122887896
29798.0,-9705.612186021037
29799.0,-11742.978249155112
29800.0,-11881.369312288254
29801.0,-13285.744375421398
29802.0,-15956.10143855454
29803.0,-15777.997501688615
29804.0,-19397.841564821756
29805.0,-15105.2936279549
29806.0,-18408.642691088044
29807.0,-15698.572754222118
29808.0,-17419.44281735526
29809.0,-17874.330880488404
29810.0,-17063.234943621545
29811.0,-19100.60100675562
29812.0,-15757.540069888762
29813.0,-16845.419133021904
29814.0,-12236.376196155048
29815.0,-11108.785259289123
29816.0,-6816.237322422266
29817.0,-4106.167385555409
29818.0,-3295.072448688552
29819.0,-268.50751182262593
29820.0,542.5884250442309
29821.0,3569.153361911088
29822.0,-3092.540579634491
29823.0,-9754.234521180071
29824.0,-16415.92846272565
29825.0,-14337.511409568742
29826.0,-10043.626356410907
29827.0,-8598.201303254002
29828.0,-5253.802250097095
29829.0,-3808.3771969401896
29830.0,-1096.9701437832846
29831.0,1614.437909373617
29832.0,3059.862962530522
29833.0,6404.261015687429
29834.0,7849.686068844334
29835.0,10877.589122001242
29836.0,13272.50117515814
29837.0,16616.90022831598
29838.0,19961.299281472886
29839.0,22672.706334629787
29840.0,25067.618387786693
29841.0,27146.0344409436
29842.0,27958.468494100503
29843.0,29403.892547257412
29844.0,29266.839600414314
29845.0,30395.76865357122
29846.0,29942.218706728127
29847.0,31071.147759885956
29848.0,31250.58981304286
29849.0,31113.53686619977
29850.0,30659.986919356677
29851.0,28623.959972513578
29852.0,26904.427025670484
29853.0,22336.43407882739
29854.0,19667.415131984293
29855.0,15099.4221851412
29856.0,11480.915238298105
29857.0,7862.409291455009
29858.0,4243.903344612845
29859.0,1574.8843977697506
29860.0,-2993.108549073346
29861.0,-5345.632495916441
29862.0,-8964.138442759537
29863.0,-11633.157389602631
29864.0,-15884.655336445727
29865.0,-20136.153283288822
29866.0,-23438.163230131915
29867.0,-26423.678176975012
29868.0,-25927.740123817177
29869.0,-28280.26407066027
29870.0,-28100.822017503364
29871.0,-30453.344964346463
29872.0,-31539.885911189558
29873.0,-33259.417858032655
29874.0,-34662.45480487574
29875.0,-34166.51675171884
29876.0,-34620.065698561935
29877.0,-32858.145645405035
29878.0,-34577.677592248125
29879.0,-32182.76553909029
29880.0,-33269.30648593338
29881.0,-31823.88143277648
29882.0,-31327.943379619574
29883.0,-30199.01432646267
29884.0,-27804.103273305765
29885.0,-28574.14822014886
29886.0,-26495.732166991955
29887.0,-27898.768113835053
29888.0,-24870.865060678145
29889.0,-25640.91000752124
29890.0,-21347.023954363405
29891.0,-19268.607901206502
29892.0,-15291.217848049597
29893.0,-13122.374223464121
29894.0,-10953.530598878644
29895.0,-8784.686974293167
29896.0,-6615.843349707691
29897.0,-4446.999725122214
29898.0,-2278.1561005367384
29899.0,-109.31247595126115
29900.0,2285.598577206576
29901.0,4364.015630363479
29902.0,8341.405683520385
29903.0,7887.8557366772875
29904.0,12498.237789834195
29905.0,11411.6968429911
29906.0,14439.599896148004
29907.0,14619.041949304908
29908.0,16064.467002461814
29909.0,17193.39605561872
29910.0,15473.864108775622
29911.0,16919.28916193346
29912.0,14566.765215090363
29913.0,16645.18126824727
29914.0,16191.632321404173
29915.0,17004.06537456108
29916.0,18132.995427717982
29917.0,17046.454480874887
29918.0,18491.879534031792
29919.0,15506.364587188698
29920.0,16002.301640345602
29921.0,14282.769693502509
29922.0,13512.724746660344
29923.0,14325.15879981725
29924.0,13555.113852974155
29925.0,14684.04290613106
29926.0,12964.509959287963
29927.0,12194.465012444867
29928.0,10158.438065601775
29929.0,8122.410118758678
29930.0,6719.373171915584
29931.0,4999.841225072489
29932.0,3913.3002782303247
29933.0,4092.7423313872296
29934.0,3322.6973845441335
29935.0,3185.6444377010394
29936.0,2732.094490857944
29937.0,1012.5625440148488
29938.0,-73.97740282824634
29939.0,-1793.5103496713418
29940.0,-2247.059296514437
29941.0,-4283.087243357531
29942.0,-3787.1491902006264
29943.0,-5190.1861370427905
29944.0,-4694.248083885886
29945.0,-4198.310030728981
29946.0,-4335.363977572077
29947.0,-2573.4429244151715
29948.0,-2394.0008712582667
29949.0,-315.58481810136163
29950.0,-136.14276494445676
29951.0,359.794288212448
29952.0,-726.7456586306471
29953.0,-1813.2866054737415
29954.0,-684.3575523159061
29955.0,-821.4114991590004
29956.0,-4119.927179518804
29957.0,-3581.8797698289036
29958.0,-1144.8593601394714
29959.0,-1239.8039504500375
29960.0,1197.2174592393967
29961.0,152.7858689288314
29962.0,1323.8232786182652
29963.0,912.383688308164
29964.0,817.4390979975979
29965.0,2621.468507687032
29966.0,2210.0279173764666
29967.0,5280.040327065901
29968.0,4552.104736755333
29969.0,8571.604146445232
29970.0,7843.667556134667
29971.0,12496.158965824103
29972.0,12084.718375513534
29973.0,13572.25178520297
29974.0,13477.307194892404
29975.0,13698.858604582303
29976.0,15819.384014271734
29977.0,15724.439423961168
29978.0,18794.451833650604
29979.0,18699.50724334004
29980.0,21136.527653029472
29981.0,19775.60006271937
29982.0,21263.134472408805
29983.0,19585.71088209824
29984.0,19490.766291787673
29985.0,18762.830701477105
29986.0,17718.399111166542
29987.0,17623.45452085644
29988.0,15313.039930545874
29989.0,14901.599340235309
29990.0,12274.689749924743
29991.0,12179.745159614176
29992.0,10185.826569303608
29993.0,7875.41197899351
29994.0,5564.997388682943
29995.0,1039.1137983723784
29996.0,-1587.79679193819
29997.0,-6113.680382248756
29998.0,-7791.103972558856
29999.0,-10418.013562869422
30000.0,-11778.941153179989
30001.0,-13139.868743490555
30002.0,-15766.778333801121
30003.0,-18077.192924111685
30004.0,-21970.085514421786
30005.0,-23964.004104732354
30006.0,-27223.90569504292
30007.0,-28584.833285353485
30008.0,-30262.25587566405
30009.0,-31306.688465974617
30010.0,-31718.128056284717
30011.0,-31813.072646595283
30012.0,-30958.530236905848
30013.0,-32002.961827216415
30014.0,-32097.90641752698
30015.0,-32825.84300783755
30016.0,-32920.78759814765
30017.0,-32699.236188458213
30018.0,-32477.68477876878
30019.0,-31306.646369079346
30020.0,-29502.616959389914
30021.0,-28331.57954970048
30022.0,-25578.06214001058
30023.0,-23141.041730321147
30024.0,-19754.533320631712
30025.0,-17950.50391094228
30026.0,-16146.474501252846
30027.0,-14025.949091563412
30028.0,-13487.902681873511
30029.0,-10734.386272184078
30030.0,-10196.338862494644
30031.0,-6809.831452805211
30032.0,-3423.3230431157754
30033.0,-986.3026334263413
30034.0,2241.9577762633253
30035.0,5470.218185952992
30036.0,9806.212595642424
30037.0,9394.772005331859
30038.0,11831.793415021293
30039.0,12369.839824710725
30040.0,13540.878234400625
30041.0,16610.89064409006
30042.0,15566.459053779494
30043.0,19902.453463468926
30044.0,18541.526873158364
30045.0,21611.539282847792
30046.0,21200.098692537693
30047.0,21421.650102227126
30048.0,22909.183511916563
30049.0,21548.255921605996
30050.0,23352.285331295432
30051.0,19775.88874098486
30052.0,21263.422150674764
30053.0,18320.016560364194
30054.0,18858.06297005363
30055.0,17180.64037974307
30056.0,14870.225789432501
30057.0,14333.956370376438
30058.0,13797.686951320376
30059.0,13261.417532264313
30060.0,12725.148113208252
30061.0,12188.878694152188
30062.0,11652.609275096127
30063.0,11116.339856040064
30064.0,9571.062059305525
30065.0,7392.7932625712165
30066.0,7746.490465836912
30067.0,3352.7526691026032
30068.0,1095.3601223681799
30069.0,-1162.0324243662435
30070.0,-3419.424971100667
30071.0,-5676.81751783509
30072.0,-7222.095314569397
30073.0,-7817.8851113037035
30074.0,-9996.153908038244
30075.0,-8692.969704772551
30076.0,-12770.212501506858
30077.0,-9884.550298241398
30078.0,-14278.289094975704
30079.0,-12025.617891710011
30080.0,-14203.88668844455
30081.0,-14483.180485178858
30082.0,-15078.971281913164
30083.0,-18839.718078647704
30084.0,-17536.53387538201
30085.0,-21297.280672116318
30086.0,-16829.14046885086
30087.0,-19323.904265585166
30088.0,-15805.251062319472
30089.0,-17350.52785905401
30090.0,-16680.33565578832
30091.0,-16010.142452522625
30092.0,-17238.924249257165
30093.0,-14669.758045991472
30094.0,-16531.53084272578
30095.0,-13962.36363946032
30096.0,-15507.641436194626
30097.0,-13887.961232928934
30098.0,-13850.760029663474
30099.0,-12547.57582639778
30100.0,-9661.913623132088
30101.0,-8358.730419866628
30102.0,-4840.0762166009345
30103.0,-4169.884013335241
30104.0,-2550.203810069781
30105.0,-1880.011606804088
30106.0,-576.8274035383947
30107.0,1992.3387997270656
30108.0,4245.010002992758
30109.0,7447.168206258451
30110.0,10649.32640952391
30111.0,12901.997612789604
30112.0,14205.180816055297
30113.0,15508.365019320758
30114.0,16495.05322258645
30115.0,18747.724425852146
30116.0,20367.403629117605
30117.0,22620.074832383296
30118.0,23290.26803564899
30119.0,25542.938238914452
30120.0,27162.618442180144
30121.0,26566.828645445836
30122.0,28819.4988487113
30123.0,26957.72605197699
30124.0,28260.910255242685
30125.0,26399.137458508143
30126.0,26752.834661773835
30127.0,25207.55686503953
30128.0,23978.77506830499
30129.0,24015.976271570682
30130.0,21204.716474836376
30131.0,21241.91767810207
30132.0,18114.16188136753
30133.0,17518.37208463322
30134.0,15023.607287898914
30135.0,12528.843491164374
30136.0,10350.57469443007
30137.0,6906.323897695762
30138.0,4411.559100961222
30139.0,809.0598042269144
30140.0,-2793.439492507393
30141.0,-4655.212289241932
30142.0,-5251.002085976239
30143.0,-5213.800882710546
30144.0,-7075.573679445086
30145.0,-7987.859476179393
30146.0,-11748.6072729137
30147.0,-13926.875069648238
30148.0,-16105.143866382547
30149.0,-17017.429663116854
30150.0,-16347.237459851394
30151.0,-16943.0272565857
30152.0,-15323.348053320007
30153.0,-15602.641850054548
30154.0,-14932.449646788853
30155.0,-15211.744443523161
30156.0,-14541.5512402577
30157.0,-13238.368036992008
30158.0,-13201.166833726315
30159.0,-10948.495630460855
30160.0,-12177.27742719516
30161.0,-9924.606223929468
30162.0,-11793.007284311865
30163.0,-13661.408344694264
30164.0,-15529.809405076661
30165.0,-12054.754288356959
30166.0,-9529.187171637255
30167.0,-8269.602054917521
30168.0,-5111.042938197819
30169.0,-6699.919821478115
30170.0,-3224.8647047584127
30171.0,-1395.5875880387036
30172.0,433.6895286810054
30173.0,2262.966645400714
30174.0,4092.2437621204235
30175.0,5921.520878840132
30176.0,8447.087995559836
30177.0,11922.14311227957
30178.0,10333.266228999273
30179.0,14441.312345718976
30180.0,12535.940462438677
30181.0,16327.49057915838
30182.0,16004.597695878085
30183.0,18530.164812597817
30184.0,19473.25392931752
30185.0,19466.856046037225
30186.0,21675.92816275693
30187.0,20403.547279476632
30188.0,21979.628396196364
30189.0,20074.256512916065
30190.0,20067.858629635768
30191.0,19428.468746355473
30192.0,16257.113863075174
30193.0,17200.202979794907
30194.0,13712.35309651461
30195.0,15604.929213234314
30196.0,12117.078329954016
30197.0,12427.176446673719
30198.0,10521.804563393423
30199.0,7666.945680113156
30200.0,5656.075130166193
30201.0,3645.204580219229
30202.0,1634.3340302722645
30203.0,-1853.5168530080318
30204.0,-2176.4097362883003
30205.0,-4714.7736195685975
30206.0,-5354.162502848894
30207.0,-6626.543386129191
30208.0,-7898.924269409486
30209.0,-9171.305152689754
30210.0,-9810.694035970053
30211.0,-12349.05691925035
30212.0,-12988.446802530645
30213.0,-16476.296685810943
30214.0,-19014.66056909121
30215.0,-19970.545452371505
30216.0,-21875.917335651804
30217.0,-20299.8372189321
30218.0,-21255.722102212396
30219.0,-19046.649985492695
30220.0,-20952.02186877296
30221.0,-20641.92375205326
30222.0,-21914.304635333556
30223.0,-23186.685518613853
30224.0,-22243.59640189415
30225.0,-23832.472285174415
30226.0,-22256.392168454713
30227.0,-23845.26805173501
30228.0,-21952.691935015308
30229.0,-21959.089818295604
30230.0,-20066.51370157587
30231.0,-19123.42458485617
30232.0,-18496.830468136464
30233.0,-15971.263351416763
30234.0,-17243.644234697058
30235.0,-13452.093117977327
30236.0,-14407.979001257623
30237.0,-10616.42788453792
30238.0,-11572.312767818217
30239.0,-9363.241651098513
30240.0,-8420.15153437881
30241.0,-7160.567417659078
30242.0,-3369.0173009393748
30243.0,-1740.1873508863334
30244.0,-111.3574008332921
30245.0,1517.4725492197495
30246.0,3146.3024992727906
30247.0,4775.132449325833
30248.0,6403.962399378874
30249.0,7663.547516098577
30250.0,9556.123632818279
30251.0,13664.16974953801
30252.0,13974.266866257716
30253.0,18082.31298297742
30254.0,15227.454099697123
30255.0,17436.526216416823
30256.0,14581.667333136527
30257.0,16790.73844985626
30258.0,18050.323566575964
30259.0,19309.908683295667
30260.0,21835.475800015367
30261.0,20563.095916735074
30262.0,24038.150033454804
30263.0,19600.81315017451
30264.0,21809.88426689421
30265.0,17363.653339059754
30266.0,18085.886863726933
30267.0,16276.155388394574
30268.0,14782.918913061752
30269.0,12656.692437728929
30270.0,8947.98596239611
30271.0,9353.724487063286
30272.0,5961.514011730462
30273.0,7633.2355363976385
30274.0,4874.0170610648165
30275.0,5912.746585731995
30276.0,2837.03211039917
30277.0,77.81363506634807
30278.0,-2997.9008402660074
30279.0,-7339.598315598831
30280.0,-8832.833790931652
30281.0,-12225.044266264475
30282.0,-11502.809741597299
30283.0,-13312.541216930122
30284.0,-12590.307692262944
30285.0,-13450.552167595766
30286.0,-13994.301642928589
30287.0,-14538.050118261412
30288.0,-16980.77259359377
30289.0,-16891.530068926593
30290.0,-18384.766544259415
30291.0,-17662.532019592236
30292.0,-18522.77649492506
30293.0,-18433.533970257882
30294.0,-18027.796445590706
30295.0,-18571.544920923527
30296.0,-17216.31939625635
30297.0,-17127.07687158917
30298.0,-15771.852346921529
30299.0,-14416.626822254353
30300.0,-12744.906297587175
30301.0,-12339.167772919998
30302.0,-11616.93324825282
30303.0,-11844.186723585643
30304.0,-8906.483198918466
30305.0,-7551.257674251288
30306.0,-4297.058149584111
30307.0,-1992.3466249169342
30308.0,-4.129100249756448
30309.0,2933.574424417886
30310.0,3022.8169490850632
30311.0,6910.007473752241
30312.0,5733.266998419418
30313.0,9303.962523086597
30314.0,9076.709047753775
30315.0,12647.40457242095
30316.0,13686.134097088128
30317.0,15357.854621755305
30318.0,17979.063146422483
30319.0,17118.818671090125
30320.0,20056.5221957573
30321.0,18246.79072042448
30322.0,19918.511245091657
30323.0,18741.770769758834
30324.0,19780.500294426012
30325.0,20186.23881909319
30326.0,19325.99434376037
30327.0,20364.723868427543
30328.0,18871.48839309472
30329.0,19910.2179177619
30330.0,17150.998442429544
30331.0,17240.24096709672
30332.0,15430.509491763896
30333.0,12987.787016431073
30334.0,14026.516541098252
30335.0,10317.811065765429
30336.0,11989.531590432605
30337.0,8280.826115099782
30338.0,9319.55563976696
30339.0,6876.832164434138
30340.0,6333.0836891017825
30341.0,5472.839213768959
30342.0,2397.124738436136
30343.0,1093.786263103313
30344.0,-209.55221222950968
30345.0,-1512.8906875623315
30346.0,-2816.2291628951552
30347.0,-4119.567638227977
30348.0,-6245.795113560799
30349.0,-5840.056588893623
30350.0,-5117.82306422598
30351.0,-6927.5545395588015
30352.0,-5572.329014891625
30353.0,-8648.043490224447
30354.0,-7292.817965557269
30355.0,-10368.532440890092
30356.0,-9962.793916222916
30357.0,-10823.038391555738
30358.0,-11683.28286688856
30359.0,-10011.562342221383
30360.0,-11821.293817554206
30361.0,-8250.599292886563
30362.0,-10376.825768219385
30363.0,-7439.122243552209
30364.0,-9881.84571888503
30365.0,-9476.107194217853
30366.0,-8120.881669550676
30367.0,-9234.593085704124
30368.0,-10348.304501857572
30369.0,-11462.015918011022
30370.0,-12575.72733416447
30371.0,-13689.43875031792
30372.0,-14803.150166471369
30373.0,-14152.930570547262
30374.0,-12236.728974623094
30375.0,-10004.031378698986
30376.0,-9353.812782774878
30377.0,-6488.1241868507095
30378.0,-6154.400590926602
30379.0,-3605.2079950024927
30380.0,-2638.4933990783247
30381.0,-405.7958031542148
30382.0,2776.3887927698925
30383.0,5642.077388694059
30384.0,8824.26198461817
30385.0,11373.455580542275
30386.0,12973.161176466445
30387.0,14889.362772390552
30388.0,16489.06936831466
30389.0,18088.77496423883
30390.0,20954.463560162934
30391.0,22870.665156087103
30392.0,25103.362752011213
30393.0,25753.581347935324
30394.0,26720.29594385949
30395.0,27370.5155397836
30396.0,27387.743135707708
30397.0,28037.961731631876
30398.0,26472.711327555982
30399.0,27439.425923480092
30400.0,23658.705519404255
30401.0,25258.411115328367
30402.0,22110.681711252473
30403.0,22127.90930717664
30404.0,21512.145903100747
30405.0,18047.92049902486
30406.0,15533.182694948993
30407.0,13018.444890873125
30408.0,10503.707086797258
30409.0,7988.969282721388
30410.0,5474.231478645521
30411.0,1377.0150745696847
30412.0,-188.23632950620595
30413.0,-1753.4867335820963
30414.0,-6167.19913765793
30415.0,-7099.45854173382
30416.0,-9930.69194580971
30417.0,-10862.951349885545
30418.0,-13061.193753961437
30419.0,-15892.427158037328
30420.0,-17141.18256211316
30421.0,-20605.40696618905
30422.0,-21854.162370264883
30423.0,-24368.899774340774
30424.0,-24668.168178416665
30425.0,-25283.9315824925
30426.0,-26216.190986568392
30427.0,-25882.46839064428
30428.0,-27447.718794720116
30429.0,-26481.004198796007
30430.0,-28046.255602871897
30431.0,-28029.02800694773
30432.0,-28328.295411023624
30433.0,-27994.572815099513
30434.0,-26711.362219175404
30435.0,-27010.630623251236
30436.0,-25094.42802732707
30437.0,-24444.20943140302
30438.0,-22528.007835478853
30439.0,-22827.276239554685
30440.0,-20911.073643630636
30441.0,-18994.87204770647
30442.0,-18344.653451782302
30443.0,-14529.477855858251
30444.0,-14512.250259934084
30445.0,-10064.082664009917
30446.0,-10679.847068085866
30447.0,-6231.679472161701
30448.0,-6847.442876237534
30449.0,-3348.7632803133656
30450.0,-3015.039684389316
30451.0,-465.84708846514695
30452.0,1766.8505074590175
30453.0,3050.0611033830683
30454.0,6548.741699307237
30455.0,6249.473295231404
30456.0,9115.161891155454
30457.0,7866.406487079621
30458.0,11998.078083003787
30459.0,13281.288345594583
30460.0,14564.498608185377
30461.0,15847.708870776172
30462.0,19029.893466700225
30463.0,18097.63406262439
30464.0,18747.853658548556
30465.0,16233.115254472606
30466.0,15933.846850396774
30467.0,15634.579446320939
30468.0,16601.29404224499
30469.0,18200.99963816916
30470.0,19167.714234093328
30471.0,19817.933830017377
30472.0,17936.18742594154
30473.0,14448.553069271073
30474.0,10960.918712600604
30475.0,7473.284355930133
30476.0,4420.723438519999
30477.0,5799.102521110333
30478.0,4012.5246037002034
30479.0,6023.894686290536
30480.0,2971.3337688808715
30481.0,3083.72985147074
30482.0,-918.3180659389254
30483.0,-2071.9049833485915
30484.0,-4174.977900758724
30485.0,-4062.58181816839
30486.0,-4583.177735578056
30487.0,-4154.285652988188
30488.0,-4991.376570397853
30489.0,-7094.450487807986
30490.0,-7615.045405217652
30491.0,-10351.110322627317
30492.0,-9289.22724003745
30493.0,-10759.310157447115
30494.0,-8747.94007485678
30495.0,-9585.030992266911
30496.0,-7573.660909676579
30497.0,-8727.24682708671
30498.0,-8298.355744496375
30499.0,-10401.42966190604
30500.0,-10605.528579316173
30501.0,-11126.124496725839
30502.0,-11330.223414135504
30503.0,-9951.845331545635
30504.0,-8889.961248955302
30505.0,-7828.078166364969
30506.0,-8665.1690837751
30507.0,-9185.765001184765
30508.0,-10972.342918594897
30509.0,-10226.955836004563
30510.0,-10114.559753414229
30511.0,-8103.18867082436
30512.0,-6724.810588234026
30513.0,-4713.440505643692
30514.0,-3968.052423053823
30515.0,-2589.674340463489
30516.0,-2793.7732578736213
30517.0,-2048.3861752832872
30518.0,-353.51109269295193
30519.0,1657.8589898969149
30520.0,3985.72507248725
30521.0,7263.077155077583
30522.0,8324.960237667452
30523.0,10019.835320257785
30524.0,11081.718402847655
30525.0,13093.088485437991
30526.0,14154.971568028323
30527.0,15849.84665061819
30528.0,16595.233733208526
30529.0,17973.61281579886
30530.0,18718.999898388727
30531.0,18514.899980979062
30532.0,18310.801063569397
30533.0,18423.197146159266
30534.0,19801.5752287496
30535.0,19597.476311339466
30536.0,19709.8723939298
30537.0,18872.781476520136
30538.0,17719.194559110005
30539.0,17198.599641700337
30540.0,15728.516724290672
30541.0,15840.91280688054
30542.0,14687.325889470874
30543.0,15116.217972060746
30544.0,13013.144054651078
30545.0,12176.053137241412
30546.0,10072.979219831279
30547.0,8286.401302421615
30548.0,7132.815385011949
30549.0,5346.236467601819
30550.0,5458.632550192153
30551.0,3672.0546327820193
30552.0,3467.9557153723545
30553.0,1048.3857979626882
30554.0,-1054.6881194474445
30555.0,-3474.2570368571087
30556.0,-5577.330954266776
30557.0,-7363.9088716769065
30558.0,-8517.495789086573
30559.0,-8088.603706496238
30560.0,-8292.703623906371
30561.0,-8496.803541316036
30562.0,-9017.398458726168
30563.0,-11120.472376135833
30564.0,-12274.058293545499
30565.0,-14060.63721095563
30566.0,-14581.232128365296
30567.0,-14468.836045774962
30568.0,-12773.960963185094
30569.0,-12345.06988059476
30570.0,-10650.194798004892
30571.0,-10221.303715414557
30572.0,-11058.394632824224
30573.0,-9680.015550234355
30574.0,-9884.11546764402
30575.0,-7556.249385053687
30576.0,-8759.874338856604
30577.0,-9963.499292659519
30578.0,-11167.124246462436
30579.0,-9299.008168041939
30580.0,-9013.37008962156
30581.0,-7461.7500112011785
30582.0,-5910.129932780683
30583.0,-4042.0128543603023
30584.0,-1224.4097759399228
30585.0,1593.193302480573
30586.0,4410.796380900956
30587.0,5962.417459321336
30588.0,7514.037537741831
30589.0,8116.170616162213
30590.0,9984.286694582592
30591.0,12485.394773003089
30592.0,15619.493851423467
30593.0,18753.592929843966
30594.0,19672.222008264347
30595.0,20274.35508668472
30596.0,18977.514165105225
30597.0,18313.665243525604
30598.0,17649.816321945982
30599.0,18568.44540036648
30600.0,18537.58747878686
30601.0,19772.711557207236
30602.0,19741.853635627733
30603.0,19078.00471404812
30604.0,17148.172792468613
30605.0,15534.835870888994
30606.0,13605.003949309372
30607.0,12624.659027729867
30608.0,10694.82710615025
30609.0,9081.49118457063
30610.0,6835.1632629911255
30611.0,4588.8353414115045
30612.0,2659.0034198318863
30613.0,96.18049825238268
30614.0,-1200.6604233272374
30615.0,-1864.5103449068556
30616.0,-2528.359266486361
30617.0,-2559.2171880659807
30618.0,-3223.0661096454824
30619.0,-4836.403031225103
30620.0,-6766.234952804723
30621.0,-8696.066874384227
30622.0,-9992.907795963847
30623.0,-10656.756717543467
30624.0,-11004.11063912297
30625.0,-11351.46356070259
30626.0,-11382.32148228221
30627.0,-11729.675403861713
30628.0,-13343.012325441334
30629.0,-14323.357247020955
30630.0,-15936.693168600457
30631.0,-16917.038090180078
30632.0,-16947.89601175958
30633.0,-17611.7459333392
30634.0,-18275.59485491882
30635.0,-18939.443776498323
30636.0,-20552.780698077942
30637.0,-20583.638619657562
30638.0,-21880.478541237066
30639.0,-22544.328462816688
30640.0,-22575.186384396307
30641.0,-23239.03530597581
30642.0,-22636.90222755543
30643.0,-23300.75114913505
30644.0,-22382.12207071455
30645.0,-22729.475992294174
30646.0,-20544.863913873676
30647.0,-19626.234835453295
30648.0,-18074.614757032916
30649.0,-16839.48967861242
30650.0,-16870.34760019204
30651.0,-15951.718521771658
30652.0,-15349.584443351163
30653.0,-14430.955364930782
30654.0,-13512.326286510402
30655.0,-11644.210208089906
30656.0,-10092.590129669527
30657.0,-6958.49105124903
30658.0,-4457.382972828647
30659.0,-1323.2838944082687
30660.0,1177.823184012228
30661.0,3045.9392624326065
30662.0,4281.064340852987
30663.0,4883.197419273485
30664.0,5801.826497693866
30665.0,7986.438576114244
30666.0,10487.54665453474
30667.0,12988.653732955121
30668.0,15173.265811375502
30669.0,16724.885889796
30670.0,17643.514968216376
30671.0,17929.15304663687
30672.0,19480.773125057254
30673.0,19766.411203477634
30674.0,21318.03228189813
30675.0,20337.68736031851
30676.0,20306.82943873889
30677.0,19326.483517159388
30678.0,18346.138595579767
30679.0,17682.289674000145
30680.0,16068.953752420646
30681.0,15088.608830841025
30682.0,13791.767909261405
30683.0,12494.926987681902
30684.0,10248.59906610228
30685.0,8318.767144522779
30686.0,5755.944222943159
30687.0,3509.616301363538
30688.0,1896.279379784035
30689.0,-350.04754179558586
30690.0,-2279.879463375204
30691.0,-3893.216384954707
30692.0,-5823.048306534327
30693.0,-8069.376228113948
30694.0,-7711.33013270434
30695.0,-7353.284037294732
30696.0,-6995.237941885124
30697.0,-8589.226950483044
30698.0,-10183.214959080908
30699.0,-10194.724967678829
30700.0,-11155.721976276693
30701.0,-11483.727984874555
30702.0,-12444.724993472477
30703.0,-14671.70500207034
30704.0,-15316.206010668202
30705.0,-16277.203019266122
30706.0,-16288.713027863985
30707.0,-16933.21503646191
30708.0,-17577.71604505977
30709.0,-18855.209053657632
30710.0,-19499.71006225555
30711.0,-20144.211070853416
30712.0,-20155.72107945128
30713.0,-18584.7530880492
30714.0,-16380.793096647063
30715.0,-14493.329105244984
30716.0,-12922.361113842848
30717.0,-11667.88812244071
30718.0,-11362.902131038632
30719.0,-9475.438139636495
30720.0,-8220.965148234416
30721.0,-6017.006156832279
30722.0,-3180.0541654301414
30723.0,-343.1031740280632
30724.0,1860.856817374075
30725.0,4381.311808776212
30726.0,6268.7758001782895
30727.0,7523.248791580427
30728.0,9727.208782982507
30729.0,11614.672774384642
30730.0,13818.63276578678
30731.0,16339.08775718886
30732.0,17593.560748590997
30733.0,18848.033739993134
30734.0,19469.51473139521
30735.0,19141.50872279735
30736.0,18497.00771419943
30737.0,18485.497705601567
30738.0,17840.996697003702
30739.0,18145.98168840578
30740.0,17501.48067980792
30741.0,16856.979671210054
30742.0,15262.990662612134
30743.0,13985.49765401427
30744.0,12708.00564541635
30745.0,12379.999636818487
30746.0,12684.985628220624
30747.0,13306.466619622704
30748.0,12028.973611024841
30749.0,10434.985602426921
30750.0,7891.509593829058
30751.0,6297.521585231192
30752.0,4387.037576633273
30753.0,4059.0315680354106
30754.0,3731.0255594375485
30755.0,4036.0115508396266
30756.0,3708.0055422417645
30757.0,3380.0005336438408
30758.0,1786.0115250459785
30759.0,1141.5105164481156
30760.0,1446.4965078501955
30761.0,1118.4904992523316
30762.0,1106.9804906544687
30763.0,-170.51251794345262
30764.0,-1131.5095265413147
30765.0,-2725.497535139237
30766.0,-3053.503543737099
30767.0,-4647.491552334963
30768.0,-4659.001560932884
30769.0,-5303.503569530745
30770.0,-4998.517578128667
30771.0,-5010.02758672653
30772.0,-4705.041595324394
30773.0,-4716.551603922315
30774.0,-5361.053612520176
30775.0,-6005.554621118039
30776.0,-6333.560629715961
30777.0,-6345.070638313824
30778.0,-6040.084646911744
30779.0,-5418.603655509607
30780.0,-5113.617664107471
30781.0,-4492.136672705392
30782.0,-4503.646681303255
30783.0,-4515.156689901118
30784.0,-4210.17069849904
30785.0,-3905.1847070969015
30786.0,-2650.7127156948227
30787.0,-1079.7437242926862
30788.0,491.22426710945183
30789.0,796.2102585115299
30790.0,1101.196249913668
30791.0,773.1902413158041
30792.0,1394.671232717883
30793.0,2332.648224120021
30794.0,2954.1302155220983
30795.0,4525.098206924238
30796.0,5463.075198326373
30797.0,6401.0521897284525
30798.0,7339.029181130591
30799.0,8909.998172532669
30800.0,10164.471163934806
30801.0,12051.935155336942
30802.0,13622.903146739023
30803.0,14560.880138141158
30804.0,15498.857129543296
30805.0,15487.347120945375
30806.0,15792.33311234751
30807.0,16413.81410374959
30808.0,17035.296095151727
30809.0,17656.777086553866
30810.0,18911.25007795594
30811.0,18899.74006935808
30812.0,19204.72506076022
30813.0,19193.215052162297
30814.0,19181.705043564434
30815.0,18853.70003496651
30816.0,18209.19802636865
30817.0,17248.201017770785
30818.0,15970.709009172864
30819.0,14376.720000575002
30820.0,12782.731991977082
30821.0,11505.238983379219
30822.0,10227.745974781355
30823.0,8950.252966183434
30824.0,7356.264957585572
30825.0,5445.780948987707
30826.0,3851.7919403897868
30827.0,1624.8129317919265
30828.0,347.3199231940034
30829.0,-930.1730854038597
30830.0,-1891.1700940017217
30831.0,-3168.663102599643
30832.0,-4762.651111197507
30833.0,-6989.631119795369
30834.0,-8267.12412839329
30835.0,-9861.112136991153
30836.0,-11138.605145589074
30837.0,-12732.593154186938
30838.0,-14326.5821627848
30839.0,-15287.57917138272
30840.0,-16248.576179980584
30841.0,-17209.573188578448
30842.0,-17221.08319717637
30843.0,-17865.58420577423
30844.0,-18193.59021437215
30845.0,-18521.596222970016
30846.0,-19166.097231567877
30847.0,-19810.5982401658
30848.0,-20138.604248763662
30849.0,-19833.618257361584
30850.0,-18579.146265959447
30851.0,-16691.681274557308
30852.0,-16070.200283155229
30853.0,-14182.736291753094
30854.0,-12928.263300350956
30855.0,-13749.44365960323
30856.0,-14570.624018855502
30857.0,-15391.804378107776
30858.0,-11841.6362201314
30859.0,-9240.956062155492
30860.0,-6640.274904179118
30861.0,-4672.585746203211
30862.0,-1755.4095882268375
30863.0,528.7755697495377
30864.0,3445.9517277254454
30865.0,5730.136885701821
30866.0,8330.817043678195
30867.0,9982.011201654102
30868.0,11633.20435963048
30869.0,13284.398517606387
30870.0,14619.095675582757
30871.0,16270.28983355913
30872.0,17604.98799153504
30873.0,18623.190149511414
30874.0,18691.90530748779
30875.0,19077.1154654637
30876.0,18512.83962344007
30877.0,17948.563781416444
30878.0,18017.278939392352
30879.0,18085.994097368726
30880.0,17521.717255344636
30881.0,17590.43241332101
30882.0,17342.65257129738
30883.0,16778.37572927329
30884.0,16530.594887249666
30885.0,15333.328045226044
30886.0,14452.556203201952
30887.0,13571.784361178325
30888.0,12058.020519154234
30889.0,10227.761677130606
30890.0,8081.0068351069785
30891.0,6250.747993082889
30892.0,3787.4981510592625
30893.0,1640.7433090356353
30894.0,-189.51553298845465
30895.0,-1386.7833750120808
30896.0,-3217.0422170361744
30897.0,-5680.293059059797
30898.0,-7510.551901083425
30899.0,-9973.801743107517
30900.0,-12120.556585131142
30901.0,-14583.806427154768
30902.0,-16730.56126917886
30903.0,-18877.316111202486
30904.0,-20391.079953226577
30905.0,-22221.3387952502
30906.0,-23735.10163727383
30907.0,-24615.87347929792
30908.0,-26129.63732132155
30909.0,-26693.913163345173
30910.0,-27258.189005369266
30911.0,-26872.97884739289
30912.0,-26171.271689416983
30913.0,-26102.55653144061
30914.0,-25400.850373464233
30915.0,-25015.639215488325
30916.0,-23997.43705751195
30917.0,-24245.21789953558
30918.0,-23543.51074155967
30919.0,-23158.300583583296
30920.0,-21507.106425607388
30921.0,-20805.400267631012
30922.0,-19470.702109654638
30923.0,-18136.00395167873
30924.0,-16801.306793702355
30925.0,-15466.608635725983
30926.0,-14764.902477750074
30927.0,-12164.2213197737
30928.0,-10196.532161797326
30929.0,-7595.852003821417
30930.0,-6261.153845845043
30931.0,-5242.951687869136
30932.0,-4224.749529892761
30933.0,-3206.5473719163856
30934.0,-2188.34521394048
30935.0,-220.65505596410367
30936.0,2696.5211020122697
30937.0,4664.210259988176
30938.0,6631.899417964552
30939.0,7333.605575940459
30940.0,8351.807733916834
30941.0,9686.505891893208
30942.0,10388.213049869115
30943.0,12039.406207845492
30944.0,12741.112365821864
30945.0,13759.314523797773
30946.0,13828.029681774147
30947.0,13263.753839750054
30948.0,12699.47799772643
30949.0,12768.193155702804
30950.0,12520.412313678713
30951.0,12905.623471655086
30952.0,13607.329629631458
30953.0,12726.55778760737
30954.0,13428.263945583742
30955.0,12863.988103559652
30956.0,12616.207261536023
30957.0,13001.4184195124
30958.0,13070.133577488308
30959.0,12505.85773546468
30960.0,11625.085893441053
30961.0,11060.809051416963
30962.0,9863.541209393337
30963.0,8982.769367369245
30964.0,7469.00652534562
30965.0,6588.234683321993
30966.0,5707.462841297904
30967.0,4826.690999274277
30968.0,3945.9191572506497
30969.0,3381.6423152265597
30970.0,2500.8704732029328
30971.0,1303.6036311788412
30972.0,106.33578915521502
30973.0,-2040.4190528684103
30974.0,-3237.686894892502
30975.0,-5384.441736916129
30976.0,-6581.708578939755
30977.0,-7462.480420963846
30978.0,-7710.261262987473
30979.0,-8274.537105011099
30980.0,-8838.813947035189
30981.0,-9403.089789058815
30982.0,-9017.878631082907
30983.0,-8949.163473106533
30984.0,-7930.96131513016
30985.0,-8178.742157154251
30986.0,-7160.539999177878
30987.0,-7091.824841201504
30988.0,-6706.613683225594
30989.0,-6004.90752524922
30990.0,-4670.209367273312
30991.0,-3019.0162092969385
30992.0,-1684.3180513205643
30993.0,-33.12489334465499
30994.0,1618.0692646317184
30995.0,3269.2624226080916
30996.0,4603.960580584
30997.0,5305.666738560376
30998.0,6640.3648965362845
30999.0,7658.567054512656
31000.0,8676.76921248903
31001.0,9061.980370464938
31002.0,9447.191528441315
31003.0,9515.90668641769
31004.0,9901.116844393597
31005.0,9336.841002369969
31006.0,8772.56516034588
31007.0,9157.775318322252
31008.0,8909.995476298627
31009.0,9928.197634274537
31010.0,10313.40779225091
31011.0,11015.114950227282
31012.0,11083.83010820319
31013.0,10836.049266179565
31014.0,10271.773424155475
31015.0,9391.001582131848
31016.0,9459.716740108222
31017.0,9211.935898084132
31018.0,8964.155056060503
31019.0,8083.3832140368795
31020.0,7519.107372012786
31021.0,6638.335529989159
31022.0,6707.0506879650675
31023.0,6142.773845941443
31024.0,6527.985003917816
31025.0,6913.196161893724
31026.0,6348.9193198701
31027.0,5151.652477846474
31028.0,3637.8886358223826
31029.0,2124.1257937987575
31030.0,926.8579517751295
31031.0,46.08610975103875
31032.0,114.80126772741278
31033.0,183.51642570332115
31034.0,-380.760416320305
31035.0,-1578.027258343931
31036.0,-2775.2951003680228
31037.0,-3972.562942391649
31038.0,-4853.334784415274
31039.0,-6367.097626439367
31040.0,-7247.869468462993
31041.0,-7495.650310487084
31042.0,-8059.92615251071
31043.0,-8307.706994534336
31044.0,-9504.974836558427
31045.0,-10069.250678582053
31046.0,-10633.52752060568
31047.0,-10564.812362629771
31048.0,-11129.088204653397
31049.0,-11060.373046677489
31050.0,-11941.144888701116
31051.0,-12188.92573072474
31052.0,-12753.201572748832
31053.0,-13000.982414772458
31054.0,-12615.771256796084
31055.0,-11914.065098820176
31056.0,-10579.366940843802
31057.0,-8928.172782867894
31058.0,-7593.475624891519
31059.0,-6891.768466915146
31060.0,-5873.566308939237
31061.0,-5171.860150962863
31062.0,-4153.657992986489
31063.0,-1869.4728350105815
31064.0,-218.27967703420654
31065.0,2382.401480941702
31066.0,4666.586638918077
31067.0,6634.27579689445
31068.0,7968.973954870358
31069.0,9620.167112846731
31070.0,11271.360270823105
31071.0,13872.041428799013
31072.0,11909.757991440492
31073.0,9947.474554081971
31074.0,7985.19111672345
31075.0,9333.034628461326
31076.0,10680.878140199202
31077.0,12028.721651937543
31078.0,14009.556163675421
31079.0,15040.903675413298
31080.0,16705.242187151634
31081.0,17103.59869888951
31082.0,17185.459210627385
31083.0,16634.327722365262
31084.0,15450.206234103607
31085.0,15848.561745841478
31086.0,15930.422257579354
31087.0,16645.274769317235
31088.0,17043.63028105557
31089.0,17125.490792793447
31090.0,16890.856304531328
31091.0,15706.733816269203
31092.0,14522.611328007544
31093.0,13338.489839745416
31094.0,12154.367351483292
31095.0,11603.235863221169
31096.0,11052.105374959508
31097.0,9234.991886697386
31098.0,7417.878398435259
31099.0,5284.268910173603
31100.0,3467.155421911477
31101.0,1650.0419336493542
31102.0,-800.0635546127705
31103.0,-2300.6810428744284
31104.0,-4117.794531136555
31105.0,-6567.900019398678
31106.0,-9018.004507660802
31107.0,-11784.604995922462
31108.0,-13918.214484184586
31109.0,-15735.32797244671
31110.0,-17552.441460708833
31111.0,-19053.059948970495
31112.0,-20237.182437232615
31113.0,-22054.295925494742
31114.0,-24187.905413756867
31115.0,-25372.026902018526
31116.0,-26872.64539028065
31117.0,-27740.27187854277
31118.0,-27658.41136680443
31119.0,-28526.037855066555
31120.0,-28444.17734332868
31121.0,-28045.820831590805
31122.0,-28596.952319852462
31123.0,-27882.099808114588
31124.0,-27800.239296376712
31125.0,-26452.395784638837
31126.0,-25421.048272900494
31127.0,-24389.70076116262
31128.0,-24307.840249424746
31129.0,-22959.99773768687
31130.0,-22561.641225948526
31131.0,-21213.79771421065
31132.0,-19549.459202472775
31133.0,-18201.6156907349
31134.0,-16220.78117899656
31135.0,-14239.946667258682
31136.0,-12575.607155520807
31137.0,-11544.259643782467
31138.0,-9879.92113204459
31139.0,-8848.573620306715
31140.0,-7500.73010856884
31141.0,-5203.399596830499
31142.0,-3222.565085092623
31143.0,-1241.7305733547473
31144.0,739.1039383831303
31145.0,1770.451450121469
31146.0,2801.7989618593456
31147.0,4149.642473597221
31148.0,5180.989985335098
31149.0,6845.329497073439
31150.0,8193.172008811314
31151.0,8908.024520549188
31152.0,10255.867032287064
31153.0,10654.223544025408
31154.0,11685.571055763281
31155.0,12083.927567501156
31156.0,13115.275079239498
31157.0,14146.622590977375
31158.0,14861.474102715249
31159.0,14943.334614453124
31160.0,14075.708126191468
31161.0,13841.073637929341
31162.0,12656.951149667217
31163.0,12422.315661405093
31164.0,12504.176173143434
31165.0,11636.549684881313
31166.0,11718.410196619188
31167.0,10850.783708357063
31168.0,9983.157220095403
31169.0,8482.53973183328
31170.0,7614.912243571154
31171.0,6114.294755309496
31172.0,5563.16426704737
31173.0,5012.0327787852475
31174.0,4144.406290523122
31175.0,3593.2758022614653
31176.0,2409.1533139993408
31177.0,1225.0308257372162
31178.0,-275.5866625249091
31179.0,-826.7171507865678
31180.0,-2010.8396390486923
31181.0,-2245.475127310816
31182.0,-3429.5976155729404
31183.0,-4297.2241038346
31184.0,-4848.354592096724
31185.0,-6348.972080358848
31186.0,-5950.6165686209715
31187.0,-6185.251056882631
31188.0,-5786.895545144755
31189.0,-5072.043033406881
31190.0,-4357.191521668539
31191.0,-3642.3400099306637
31192.0,-3876.974498192787
31193.0,-3478.6189864549124
31194.0,-3713.25347471657
31195.0,-3314.8979629786954
31196.0,-2283.550451240819
31197.0,-1252.202939502944
31198.0,95.64057223539749
31199.0,1126.9880839732741
31200.0,2158.335595711149
31201.0,3506.1791074490247
31202.0,4221.030619187368
31203.0,5568.874130925244
31204.0,7233.213642663119
31205.0,8581.056154400994
31206.0,10561.890666139334
31207.0,10960.247177877209
31208.0,11991.594689615085
31209.0,12389.951201353426
31210.0,13104.802713091303
31211.0,14769.142224829178
31212.0,15800.489736567055
31213.0,17148.332248305396
31214.0,18179.68076004327
31215.0,17945.045271781146
31216.0,18659.896783519023
31217.0,18108.766295257363
31218.0,18507.122806995238
31219.0,18588.983318733113
31220.0,19303.83483047099
31221.0,19385.695342209332
31222.0,18518.068853947207
31223.0,17650.44236568508
31224.0,16466.31987742296
31225.0,15282.197389161302
31226.0,14414.570900899176
31227.0,12913.953412637053
31228.0,12362.821924375392
31229.0,11811.69143611327
31230.0,10627.568947851145
31231.0,9443.44745958902
31232.0,7626.33297132736
31233.0,6125.715483065236
31234.0,3992.1059948031125
31235.0,1542.001506540988
31236.0,-275.1119817206709
31237.0,-2725.2174699827956
31238.0,-4225.83495824492
31239.0,-6359.444446507044
31240.0,-8176.5579347687035
31241.0,-10310.167423030827
31242.0,-11494.289911292952
31243.0,-12045.420399555076
31244.0,-13862.533887816735
31245.0,-14730.16037607886
31246.0,-15597.786864340982
31247.0,-16781.90935260264
31248.0,-17966.031840864765
31249.0,-18517.16232912689
31250.0,-19068.293817389014
31251.0,-19302.928305650676
31252.0,-18271.5807939128
31253.0,-17556.72928217492
31254.0,-16208.885770437046
31255.0,-15494.034258698706
31256.0,-14779.181746960829
31257.0,-14064.330235222955
31258.0,-13032.982723485078
31259.0,-12001.635211746738
31260.0,-10970.287700008861
31261.0,-9305.948188270986
31262.0,-7641.60967653311
31263.0,-6293.76616479477
31264.0,-4629.427653056893
31265.0,-2965.088141319018
31266.0,-1300.7496295806768
31267.0,680.0848821571999
31268.0,2344.424393895075
31269.0,4641.75390563295
31270.0,6939.084417371292
31271.0,9236.414929109167
31272.0,11533.745440847044
31273.0,13514.579952584918
31274.0,12284.229960374092
31275.0,11053.879968163266
31276.0,9823.529975952439
31277.0,12039.79641581262
31278.0,12990.0798556728
31279.0,14889.850295532982
31280.0,16156.628735393166
31281.0,17739.90417525335
31282.0,18690.187615113533
31283.0,19640.471054973714
31284.0,20590.75449483389
31285.0,21857.53393469407
31286.0,22174.825374554257
31287.0,22808.613814414435
31288.0,23125.906254274618
31289.0,22810.2066941348
31290.0,22494.507133994983
31291.0,21229.320573855166
31292.0,21230.117013715346
31293.0,19648.435453575534
31294.0,18699.744893435713
31295.0,18067.550333295894
31296.0,17118.859773156073
31297.0,16486.664213016258
31298.0,15221.477652876441
31299.0,13956.292092736621
31300.0,13324.096532596803
31301.0,12058.910972456983
31302.0,11426.715412317168
31303.0,10161.528852177347
31304.0,9529.334292037533
31305.0,8264.147731897712
31306.0,7315.457171757895
31307.0,6683.262611618076
31308.0,5101.580051478257
31309.0,4152.889491338439
31310.0,2571.20793119862
31311.0,989.5263710588042
31312.0,40.83481091898284
31313.0,-907.8557492208311
31314.0,-2806.0333093606496
31315.0,-3121.7318695004687
31316.0,-4386.9184296402855
31317.0,-5968.600989780107
31318.0,-6917.2915499199225
31319.0,-8815.469110059743
31320.0,-10080.65467019956
31321.0,-11345.84123033938
31322.0,-12927.523790479197
31323.0,-14192.709350619014
31324.0,-15457.895910758833
31325.0,-16090.09147089865
31326.0,-16722.28603103847
31327.0,-15772.002591178287
31328.0,-16087.702151318106
31329.0,-14504.426711457923
31330.0,-14187.134271597744
31331.0,-14186.337831737561
31332.0,-14502.037391877377
31333.0,-14184.744952017198
31334.0,-13867.453512157012
31335.0,-13550.161072296833
31336.0,-13232.86863243665
31337.0,-12599.08119257647
31338.0,-11332.301752716287
31339.0,-10382.018312856102
31340.0,-9115.238872995924
31341.0,-8797.94743313574
31342.0,-7214.67199327556
31343.0,-6897.380553415376
31344.0,-5947.097113555197
31345.0,-6262.795673695013
31346.0,-5945.504233834834
31347.0,-5311.71579397465
31348.0,-4994.424354114466
31349.0,-4677.131914254287
31350.0,-3726.8484743941026
31351.0,-2460.0690345339226
31352.0,-876.7945946737382
31353.0,389.9848451864418
31354.0,1656.7642850466218
31355.0,2290.551724906807
31356.0,2924.3401647669853
31357.0,3558.1276046271705
31358.0,3875.4200444873495
31359.0,5142.198484347533
31360.0,5775.986924207715
31361.0,6409.774364067896
31362.0,6727.066803928075
31363.0,6411.36724378826
31364.0,6095.668683648444
31365.0,5779.969123508625
31366.0,5464.269563368805
31367.0,5148.570003228986
31368.0,4832.8714430891705
31369.0,4517.171882949351
31370.0,3251.9853228095344
31371.0,2619.7907626697124
31372.0,1354.6042025298957
31373.0,405.9136423900818
31374.0,-859.2729177497386
31375.0,-1807.963477889556
31376.0,-2440.1580380293763
31377.0,-3388.848598169194
31378.0,-4970.531158309013
31379.0,-5286.229718448831
31380.0,-5601.929278588646
31381.0,-5601.132838728467
31382.0,-5283.840398868284
31383.0,-5283.043959008104
31384.0,-4965.75251914792
31385.0,-4648.460079287741
31386.0,-4964.159639427557
31387.0,-5912.850199567378
31388.0,-5912.053759707194
31389.0,-6544.248319847011
31390.0,-6543.451879986831
31391.0,-5276.672440126647
31392.0,-4642.885000266468
31393.0,-3692.601560406283
31394.0,-3058.813120546103
31395.0,-2741.5216806859207
31396.0,-2424.2292408257363
31397.0,-2423.4328009655565
31398.0,-1789.645361105373
31399.0,-1472.352921245194
31400.0,-1155.0604813850114
31401.0,-521.2730415248298
31402.0,112.51439833535187
31403.0,1062.7988381955329
31404.0,2329.5772780557163
31405.0,3279.8607179159008
31406.0,4863.13615777608
31407.0,6129.915597636264
31408.0,7396.694037496443
31409.0,8663.473477356627
31410.0,8980.765917216806
31411.0,9298.057357076988
31412.0,9931.84579693717
31413.0,10882.129236797351
31414.0,11832.412676657535
31415.0,12466.200116517717
31416.0,13416.483556377898
31417.0,14050.27199623808
31418.0,14051.068436098263
31419.0,13735.368875958444
31420.0,13419.669315818624
31421.0,13103.970755678809
31422.0,12788.27119553899
31423.0,12472.571635399174
31424.0,12156.873075259351
31425.0,11841.173515119535
31426.0,11525.473954979716
31427.0,10893.279394839898
31428.0,10261.083834700079
31429.0,9945.385274560263
31430.0,8996.694714420446
31431.0,8997.491154280626
31432.0,8048.800594140808
31433.0,6783.614034000988
31434.0,6467.914473861172
31435.0,5519.223913721351
31436.0,5520.020353581534
31437.0,4571.3297934417205
31438.0,4255.6302333018975
31439.0,4256.426673162081
31440.0,3307.7361130222635
31441.0,2359.045552882446
31442.0,777.3639927426266
31443.0,-804.3185673971893
31444.0,-2069.5041275370095
31445.0,-3651.186687676827
31446.0,-4283.381247816644
31447.0,-5865.063807956465
31448.0,-6813.754368096281
31449.0,-7445.948928236101
31450.0,-9027.630488375919
31451.0,-10292.817048515737
31452.0,-11874.499608655555
31453.0,-13139.685168795375
31454.0,-13771.88072893519
31455.0,-14720.571289075007
31456.0,-15669.261849214829
31457.0,-16617.952409354646
31458.0,-16933.651969494465
31459.0,-17249.35052963428
31460.0,-17248.5540897741
31461.0,-17247.757649913918
31462.0,-17246.961210053734
31463.0,-17562.660770193554
31464.0,-16928.873330333372
31465.0,-16928.076890473192
31466.0,-16610.78445061301
31467.0,-15660.501010752829
31468.0,-15026.712570892645
31469.0,-13759.934131032463
31470.0,-12809.650691172283
31471.0,-11859.367251312098
31472.0,-11225.578811451918
31473.0,-9958.799371591735
31474.0,-9325.011931731555
31475.0,-8374.728491871372
31476.0,-7740.941052011192
31477.0,-6790.657612151008
31478.0,-5523.878172290824
31479.0,-3940.602732430645
31480.0,-2357.3282925704607
31481.0,175.43314728971745
31482.0,1442.212587149901
31483.0,2708.992027010081
31484.0,3659.2754668702655
31485.0,4926.0549067304455
31486.0,5559.842346590627
31487.0,6826.621786450811
31488.0,7460.409226310992
31489.0,8094.197666171174
31490.0,9044.481106031355
31491.0,10311.259545891538
31492.0,10945.047985751717
31493.0,12528.322425611903
31494.0,13478.60586547208
31495.0,14428.889305332264
31496.0,15062.677745192446
31497.0,14746.978185052627
31498.0,14431.278624912811
31499.0,13482.58806477299
31500.0,13483.384504633173
31501.0,13484.180944493353
31502.0,13801.47338435354
31503.0,13802.269824213723
31504.0,14119.562264073902
31505.0,13803.862703934086
31506.0,13488.163143794263
31507.0,13488.959583654447
31508.0,12856.765023514628
31509.0,12541.065463374813
31510.0,11908.87090323499
31511.0,11276.675343095176
31512.0,10644.480782955357
31513.0,10012.286222815539
31514.0,8747.099662675722
31515.0,7798.409102535901
31516.0,6849.718542396084
31517.0,6217.523982256265
31518.0,5268.832422116448
31519.0,4003.6468619766274
31520.0,2421.9643018368115
31521.0,2106.265741696996
31522.0,1157.5751815571748
31523.0,208.88362141735706
31524.0,-739.8069387224605
31525.0,-2321.488498862278
31526.0,-3586.6750590020984
31527.0,-4535.365619141916
31528.0,-5167.560179281732
31529.0,-6116.250739421552
31530.0,-7064.941299561369
31531.0,-8013.631859701189
31532.0,-8012.835419841005
31533.0,-7695.543979980826
31534.0,-8011.242540120642
31535.0,-7377.455100260462
31536.0,-7693.15466040028
31537.0,-7059.366220540096
31538.0,-6742.074780679915
31539.0,-6424.782340819733
31540.0,-6107.489900959552
31541.0,-5790.1984610993695
31542.0,-5156.4100212391895
31543.0,-4839.118581379005
31544.0,-4205.330141518822
31545.0,-3255.0467016586426
31546.0,-2937.754261798458
31547.0,-1987.4708219382774
31548.0,-1670.179382078095
31549.0,-1352.886942217916
31550.0,-1352.0905023577325
31551.0,-1034.7980624975535
31552.0,-1350.4976226373692
31553.0,-1349.7011827771857
31554.0,-1665.4007429170051
31555.0,-1981.0993030568206
31556.0,-2296.798863196642
31557.0,-3561.9854233364586
31558.0,-3244.6929834762796
31559.0,-3560.3925436160953
31560.0,-3243.1001037559163
31561.0,-3558.799663895732
31562.0,-3558.0032240355486
31563.0,-4190.197784175369
31564.0,-3556.4103443151853
31565.0,-3555.6139044550055
31566.0,-3554.817464594822
31567.0,-2921.029024734642
31568.0,-2603.7375848744596
31569.0,-2286.445145014275
31570.0,-1336.1617051540961
31571.0,-1018.8692652939135
31572.0,-701.577825433731
31573.0,-67.78938557354923
31574.0,249.50205428662957
31575.0,883.290494146815
31576.0,1200.582934006994
31577.0,1517.8743738671765
31578.0,1835.166813727359
31579.0,1835.963253587539
31580.0,1836.7596934477224
31581.0,1204.565133307904
31582.0,1521.8565731680865
31583.0,1206.1580130282673
31584.0,1523.4494528884497
31585.0,1524.2458927486332
31586.0,892.0513326088148
31587.0,892.8477724689983
31588.0,260.6522123291761
31589.0,261.44865218935956
31590.0,-54.2499079504596
31591.0,-53.45346809027615
31592.0,-369.1530282300955
31593.0,-51.860588369912875
31594.0,-1000.5511485097304
31595.0,-1316.2507086495498
31596.0,-1315.4542687893663
31597.0,-1947.6488289291847
31598.0,-1946.8523890690012
31599.0,-2262.5519492088224
31600.0,-2894.746509348639
31601.0,-3210.44606948846
31602.0,-2893.1536296282757
31603.0,-3525.3491897680924
31604.0,-3208.0567499079134
31605.0,-2890.764310047729
31606.0,-3522.9598701875493
31607.0,-3205.6674303273667
31608.0,-3204.870990467187
31609.0,-3520.5705506070026
31610.0,-3519.774110746819
31611.0,-3202.48167088664
31612.0,-3518.181231026456
31613.0,-2884.392791166276
31614.0,-2250.6053513060924
31615.0,-2566.3049114459136
31616.0,-1299.52547158573
31617.0,-982.233031725551
31618.0,284.54540813463245
31619.0,601.8378479948187
31620.0,1552.121287854996
31621.0,1869.4137277151785
31622.0,2186.706167575361
31623.0,3136.989607435542
31624.0,3770.7770472957236
31625.0,5037.556487155907
31626.0,5671.343927016089
31627.0,6305.132366876271
31628.0,6938.919806736452
31629.0,8205.699246596632
31630.0,8839.486686456818
31631.0,9473.274126316996
31632.0,9790.566566177182
31633.0,10424.35400603736
31634.0,11058.142445897542
31635.0,10742.442885757726
31636.0,10426.743325617907
31637.0,9794.548765478092
31638.0,9162.35420533827
31639.0,8846.654645198454
31640.0,8530.955085058635
31641.0,8215.256524918816
31642.0,7583.060964778997
31643.0,6317.8754046391805
31644.0,5685.679844499362
31645.0,4420.493284359542
31646.0,3471.8027242197277
31647.0,2523.1121640799065
31648.0,1890.9176039400882
31649.0,942.2270438002706
31650.0,-639.4555163395453
31651.0,-1588.1460764793628
31652.0,-3486.323636619183
31653.0,-5068.005196759001
31654.0,-6333.191756898821
31655.0,-6965.386317038638
31656.0,-7597.581877178458
31657.0,-8862.767437318274
31658.0,-9811.457997458094
31659.0,-10760.14955759791
31660.0,-11392.344117737728
31661.0,-12024.538677877546
31662.0,-12656.734238017365
31663.0,-12972.432798157184
31664.0,-13288.132358297
31665.0,-13920.326918436822
31666.0,-14236.026478576638
31667.0,-14868.221038716454
31668.0,-14867.424598856274
31669.0,-14233.63715899609
31670.0,-13916.344719135912
31671.0,-12966.061279275727
31672.0,-11699.282839415548
31673.0,-11381.990399555365
31674.0,-10748.202959695183
31675.0,-10114.414519835
31676.0,-9797.122079974817
31677.0,-8846.838640114638
31678.0,-8846.042200254455
31679.0,-8845.245760394275
31680.0,-8211.458320534091
31681.0,-6628.183880673911
31682.0,-6310.891440813728
31683.0,-5360.608000953547
31684.0,-4726.820561093364
31685.0,-4093.03212123318
31686.0,-3459.2446813730003
31687.0,-2508.9612415128177
31688.0,-2191.668801652637
31689.0,-1557.8813617924534
31690.0,-924.0929219322752
31691.0,-923.2964820720917
31692.0,-289.5090422119065
31693.0,-288.7126023517267
31694.0,-287.9161624915432
31695.0,29.376277368635783
31696.0,979.6597172288202
31697.0,1296.9521570889992
31698.0,2563.7305969491827
31699.0,2248.0320368093635
31700.0,2248.828476669547
31701.0,2882.6159165297286
31702.0,3516.40335638991
31703.0,4150.191796250092
31704.0,4783.979236110274
31705.0,5417.766675970455
31706.0,5735.059115830634
31707.0,5735.855555690818
31708.0,5736.6519955509975
31709.0,5737.448435411181
31710.0,5738.244875271364
31711.0,6688.528315131545
31712.0,7322.316754991731
31713.0,7323.1131948519105
31714.0,7640.404634712093
31715.0,7008.210074572271
31716.0,6692.510514432455
31717.0,6693.306954292639
31718.0,6061.11239415282
31719.0,5112.421834013003
31720.0,4163.731273873182
31721.0,3215.040713733364
31722.0,2266.3501535935466
31723.0,3216.6335934537274
31724.0,2584.438033313909
31725.0,2901.7304731740915
31726.0,2586.0309130342757
31727.0,2270.3323528944566
31728.0,2271.12879275464
31729.0,1955.429232614817
31730.0,1639.7296724750013
31731.0,1324.0311123351821
31732.0,1324.8275521953656
31733.0,376.13599205554783
31734.0,693.4284319157305
31735.0,61.23387177591212
31736.0,-254.46568836390725
31737.0,379.3217514962744
31738.0,1329.6061913564554
31739.0,1330.4026312166388
31740.0,698.2070710768203
31741.0,66.01251093700193
31742.0,-882.6780492028156
31743.0,-1198.377609342635
31744.0,-1514.0771694824507
31745.0,-1829.7757296222699
31746.0,-1828.9792897620864
31747.0,-2777.6698499019076
31748.0,-2460.378410041725
31749.0,-3092.5729701815453
31750.0,-3408.272530321361
31751.0,-3407.4760904611776
31752.0,-4039.6706506009978
31753.0,-4988.361210740815
31754.0,-4987.5647708806355
31755.0,-5619.760331020452
31756.0,-6568.450891160272
31757.0,-5934.662451300088
31758.0,-6883.3530114399055
31759.0,-7199.052571579725
31760.0,-6881.760131719542
31761.0,-7830.4506918593615
31762.0,-9095.637251999178
31763.0,-8778.344812139
31764.0,-8461.053372278815
31765.0,-8460.256932418635
31766.0,-8459.460492558452
31767.0,-8775.159052698269
31768.0,-8774.36261283809
31769.0,-8457.071172977905
31770.0,-8139.778733117726
31771.0,-7505.991293257543
31772.0,-6872.202853397363
31773.0,-7187.902413537178
31774.0,-7503.601973676996
31775.0,-7502.805533816816
31776.0,-7185.513093956632
31777.0,-6551.725654096452
31778.0,-5917.937214236268
31779.0,-4967.653774376089
31780.0,-4333.866334515906
31781.0,-4333.069894655726
31782.0,-4648.769454795542
31783.0,-4647.973014935358
31784.0,-4014.184575075178
31785.0,-3380.3971352149947
31786.0,-2430.1136953548157
31787.0,-2429.3172554946323
31788.0,-2428.5208156344524
31789.0,-2111.228375774268
31790.0,-1793.9359359140872
31791.0,-1476.6444960539047
31792.0,-842.8560561937229
31793.0,-209.06861633354129
31794.0,-208.27217647335783
31795.0,-523.9717366131772
31796.0,-839.6702967529964
31797.0,-1155.3698568928157
31798.0,-521.5824170326305
31799.0,-837.2809771724496
31800.0,-836.4845373122698
31801.0,-202.69709745208456
31802.0,114.59534240809444
31803.0,-201.1042177317213
31804.0,-200.30777787154148
31805.0,116.98466198864116
31806.0,434.27610184881996
31807.0,751.5685417090062
31808.0,752.3649815691897
31809.0,753.1614214293695
31810.0,1070.4538612895522
31811.0,1704.2413011497301
31812.0,1705.0377410099136
31813.0,2338.8261808700954
31814.0,2023.126620730276
31815.0,1707.4270605904603
31816.0,1391.7285004506411
31817.0,1076.0289403108254
31818.0,1076.8253801710052
31819.0,1710.6128200311869
31820.0,1711.4092598913667
31821.0,2028.7016997515493
31822.0,1713.00213961173
31823.0,1080.8075794719152
31824.0,1081.6040193320987
31825.0,1398.8964591922777
31826.0,1716.1878990524601
31827.0,2033.4803389126391
31828.0,2350.7727787728254
31829.0,2035.0732186330024
31830.0,1719.3736584931867
31831.0,2353.1620983533685
31832.0,2670.453538213551
31833.0,2987.7459780737336
31834.0,3938.0294179339144
31835.0,4255.321857794097
31836.0,3939.6222976542776
31837.0,4256.91473751446
31838.0,4257.71117737464
31839.0,3625.515617234825
31840.0,3942.808057095008
31841.0,3627.1084969551885
31842.0,3311.4099368153693
31843.0,3312.206376675549
31844.0,2680.010816535734
31845.0,2047.8162563959122
31846.0,2048.6126962560957
31847.0,2049.4091361162755
31848.0,2050.205575976459
31849.0,1418.0110158366442
31850.0,1102.3114556968249
31851.0,1103.1078955570083
31852.0,787.4083354171889
31853.0,1104.7007752773716
31854.0,789.0012151375522
31855.0,473.30165499773284
31856.0,-475.38890514208106
31857.0,-791.0874652819039
31858.0,-473.7960254217178
31859.0,-156.50358556153878
31860.0,-155.70714570135533
31861.0,161.58529415882367
31862.0,478.8767340190061
31863.0,163.17817387918694
31864.0,-152.5213862606288
31865.0,-468.2209464004445
31866.0,-1100.4155065402665
31867.0,-466.62806668008125
31868.0,-149.33562681990225
31869.0,-1098.0261869597198
31870.0,-1097.22974709954
31871.0,-1729.4243072393547
31872.0,-2678.114867379176
31873.0,-2677.3184275189924
31874.0,-2043.530987658809
31875.0,-2359.23054779863
31876.0,-2674.9291079384457
31877.0,-2990.628668078267
31878.0,-3939.3192282180826
31879.0,-5204.505788357903
31880.0,-5520.2053484977205
31881.0,-5519.408908637537
31882.0,-5518.612468777357
31883.0,-5517.816028917174
31884.0,-6466.506589056993
31885.0,-7098.70114919681
31886.0,-6781.408709336631
31887.0,-7097.108269476446
31888.0,-7412.807829616268
31889.0,-7095.515389756083
31890.0,-6461.7279498959
31891.0,-6460.93151003572
31892.0,-6776.630070175537
31893.0,-6775.833630315357
31894.0,-6458.542190455173
31895.0,-6141.249750594994
31896.0,-6140.453310734811
31897.0,-5823.16087087463
31898.0,-5189.373431014446
31899.0,-5188.576991154263
31900.0,-5187.780551294083
31901.0,-4553.9931114339
31902.0,-3603.7086715737205
31903.0,-3286.4172317135362
31904.0,-2652.6287918533562
31905.0,-1702.3453519931718
31906.0,-1385.0539121329894
31907.0,-434.77047227280855
31908.0,199.01796758737328
31909.0,1149.301407447554
31910.0,2416.0808473077377
31911.0,2733.3722871679165
31912.0,2417.673727028101
31913.0,3051.461166888279
31914.0,4001.7446067484634
31915.0,4635.532046608645
31916.0,4952.824486468828
31917.0,5270.11692632901
31918.0,5587.408366189189
31919.0,5588.204806049373
31920.0,5905.497245909552
31921.0,5589.797685769736
31922.0,5274.09912562992
31923.0,4958.399565490101
31924.0,4642.700005350282
31925.0,4327.001445210462
31926.0,4011.3018850706467
31927.0,4012.0983249308265
31928.0,3379.903764791008
31929.0,3380.700204651188
31930.0,3697.991644511374
31931.0,3382.293084371555
31932.0,3066.5935242317355
31933.0,3383.885964091918
31934.0,3384.682403952098
31935.0,3385.4788438122814
31936.0,3069.779283672462
31937.0,3070.5757235326455
31938.0,3387.8681633928245
31939.0,3705.1596032530106
31940.0,3705.956043113194
31941.0,4023.248482973373
31942.0,4024.0449228335565
31943.0,3708.345362693737
31944.0,3392.646802553918
31945.0,3393.4432424140978
31946.0,3394.239682274281
31947.0,3395.0361221344647
31948.0,3712.327561994647
31949.0,4029.6200018548298
31950.0,3713.9204417150104
31951.0,3398.221881575191
31952.0,2133.035321435371
31953.0,1817.3357612955551
31954.0,1501.637201155736
31955.0,1185.9376410159202
31956.0,1186.7340808761037
31957.0,238.04352073628252
31958.0,-77.65603940353321
31959.0,-393.3555995433526
31960.0,-709.0541596831717
31961.0,-1024.7537198229911
31962.0,-390.96627996280586
31963.0,-73.67384010262322
31964.0,-72.8774002424434
31965.0,-388.57696038225913
31966.0,-1020.7715205220811
31967.0,-1019.9750806618977
31968.0,-1019.1786408017178
31969.0,-385.3912009415326
31970.0,248.3972389186456
31971.0,882.1846787788309
31972.0,1515.9731186390127
31973.0,1516.7695584991925
31974.0,1201.0699983593768
31975.0,1518.3624382195558
31976.0,886.1668780797409
31977.0,886.9633179399207
31978.0,571.2637578001013
31979.0,572.0601976602811
31980.0,256.3616375204656
31981.0,257.15807738064905
31982.0,-375.0374827591695
31983.0,-374.24104289898605
31984.0,-373.44460303880624
31985.0,-689.1431631786254
31986.0,-1004.8427233184448
31987.0,-1320.5422834582605
31988.0,-1319.745843598077
31989.0,-1951.9404037378972
31990.0,-2584.1349638777137
31991.0,-3216.330524017534
31992.0,-3215.5340841573507
31993.0,-2898.2416442971717
31994.0,-3213.9412044369874
31995.0,-3529.6397645768084
31996.0,-3212.348324716624
31997.0,-2895.0558848564415
31998.0,-2894.2594449962617
31999.0,-3209.9590051360774
32000.0,-3525.6575652758984
32001.0,-3524.861125415715
32002.0,-3524.064685555535
32003.0,-3523.2682456953517
32004.0,-2572.984805835167
32005.0,-2255.6933659749884
32006.0,-2254.896926114805
32007.0,-2570.595486254624
32008.0,-2886.2950463944417
32009.0,-1936.0116065342609
32010.0,-1935.2151666740774
32011.0,-1934.4187268138976
32012.0,-1933.6222869537141
32013.0,-983.3388470935315
32014.0,-666.0464072333525
32015.0,-981.7459673731682
32016.0,-1297.4455275129876
32017.0,-980.153087652805
32018.0,-29.869647792624164
32019.0,-345.5692079324399
32020.0,-28.276768072260893
32021.0,605.5106717879207
32022.0,922.803111648107
32023.0,1240.095551508286
32024.0,924.3959913684703
32025.0,1558.1844312286485
32026.0,2191.97187108883
32027.0,3458.75131094901
32028.0,3459.5477508091935
32029.0,4093.335190669379
32030.0,5043.61863052956
32031.0,4727.91907038974
32032.0,5045.211510249923
32033.0,5046.007950110106
32034.0,5679.795389970284
32035.0,5997.087829830467
32036.0,6947.371269690648
32037.0,7264.66370955083
32038.0,7898.451149411016
32039.0,8532.239589271194
32040.0,8533.036029131377
32041.0,8850.32746899156
32042.0,8851.123908851743
32043.0,9484.912348711921
32044.0,9169.212788572106
32045.0,9803.000228432287
32046.0,9803.796668292467
32047.0,10121.089108152653
32048.0,10438.381548012832
32049.0,10122.681987873017
32050.0,10439.974427733196
32051.0,10440.770867593379
32052.0,11074.558307453557
32053.0,10442.363747313742
32054.0,9810.168187173924
32055.0,8544.982627034104
32056.0,7912.787066894289
32057.0,7280.592506754467
32058.0,6015.40594661465
32059.0,5699.706386474831
32060.0,4751.015826335013
32061.0,4751.812266195193
32062.0,3803.121706055379
32063.0,3170.9271459155607
32064.0,1905.7405857757403
32065.0,1273.5460256359256
32066.0,324.85546549610444
32067.0,-623.8350946437131
32068.0,-1256.0306547835316
32069.0,-1571.7292149233472
32070.0,-1570.9327750631637
32071.0,-2836.119335202986
32072.0,-3151.8188953428016
32073.0,-3467.5174554826226
32074.0,-3783.2170156224383
32075.0,-4415.412575762259
32076.0,-4414.616135902075
32077.0,-4097.323696041896
32078.0,-4413.023256181712
32079.0,-4412.2268163215285
32080.0,-5677.412376461349
32081.0,-5993.111936601166
32082.0,-5992.315496740986
32083.0,-5991.519056880803
32084.0,-6307.218617020622
32085.0,-6306.422177160439
32086.0,-5672.633737300259
32087.0,-5671.837297440075
32088.0,-5987.536857579893
32089.0,-6303.236417719712
32090.0,-6302.439977859529
32091.0,-6301.643537999349
32092.0,-5984.351098139166
32093.0,-5983.554658278987
32094.0,-5349.767218418803
32095.0,-4715.9787785586195
32096.0,-5031.678338698439
32097.0,-5030.881898838255
32098.0,-4713.589458978076
32099.0,-3446.810019117893
32100.0,-2813.022579257713
32101.0,-1862.7391393975286
32102.0,-1228.9516995373488
32103.0,-278.6682596771643
32104.0,355.1201801830175
32105.0,-277.07537995680104
32106.0,-592.7739400966202
32107.0,-275.4825002364378
32108.0,358.30593962374405
32109.0,675.5973794839229
32110.0,992.8898193441091
32111.0,677.1902592042898
32112.0,677.9866990644696
32113.0,362.28813892465405
32114.0,-269.9074212151645
32115.0,-269.11098135498105
32116.0,364.67745850519714
32117.0,681.9688983653796
32118.0,366.2703382255604
32119.0,50.57077808574468
32120.0,-898.1197820540729
32121.0,-1213.8193421938922
32122.0,-1846.0139023337088
32123.0,-1845.217462473529
32124.0,-578.4380226133471
32125.0,688.3404172468327
32126.0,2271.6158571070155
32127.0,2588.908296967198
32128.0,2906.1997368273805
32129.0,2906.996176687564
32130.0,3857.279616547745
32131.0,4174.572056407927
32132.0,5124.855496268108
32133.0,5758.64293612829
32134.0,6075.935375988469
32135.0,6393.227815848655
32136.0,5761.032255708837
32137.0,5445.333695569017
32138.0,5129.634135429202
32139.0,6079.917575289379
32140.0,6713.706015149564
32141.0,7663.989455009745
32142.0,7664.785894869929
32143.0,7032.590334730106
32144.0,6400.395774590292
32145.0,5451.705214450474
32146.0,4819.509654310652
32147.0,4187.315094170837
32148.0,4188.111534031017
32149.0,4505.4039738912
32150.0,4822.6954137513785
32151.0,4823.491853611562
32152.0,4507.793293471746
32153.0,4192.093733331927
32154.0,3559.8991731921087
32155.0,3244.1996130522894
32156.0,3244.996052912473
32157.0,3562.288492772652
32158.0,3879.579932632838
32159.0,3563.881372493015
32160.0,2298.6948123531984
32161.0,1350.0042522133845
32162.0,1350.8006920735643
32163.0,1035.1011319337485
32164.0,1035.8975717939284
32165.0,720.198011654109
32166.0,1037.4904515142916
32167.0,1038.286891374475
32168.0,406.0923312346531
32169.0,-859.0942289051636
32170.0,-1174.7937890449793
32171.0,-1173.9973491847995
32172.0,-540.2089093246177
32173.0,-222.91746946443527
32174.0,-222.12102960425182
32175.0,-537.8195897440746
32176.0,-537.0231498838912
32177.0,-1169.218710023706
32178.0,-1801.4132701635262
32179.0,-1800.6168303033428
32180.0,-1483.324390443162
32181.0,-216.54595058297855
32182.0,417.24248927719964
32183.0,418.0389291373831
32184.0,102.33936899756372
32185.0,-529.8551911422546
32186.0,-1162.0507512820695
32187.0,-2110.7413114218907
32188.0,-2109.9448715617073
32189.0,-1476.1564317015254
32190.0,-1158.864991841343
32191.0,-1474.5635519811622
32192.0,-3056.24611212098
32193.0,-4004.9366722607974
32194.0,-4637.131232400618
32195.0,-4952.830792540433
32196.0,-5268.5303526802545
32197.0,-5267.733912820071
32198.0,-5266.937472959891
32199.0,-4949.645033099707
32200.0,-5898.335593239528
32201.0,-6847.026153379344
32202.0,-7162.725713519161
32203.0,-6845.43327365898
32204.0,-5895.149833798798
32205.0,-5577.857393938617
32206.0,-5577.0609540784335
32207.0,-5259.769514218255
32208.0,-4942.47707435807
32209.0,-4941.68063449789
32210.0,-4940.884194637707
32211.0,-4940.0877547775235
32212.0,-4306.300314917344
32213.0,-3356.015875057161
32214.0,-2722.228435196981
32215.0,-3037.927995336797
32216.0,-3353.626555476618
32217.0,-3352.8301156164343
32218.0,-3668.52967575625
32219.0,-3984.2292358960713
32220.0,-4299.928796035887
32221.0,-3666.140356175707
32222.0,-3032.3529163155235
32223.0,-2398.5644764553435
32224.0,-2397.76803659516
32225.0,-2080.4765967349813
32226.0,-1763.1841568747968
32227.0,-1129.3967170146134
32228.0,-179.11327715443258
32229.0,454.67516270574924
32230.0,1404.95860256593
32231.0,2038.7460424261117
32232.0,2989.0294822862925
32233.0,3306.321922146475
32234.0,3623.6143620066578
32235.0,3940.90580186684
32236.0,5207.685241727024
32237.0,5841.472681587202
32238.0,6791.757121447386
32239.0,7109.048561307565
32240.0,7109.845001167749
32241.0,7743.6334410279305
32242.0,7427.933880888111
32243.0,7112.234320748295
32244.0,7113.030760608475
32245.0,7430.323200468658
32246.0,7114.6236403288385
32247.0,6798.925080189023
32248.0,6166.729520049201
32249.0,5218.038959909387
32250.0,5218.835399769567
32251.0,4903.135839629747
32252.0,4587.437279489932
32253.0,3955.2417193501133
32254.0,3639.543159210294
32255.0,3640.339599070474
32256.0,3324.640038930658
32257.0,2692.44547879084
32258.0,1743.7549186510223
32259.0,1428.0553585112066
32260.0,795.8597983713844
32261.0,480.16123823156886
32262.0,164.4616780917495
32263.0,165.25811795193295
32264.0,482.55055781211195
32265.0,166.85099767229622
32266.0,-465.34356246752577
32267.0,-1097.5391226073407
32268.0,-1413.2376827471562
32269.0,-1728.9372428869774
32270.0,-1411.644803026793
32271.0,-1410.8483631666131
32272.0,-1726.5479233064307
32273.0,-2042.2474834462519
32274.0,-2674.4420435860684
32275.0,-3306.6366037258886
32276.0,-3622.3361638657043
32277.0,-3938.035724005522
32278.0,-3620.743284145341
32279.0,-2986.9558442851576
32280.0,-2986.1594044249778
32281.0,-3618.3539645647943
32282.0,-4567.0445247046155
32283.0,-4566.248084844432
32284.0,-4565.451644984249
32285.0,-3931.6642051240688
32286.0,-3614.3717652638843
32287.0,-3613.5753254037045
32288.0,-3296.282885543522
32289.0,-3928.478445683342
32290.0,-3927.6820058231588
32291.0,-4559.876565962979
32292.0,-4242.585126102795
32293.0,-3925.292686242612
32294.0,-3608.000246382431
32295.0,-3607.2038065222478
32296.0,-3606.407366662068
32297.0,-3605.6109268018845
32298.0,-3921.3104869417057
32299.0,-3920.514047081522
32300.0,-3919.7176072213388
32301.0,-3918.921167361159
32302.0,-3918.1247275009755
32303.0,-3600.8322876407947
32304.0,-2967.0448477806112
32305.0,-2016.7614079204322
32306.0,-2015.9649680602488
32307.0,-2331.663528200068
32308.0,-2330.8670883398845
32309.0,-2013.575648479702
32310.0,-1696.2832086195212
32311.0,-1378.9907687593368
32312.0,-1061.699328899158
32313.0,-744.4068890389754
32314.0,-427.11444917879635
32315.0,-1059.3100093186113
32316.0,-1691.5045694584314
32317.0,-2323.699129598248
32318.0,-2006.4076897380655
32319.0,-1372.6192498778837
32320.0,-738.8318100177021
32321.0,-1054.5313701575215
32322.0,-2003.221930297339
32323.0,-2951.9124904371583
32324.0,-2951.116050576975
32325.0,-2950.3196107167914
32326.0,-2949.5231708566116
32327.0,-2948.726730996428
32328.0,-2314.938291136248
32329.0,-1997.6468512760657
32330.0,-2629.841411415886
32331.0,-3262.0359715557024
32332.0,-3894.231531695523
32333.0,-3260.443091835339
32334.0,-1993.6646519751557
32335.0,-1359.876212114974
32336.0,-1675.5757722547914
32337.0,-1991.2753323946126
32338.0,-1990.4788925344292
32339.0,-1673.1864526742484
32340.0,-1672.390012814065
32341.0,-1355.0975729538804
32342.0,-1354.3011330937006
32343.0,-404.0176932335198
32344.0,229.7697466266618
32345.0,547.0621864868444
32346.0,-85.13337365297411
32347.0,-717.3279337927925
32348.0,-400.03549393261346
32349.0,-399.23905407243
32350.0,234.54838578775525
32351.0,235.34482564793507
32352.0,552.6372655081177
32353.0,1186.4247053682993
32354.0,1820.2131452284812
32355.0,1504.5135850886618
32356.0,1188.814024948846
32357.0,240.12346480902488
32358.0,557.4159046692075
32359.0,1507.699344529392
32360.0,2141.48678438957
32361.0,2142.2832242497534
32362.0,2459.5756641099324
32363.0,2460.372103970116
32364.0,2777.6645438302985
32365.0,2778.460983690482
32366.0,3095.7524235506644
32367.0,4046.035863410845
32368.0,4996.319303271026
32369.0,5630.107743131208
32370.0,5630.904182991391
32371.0,4682.21362285157
32372.0,4050.018062711755
32373.0,4367.310502571934
32374.0,5317.593942432119
32375.0,6584.373382292302
32376.0,6901.665822152481
32377.0,6585.9662620126655
32378.0,5953.770701872843
32379.0,5321.576141733029
32380.0,4689.381581593207
32381.0,4057.1860214533917
32382.0,3741.4874613135726
32383.0,4058.778901173755
32384.0,4376.071341033938
32385.0,4060.3717808941183
32386.0,2795.1862207543018
32387.0,1529.9996606144814
32388.0,897.8041004746628
32389.0,265.6095403348445
32390.0,266.40598019502795
32391.0,-49.29357994478778
32392.0,-681.4881400846098
32393.0,-997.1877002244255
32394.0,-1629.3822603642457
32395.0,-2578.072820504063
32396.0,-3526.7633806438826
32397.0,-4475.4539407837
32398.0,-4791.1535009235195
32399.0,-5106.853061063337
32400.0,-5106.056621203154
32401.0,-5421.755181342973
32402.0,-6370.44574148279
32403.0,-7002.641301622611
32404.0,-7318.339861762426
32405.0,-7317.543421902246
32406.0,-6683.755982042063
32407.0,-6366.46354218188
32408.0,-5732.6761023217005
32409.0,-5415.383662461516
32410.0,-5098.092222601337
32411.0,-5730.286782741154
32412.0,-6362.481342880974
32413.0,-6678.18090302079
32414.0,-6993.880463160611
32415.0,-5727.101023300427
32416.0,-4776.817583440243
32417.0,-4143.030143580063
32418.0,-4142.2337037198795
32419.0,-4141.4372638597
32420.0,-4457.135823999517
32421.0,-4139.844384139336
32422.0,-4139.047944279153
32423.0,-4454.74650441897
32424.0,-4137.45506455879
32425.0,-3820.162624698607
32426.0,-3186.374184838427
32427.0,-3502.0737449782428
32428.0,-4134.269305118063
32429.0,-4133.47286525788
32430.0,-3499.6844253976997
32431.0,-1916.409985537517
32432.0,-649.6305456773334
32433.0,-15.843105817151809
32434.0,-15.046665956968354
32435.0,302.24577390321065
32436.0,936.0332137633923
32437.0,1253.325653623575
32438.0,1570.6180934837575
32439.0,1887.9105333439365
32440.0,3154.68897320412
32441.0,4421.468413064304
32442.0,5055.255852924482
32443.0,5056.052292784665
32444.0,4740.353732644846
32445.0,4424.65417250503
32446.0,4741.946612365209
32447.0,5375.734052225394
32448.0,6009.521492085576
32449.0,6643.309931945758
32450.0,6644.106371805941
32451.0,6644.902811666121
32452.0,6645.699251526305
32453.0,6013.503691386482
32454.0,5381.309131246668
32455.0,4749.114571106846
32456.0,4749.911010967029
32457.0,5383.698450827214
32458.0,5700.990890687393
32459.0,5385.291330547578
32460.0,4753.096770407756
32461.0,4753.893210267939
32462.0,4754.689650128119
32463.0,5071.981089988301
32464.0,5072.777529848485
32465.0,4757.078969708666
32466.0,4441.37940956885
32467.0,4125.679849429031
32468.0,3809.9812892892114
32469.0,3810.7777291493912
32470.0,3178.5821690095763
32471.0,2546.3876088697543
32472.0,2863.6800487299406
32473.0,3497.4674885901222
32474.0,3814.7599284503012
32475.0,2866.0693683104873
32476.0,1284.3868081706678
32477.0,335.69624803085026
32478.0,19.996687891030888
32479.0,-295.7018722487883
32480.0,-611.4014323886076
32481.0,-1243.5959925284224
32482.0,-1875.791552668241
32483.0,-2191.49011280806
32484.0,-2507.1896729478776
32485.0,-2822.889233087697
32486.0,-3455.0837932275135
32487.0,-4087.279353367334
32488.0,-4086.4829135071504
32489.0,-3452.694473646967
32490.0,-3135.402033786788
32491.0,-3451.1015939266035
32492.0,-4083.297154066424
32493.0,-4398.995714206241
32494.0,-3765.2082743460614
32495.0,-3447.915834485877
32496.0,-3130.623394625698
32497.0,-3129.8269547655145
32498.0,-2496.039514905331
32499.0,-1862.2520750451513
32500.0,-911.9686351849668
32501.0,-911.172195324787
32502.0,-1543.3667554646036
32503.0,-1859.0663156044247
32504.0,-1541.7738757442403
32505.0,41.500564115940506
32506.0,1308.2800039761241
32507.0,1942.068443836306
32508.0,1626.3688836964866
32509.0,1310.6693235566709
32510.0,1627.9617634168499
32511.0,1945.2542032770325
32512.0,1946.0506431372123
32513.0,2579.838082997394
32514.0,2897.13052285758
32515.0,3847.4139627177574
32516.0,4481.201402577943
32517.0,4165.501842438123
32518.0,3533.307282298305
32519.0,3217.6077221584856
32520.0,3218.404162018669
32521.0,3535.696601878848
32522.0,3852.9890417390307
32523.0,3220.7934815992157
32524.0,2588.5989214593938
32525.0,1639.9083613195799
32526.0,1324.2088011797605
32527.0,1325.005241039944
32528.0,1325.8016809001238
32529.0,1010.1021207603044
32530.0,694.4035606204889
32531.0,695.2000004806687
32532.0,379.50044034085295
32533.0,63.80088020103358
32534.0,-884.889679938784
32535.0,-2150.075240078604
32536.0,-1832.7838002184217
32537.0,-1831.9873603582419
32538.0,-1198.1989204980564
32539.0,-880.907480637874
32540.0,-1513.1020407776941
32541.0,-1828.8016009175117
32542.0,-1828.0051610573319
32543.0,-2776.6957211971476
32544.0,-2459.4032813369686
32545.0,-1825.6158414767851
32546.0,-1508.3234016166043
32547.0,-874.5359617564209
32548.0,-873.7395218962374
32549.0,-872.9430820360576
32550.0,-1821.6336421758751
32551.0,-1820.8372023156953
32552.0,-2136.535762455511
32553.0,-1502.748322595331
32554.0,-552.4648827351484
32555.0,-868.1644428749642
32556.0,-1500.3590030147843
32557.0,-1183.0665631545999
32558.0,-1182.27012329442
32559.0,-1181.4736834342366
32560.0,-547.6862435740586
32561.0,86.10119628612665
32562.0,1036.3846361463038
32563.0,1670.1730760064893
32564.0,1670.9695158666727
32565.0,1038.7739557268505
32566.0,723.075395587035
32567.0,1040.3668354472138
32568.0,1990.6512753073985
32569.0,3257.4297151675783
32570.0,4524.209155027762
32571.0,5790.9885948879455
32572.0,6424.7760347481235
32573.0,6425.572474608307
32574.0,6426.368914468487
32575.0,6427.16535432867
32576.0,6427.96179418885
32577.0,6428.7582340490335
32578.0,7062.546673909215
32579.0,7696.334113769397
32580.0,8013.626553629583
32581.0,7381.430993489761
32582.0,6749.236433349946
32583.0,6750.032873210126
32584.0,7067.325313070309
32585.0,7701.112752930487
32586.0,7701.90919279067
32587.0,6753.218632650853
32588.0,6121.023072511034
32589.0,5488.828512371219
32590.0,4540.137952231398
32591.0,4224.4383920915825
32592.0,3908.7398319517597
32593.0,4226.031271811946
32594.0,4543.323711672125
32595.0,4860.616151532307
32596.0,4544.916591392492
32597.0,4229.217031252672
32598.0,3597.022471112854
32599.0,2648.331910973033
32600.0,2332.632350833217
32601.0,2649.924790693396
32602.0,3600.2082305535805
32603.0,3917.5006704137595
32604.0,3601.801110273944
32605.0,2969.606550134129
32606.0,2653.906989994306
32607.0,2338.2074298544903
32608.0,1389.5168697146728
32609.0,1073.8173095748534
32610.0,1074.6137494350332
32611.0,1075.4101892952167
32612.0,1076.2066291554002
32613.0,760.508069015581
32614.0,444.80850887576526
32615.0,445.6049487359451
32616.0,-503.08561140387246
32617.0,-1451.7761715436918
32618.0,-1767.4757316835094
32619.0,-2399.6702918233295
32620.0,-3348.3608519631453
32621.0,-4297.051412102963
32622.0,-5245.741972242782
32623.0,-5244.945532382599
32624.0,-5244.149092522419
32625.0,-4926.857652662236
32626.0,-4609.565212802056
32627.0,-4292.272772941873
32628.0,-4607.972333081692
32629.0,-5873.158893221509
32630.0,-6188.857453361326
32631.0,-6188.061013501147
32632.0,-6187.264573640963
32633.0,-5869.9731337807825
32634.0,-5236.184693920599
32635.0,-4602.397254060419
32636.0,-3968.6098142002356
32637.0,-3334.821374340052
32638.0,-3334.024934479872
32639.0,-3333.2284946196887
32640.0,-3015.9360547595097
32641.0,-2698.6446148993255
32642.0,-2064.8561750391455
32643.0,-1114.572735178961
32644.0,-480.785295318783
32645.0,469.4981445414014
32646.0,1419.7815844015859
32647.0,2053.570024261764
32648.0,3003.8534641219485
32649.0,3637.6409039821265
32650.0,3638.43734384231
32651.0,3955.729783702489
32652.0,4273.021223562675
32653.0,4273.8176634228585
32654.0,5224.101103283036
32655.0,5541.393543143222
32656.0,6491.676983003399
32657.0,6808.969422863585
32658.0,7126.261862723764
32659.0,7443.553302583947
32660.0,7760.845742444126
32661.0,6812.155182304312
32662.0,6812.951622164495
32663.0,6180.756062024673
32664.0,6181.552501884857
32665.0,6182.348941745036
32666.0,5866.650381605221
32667.0,5867.446821465401
32668.0,6184.738261325583
32669.0,6502.030701185762
32670.0,5869.836141045947
32671.0,5554.136580906132
32672.0,5238.437020766309
32673.0,5239.233460626492
32674.0,4923.534900486673
32675.0,4291.339340346858
32676.0,3975.6407802070353
32677.0,3976.4372200672187
32678.0,3660.737659927403
32679.0,3978.030099787582
32680.0,3662.3305396477663
32681.0,3663.126979507946
32682.0,3347.4274193681304
32683.0,3031.728859228311
32684.0,2399.5332990884926
32685.0,2083.8347389486735
32686.0,1768.1351788088577
32687.0,1452.435618669042
32688.0,1136.736058529219
32689.0,1137.5324983894025
32690.0,1138.3289382495823
32691.0,506.13437810976757
32692.0,506.9308179699474
32693.0,-125.26374216987097
32694.0,-757.4593023096895
32695.0,-756.6628624495061
32696.0,-1072.3614225893216
32697.0,-1071.5649827291418
32698.0,-437.77754286896015
32699.0,-436.98110300878034
32700.0,-752.6806631485961
32701.0,-435.38822328841707
32702.0,-434.5917834282336
32703.0,-117.29934356805097
32704.0,-116.50290370787116
32705.0,-432.2024638476869
32706.0,-747.9020239875063
32707.0,-747.1055841273228
32708.0,-746.309144267143
32709.0,-429.01670440696034
32710.0,204.77073545322128
32711.0,522.0631753134039
32712.0,206.3636151735882
32713.0,207.160055033768
32714.0,207.95649489395146
32715.0,-107.74206524587134
32716.0,-106.94562538568789
32717.0,-422.64518552550726
32718.0,-738.344745665323
32719.0,-1370.5393058051395
32720.0,-2002.7338659449597
32721.0,-2634.9294260847764
32722.0,-2950.6279862245974
32723.0,-2316.840546364414
32724.0,-1999.5481065042331
32725.0,-1998.7516666440497
32726.0,-2630.94722678387
32727.0,-2946.6457869236874
32728.0,-3262.345347063503
32729.0,-3261.5489072033233
32730.0,-3577.248467343141
32731.0,-3892.9480274829602
32732.0,-3575.6555876227776
32733.0,-3574.859147762598
32734.0,-3257.5667079024133
32735.0,-3256.7702680422335
32736.0,-2622.98282818205
32737.0,-2622.1863883218666
32738.0,-2621.389948461687
32739.0,-2620.5935086015033
32740.0,-2303.3010687413243
32741.0,-1986.0086288811399
32742.0,-1985.21218902096
32743.0,-1667.9207491607776
32744.0,-1350.6283093005932
32745.0,-1033.3358694404124
32746.0,-716.0444295802299
32747.0,-82.25598972005173
32748.0,235.03545014013434
32749.0,-80.66310999968846
32750.0,-396.3626701395042
32751.0,-712.0622302793236
32752.0,-1027.760790419139
32753.0,-710.4693505589566
32754.0,-393.17691069877765
32755.0,240.6105291614076
32756.0,241.40696902158743
32757.0,242.20340888177088
32758.0,-389.9911512580511
32759.0,-72.69871139786846
32760.0,-388.3982715376842
32761.0,-387.6018316775044
32762.0,-703.3013918173201
32763.0,-1651.9919519571413
32764.0,-1967.6905120969568
32765.0,-1333.903072236777
32766.0,-383.6196323765944
32767.0,250.16780748358724
32768.0,567.4602473437699
32769.0,568.2566872039533
32770.0,569.0531270641332
32771.0,253.35356692431742
32772.0,254.15000678449724
32773.0,571.4424466446799
32774.0,1205.2298865048579
32775.0,1522.5223263650441
32776.0,2156.3107662252223
32777.0,2157.107206085406
32778.0,2157.9036459455892
32779.0,2475.195085805768
32780.0,3108.9835256659535
32781.0,3426.2749655261323
32782.0,3427.0714053863157
32783.0,3427.8678452464956
32784.0,3745.160285106678
32785.0,4062.452724966861
32786.0,4379.744164827043
32787.0,4380.540604687227
32788.0,4381.337044547407
32789.0,4382.13348440759
32790.0,4066.434924267767
32791.0,4383.726364127953
32792.0,4701.018803988132
32793.0,5018.311243848315
32794.0,4702.611683708499
32795.0,4070.417123568677
32796.0,3438.2215634288623
32797.0,3439.018003289042
32798.0,3756.3104431492247
32799.0,3757.1068830094046
32800.0,3441.407322869589
32801.0,3125.7087627297733
32802.0,2810.0092025899503
32803.0,2177.8146424501356
32804.0,1862.1150823103162
32805.0,1229.9195221704977
32806.0,1547.2119620306803
32807.0,1548.0084018908638
32808.0,599.3178417510426
32809.0,-32.87671838877577
32810.0,-981.5672785285897
32811.0,-980.7708386684099
32812.0,-979.9743988082264
32813.0,-979.1779589480466
32814.0,-1294.8775190878641
32815.0,-2560.0640792276845
32816.0,-3508.754639367502
32817.0,-4457.445199507321
32818.0,-4773.144759647139
32819.0,-5088.843319786954
32820.0,-5404.542879926776
32821.0,-6036.737440066592
32822.0,-6035.941000206412
32823.0,-6984.631560346228
32824.0,-7300.331120486049
32825.0,-7616.030680625865
32826.0,-7615.2342407656815
32827.0,-7930.9328009055025
32828.0,-8246.632361045318
32829.0,-8878.826921185138
32830.0,-9194.526481324954
32831.0,-8877.234041464775
32832.0,-8559.94260160459
32833.0,-8559.146161744411
32834.0,-8874.844721884228
32835.0,-8874.048282024045
32836.0,-8556.756842163864
32837.0,-7922.9684023036825
32838.0,-7289.180962443503
32839.0,-6338.897522583318
32840.0,-5705.1100827231385
32841.0,-5704.313642862955
32842.0,-5703.517203002772
32843.0,-5702.720763142592
32844.0,-4752.437323282409
32845.0,-3485.657883422229
32846.0,-2535.3744435620447
32847.0,-1901.5860037018647
32848.0,-1900.7895638416812
32849.0,-1267.0021239815014
32850.0,-633.214684121318
32851.0,317.06875573886646
32852.0,1267.3521955990436
32853.0,1901.140635459229
32854.0,2218.433075319408
32855.0,1586.2375151795932
32856.0,1270.5379550397702
32857.0,1587.8303948999564
32858.0,2221.6188347601346
32859.0,3171.902274620319
32860.0,3489.1937144805015
32861.0,3173.4951543406823
32862.0,2541.299594200864
32863.0,1909.1050340610454
32864.0,1909.901473921229
32865.0,2543.688913781407
32866.0,3493.9723536415913
32867.0,3811.264793501774
32868.0,3495.5652333619546
32869.0,3496.361673222138
32870.0,3180.663113082319
32871.0,3497.9545529425013
32872.0,3815.2469928026803
32873.0,4132.539432662863
32874.0,4133.335872523043
32875.0,3817.636312383227
32876.0,3818.4327522434105
32877.0,4135.7251921035895
32878.0,4769.512631963775
32879.0,5403.300071823953
32880.0,5404.096511684136
32881.0,4455.405951544319
32882.0,4139.7073914044995
32883.0,3507.511831264681
32884.0,3508.3082711248644
32885.0,3509.104710985048
32886.0,3509.9011508452277
32887.0,2877.7065907054093
32888.0,2245.512030565591
32889.0,1613.316470425776
32890.0,1297.616910285953
32891.0,1298.4133501461365
32892.0,1615.7057900063228
32893.0,1616.5022298665026
32894.0,667.8116697266851
32895.0,-597.3748904131353
32896.0,-1546.0654505529528
32897.0,-1861.764010692772
32898.0,-1227.9765708325885
32899.0,-910.6841309724077
32900.0,-593.3926911122253
32901.0,-909.0912512520408
32902.0,-1541.286811391863
32903.0,-2489.9773715316787
32904.0,-2489.180931671499
32905.0,-2171.8884918113163
32906.0,-2171.0920519511365
32907.0,-1853.799612090952
32908.0,-2169.4991722307695
32909.0,-2801.6937323705897
32910.0,-3433.8892925104064
32911.0,-3749.588852650226
32912.0,-3115.800412790042
32913.0,-2482.0129729298624
32914.0,-2481.216533069679
32915.0,-3113.411093209499
32916.0,-4062.1016533493166
32917.0,-4694.297213489133
32918.0,-4693.5007736289535
32919.0,-4376.208333768769
32920.0,-4058.91589390859
32921.0,-3425.1284540484066
32922.0,-3107.836014188226
32923.0,-3107.0395743280424
32924.0,-3422.7391344678636
32925.0,-3421.94269460768
32926.0,-3421.1462547474966
32927.0,-3103.853814887316
32928.0,-2786.561375027133
32929.0,-2785.7649351669534
32930.0,-2784.96849530677
32931.0,-2467.6770554465893
32932.0,-1517.3936155864067
32933.0,-883.6051757262212
32934.0,-566.3137358660424
32935.0,-249.02129600585977
32936.0,68.27114385431923
32937.0,-247.4284162854965
32938.0,-563.1279764253159
32939.0,-245.83553656513322
32940.0,-245.0390967049534
32941.0,72.25334315522923
32942.0,73.04978301541269
32943.0,390.3412228755951
32944.0,391.1376627357786
32945.0,708.4301025959576
32946.0,1025.7225424561402
32947.0,1343.013982316319
32948.0,1027.3154221765035
32949.0,711.6158620366878
32950.0,395.9163018968684
32951.0,713.208741757051
32952.0,1030.50118161723
32953.0,1031.2976214774135
32954.0,715.5980613375941
32955.0,716.3945011977776
32956.0,717.1909410579574
32957.0,401.49138091814166
32958.0,-230.7031792216767
32959.0,-862.897739361495
32960.0,-862.1012995013116
32961.0,-1177.8008596411328
32962.0,-860.5084197809483
32963.0,-543.2169799207695
32964.0,-542.4205400605861
32965.0,-225.12810020040706
32966.0,-540.8276603402228
32967.0,-1173.0222204800393
32968.0,-2121.7127806198605
32969.0,-2753.907340759677
32970.0,-2436.6159008994964
32971.0,-1802.8274610393128
32972.0,-852.544021179132
32973.0,-218.75658131895034
32974.0,-217.96014145876688
32975.0,-217.16370159858707
32976.0,-216.3672617384036
32977.0,733.9161781217772
32978.0,1367.7036179819588
32979.0,2001.4920578421406
32980.0,2002.288497702324
32981.0,2003.084937562504
32982.0,1054.3943774226864
32983.0,1055.1908172828698
32984.0,1688.9782571430515
32985.0,2955.7576970032314
32986.0,4539.032136863414
32987.0,5172.820576723596
32988.0,4857.1210165837765
32989.0,4224.926456443958
32990.0,3276.2358963041443
32991.0,2644.040336164322
32992.0,3277.8287760245075
32993.0,3911.6162158846855
32994.0,4228.908655744868
32995.0,4229.705095605048
32996.0,3281.014535465234
32997.0,2332.323975325413
32998.0,2333.1204151855964
32999.0,3283.403855045781
33000.0,3600.6952949059596
33001.0,3917.9877347661422
33002.0,3285.793174626324
33003.0,2653.5976144865053
33004.0,2021.403054346687
33005.0,1705.7034942068713
33006.0,2022.9959340670503
33007.0,2656.783373927232
33008.0,3290.5718137874173
33009.0,2974.8722536475943
33010.0,2342.6776935077796
33011.0,1710.482133367961
33012.0,1078.2875732281427
33013.0,1079.0840130883225
33014.0,1712.8714529485078
33015.0,2030.1638928086904
33016.0,1397.9683326688682
33017.0,765.7737725290535
33018.0,133.57921238923154
33019.0,-182.1203477505842
33020.0,-181.32390789040437
33021.0,-497.0234680302201
33022.0,-1129.2180281700403
33023.0,-2077.908588309858
33024.0,-3026.5991484496735
33025.0,-3975.2897085894947
33026.0,-4290.98926872931
33027.0,-4606.688828869132
33028.0,-4605.892389008948
33029.0,-4288.599949148767
33030.0,-3971.3075092885847
33031.0,-4287.0070694284
33032.0,-4602.706629568222
33033.0,-5234.901189708038
33034.0,-5867.095749847858
33035.0,-6182.795309987674
33036.0,-6181.998870127494
33037.0,-6497.698430267312
33038.0,-6496.901990407132
33039.0,-5863.113550546948
33040.0,-5545.822110686764
33041.0,-5228.529670826585
33042.0,-4594.742230966402
33043.0,-4277.449791106221
33044.0,-3960.157351246038
33045.0,-3642.8659113858575
33046.0,-3325.573471525675
33047.0,-3324.777031665495
33048.0,-3640.476591805311
33049.0,-3639.6801519451274
33050.0,-3322.3877120849484
33051.0,-2372.104272224764
33052.0,-1738.315832364584
33053.0,-788.0323925043995
33054.0,-470.74095264422067
33055.0,-153.44851278403803
33056.0,-152.65207292385458
33057.0,-151.85563306367476
33058.0,-151.0591932034913
33059.0,166.2332466566877
33060.0,800.020686516873
33061.0,1433.808126377051
33062.0,2067.5965662372364
33063.0,2384.8890060974154
33064.0,2385.685445957599
33065.0,2386.4818858177823
33066.0,2703.773325677961
33067.0,3021.0657655381438
33068.0,3654.8532053983254
33069.0,4288.641645258507
33070.0,4605.93308511869
33071.0,4923.225524978872
33072.0,5873.508964839053
33073.0,6190.801404699236
33074.0,6191.597844559419
33075.0,6825.385284419597
33076.0,7142.677724279783
33077.0,7776.465164139961
33078.0,8410.253604000147
33079.0,7778.058043860325
33080.0,7462.359483720509
33081.0,7146.659923580693
33082.0,7147.456363440873
33083.0,8097.739803301054
33084.0,8415.032243161237
33085.0,8732.32368302142
33086.0,8733.120122881599
33087.0,8100.925562741781
33088.0,7152.235002601963
33089.0,5887.048442462146
33090.0,4938.357882322329
33091.0,4622.658322182509
33092.0,5256.446762042691
33093.0,5257.243201902871
33094.0,4941.543641763055
33095.0,3992.853081623234
33096.0,2094.6755214834193
33097.0,1462.4799613436007
33098.0,1146.7814012037816
33099.0,1464.072841063964
33100.0,1781.3652809241466
33101.0,1782.16172078433
33102.0,833.4711606445089
33103.0,-431.7153994953078
33104.0,-1063.909959635128
33105.0,-1063.1135197749445
33106.0,-745.82107991476
33107.0,-112.03364005458207
33108.0,521.7537998056032
33109.0,522.550239665783
33110.0,-426.1403204740345
33111.0,-1374.8308806138557
33112.0,-2323.5214407536714
33113.0,-2006.2290008934924
33114.0,-739.449561033307
33115.0,527.3288788268765
33116.0,1161.1173186870546
33117.0,1161.913758547238
33118.0,529.7181984074195
33119.0,-735.467361732397
33120.0,-1367.6629218722192
33121.0,-1366.8664820120357
33122.0,-733.0780421518502
33123.0,-415.78660229167144
33124.0,218.00183756851038
33125.0,-97.69772257130899
33126.0,-413.3972827111247
33127.0,-729.0958428509439
33128.0,-1044.7954029907614
33129.0,-727.5029631305806
33130.0,-93.71552327039899
33131.0,540.0719165897863
33132.0,857.3643564499653
33133.0,225.16979631014692
33134.0,-407.02576382967163
33135.0,-1039.2203239694882
33136.0,-1671.4148841093083
33137.0,-1670.6184442491249
33138.0,-1036.8310043889414
33139.0,-86.54756452876245
33140.0,863.735875331422
33141.0,1181.028315191601
33142.0,548.8327550517861
33143.0,-716.3528050880341
33144.0,-1032.0523652278516
33145.0,-1031.2559253676718
33146.0,-80.97248550748918
33147.0,552.8149543526961
33148.0,870.1073942128751
33149.0,554.4078340730593
33150.0,-77.78672606676264
33151.0,-709.9812862065774
33152.0,-1342.1768463463995
33153.0,-1024.884406486215
33154.0,-391.0969666260353
33155.0,559.1864732341492
33156.0,876.4789130943318
33157.0,560.7793529545124
33158.0,-71.41520718530592
33159.0,-1020.1057673251253
33160.0,-1335.8053274649428
33161.0,-1018.512887604762
33162.0,-701.2204477445775
33163.0,-67.43300788439592
33164.0,-66.6365680242161
33165.0,-1015.3271281640318
33166.0,-2280.513688303852
33167.0,-2912.7082484436687
33168.0,-2595.4158085834897
33169.0,-1645.1323687233053
33170.0,-694.8489288631245
33171.0,-61.061489002942835
33172.0,-60.26504914275938
33173.0,-692.4596092825777
33174.0,-1008.1591694223953
33175.0,-1323.8587295622165
33176.0,-1323.062289702033
33177.0,-372.7788498418522
33178.0,577.5045900183322
33179.0,1211.293029878514
33180.0,1528.5844697386929
33181.0,1529.3809095988763
33182.0,1846.673349459059
33183.0,2163.9657893192416
33184.0,2481.2582291794206
33185.0,2798.549669039603
33186.0,3748.833108899784
33187.0,4382.621548759966
33188.0,4699.912988620152
33189.0,5017.205428480331
33190.0,4701.505868340515
33191.0,4385.807308200692
33192.0,4386.603748060876
33193.0,5336.8871879210565
33194.0,6287.170627781241
33195.0,6604.46206764142
33196.0,6605.258507501603
33197.0,5973.063947361788
33198.0,5657.364387221965
33199.0,5341.66582708215
33200.0,5975.4532669423315
33201.0,5976.249706802515
33202.0,6926.533146662692
33203.0,6927.329586522876
33204.0,6928.126026383059
33205.0,6612.42646624324
33206.0,5980.231906103425
33207.0,5664.532345963602
33208.0,5665.328785823785
33209.0,6299.117225683967
33210.0,6616.40866554415
33211.0,6617.2051054043295
33212.0,6301.506545264514
33213.0,5669.310985124695
33214.0,5353.612424984876
33215.0,4721.416864845061
33216.0,4405.718304705239
33217.0,4723.009744565425
33218.0,4723.806184425604
33219.0,4408.107624285785
33220.0,4092.4080641459695
33221.0,2827.221504006149
33222.0,1562.0349438663325
33223.0,929.8403837265141
33224.0,930.6368235866976
33225.0,931.4332634468774
33226.0,932.2297033070608
33227.0,300.03514316723886
33228.0,-648.655416972575
33229.0,-1597.3459771123926
33230.0,-2546.0365372522137
33231.0,-3494.7280973920297
33232.0,-4126.92265753185
33233.0,-4126.126217671666
33234.0,-4441.825777811488
33235.0,-4757.524337951303
33236.0,-5389.7198980911235
33237.0,-6338.410458230941
33238.0,-6970.6050183707575
33239.0,-7286.304578510577
33240.0,-7602.003138650394
33241.0,-7284.711698790214
33242.0,-6967.419258930031
33243.0,-6966.622819069851
33244.0,-6965.826379209668
33245.0,-7281.525939349483
33246.0,-7597.224499489304
33247.0,-7912.92405962912
33248.0,-7912.12761976894
33249.0,-7278.340179908757
33250.0,-6011.560740048577
33251.0,-5061.277300188394
33252.0,-5060.4808603282145
33253.0,-5059.684420468031
33254.0,-4742.391980607847
33255.0,-4425.100540747668
33256.0,-3474.8171008874833
33257.0,-2841.0286610273033
33258.0,-1890.7452211671207
33259.0,-1573.4527813069399
33260.0,-1256.1613414467574
33261.0,-1255.364901586574
33262.0,-938.0724617263932
33263.0,-620.7800218662087
33264.0,13.007417993969284
33265.0,963.2908578541537
33266.0,1597.0782977143317
33267.0,2230.866737574517
33268.0,2231.663177434697
33269.0,2548.9556172948796
33270.0,2549.752057155063
33271.0,2867.043497015242
33272.0,3184.3359368754245
33273.0,3818.123376735606
33274.0,4135.415816595789
33275.0,4452.708256455968
33276.0,4769.999696316154
33277.0,4770.796136176334
33278.0,4455.0975760365145
33279.0,4455.894015896698
33280.0,4456.690455756878
33281.0,5090.477895617063
33282.0,5724.265335477241
33283.0,6041.557775337427
33284.0,5725.858215197604
33285.0,5410.159655057789
33286.0,5094.460094917973
33287.0,4778.760534778154
33288.0,4779.556974638337
33289.0,4463.858414498514
33290.0,4148.158854358699
33291.0,3832.459294218879
33292.0,3516.7607340790637
33293.0,3201.0611739392407
33294.0,2885.361613799425
33295.0,2569.6630536596094
33296.0,2253.96349351979
33297.0,2254.7599333799735
33298.0,2255.5563732401533
33299.0,1939.8568131003376
33300.0,1307.6622529605156
33301.0,675.4666928207007
33302.0,43.27213268087871
33303.0,-588.922427458936
33304.0,-904.6219875987535
33305.0,-903.8255477385737
33306.0,-586.5331078783893
33307.0,47.25433198178871
33308.0,364.54677184197135
33309.0,48.84721170215198
33310.0,-899.8433484376637
33311.0,-1532.0379085774803
33312.0,-1531.2414687173004
33313.0,-897.454028857117
33314.0,-580.1615889969362
33315.0,-579.3651491367527
33316.0,-895.0647092765739
33317.0,-1210.7642694163915
33318.0,-1526.4628295562106
33319.0,-1525.6663896960272
33320.0,-891.8789498358437
33321.0,-574.5865099756629
33322.0,-257.2950701154805
33323.0,-256.49863025530067
33324.0,-888.6931903951172
33325.0,-887.8967505349374
33326.0,-1203.596310674755
33327.0,-1519.2948708145705
33328.0,-1518.4984309543906
33329.0,-1201.2069910942082
33330.0,-883.9145512340274
33331.0,-883.1181113738439
33332.0,-1198.8176715136651
33333.0,-1198.0212316534817
33334.0,-880.7287917933008
33335.0,-563.4363519331164
33336.0,-562.6399120729329
33337.0,-878.3394722127541
33338.0,-1194.0390323525717
33339.0,-876.7465924923908
33340.0,-559.4541526322064
33341.0,-558.6577127720266
33342.0,-241.36627291184413
33343.0,-240.56983305166432
33344.0,-239.77339319148086
33345.0,-871.9679533312974
33346.0,-871.1715134711176
33347.0,-870.3750736109341
33348.0,-553.0826337507533
33349.0,-235.79119389057087
33350.0,-234.99475403039105
33351.0,-550.6933141702066
33352.0,-866.3928743100241
33353.0,-865.5964344498443
33354.0,-1181.2959945896619
33355.0,-1180.499554729482
33356.0,-1812.6941148692986
33357.0,-2128.393675009118
33358.0,-2760.5882351489345
33359.0,-3392.783795288755
33360.0,-4024.9783554285714
33361.0,-4340.677915568389
33362.0,-4023.385475708208
33363.0,-4022.5890358480247
33364.0,-4338.288595987846
33365.0,-4970.483156127662
33366.0,-5286.182716267482
33367.0,-5601.881276407299
33368.0,-5601.084836547116
33369.0,-5600.288396686936
33370.0,-5915.9879568267515
33371.0,-6231.687516966573
33372.0,-6230.891077106389
33373.0,-6230.0946372462095
33374.0,-5912.802197386025
33375.0,-5595.509757525846
33376.0,-5278.218317665662
33377.0,-4960.925877805479
33378.0,-4960.129437945299
33379.0,-4959.332998085116
33380.0,-4642.040558224935
33381.0,-3691.7571183647524
33382.0,-3057.9696785045726
33383.0,-2424.181238644389
33384.0,-2106.8897987842083
33385.0,-2422.5883589240257
33386.0,-2738.2879190638414
33387.0,-2420.9954792036624
33388.0,-1787.208039343479
33389.0,-1153.4205994832992
33390.0,-836.1281596231147
33391.0,-518.8357197629339
33392.0,-518.0392799027504
33393.0,115.7481599574312
33394.0,433.0405998176102
33395.0,1066.8280396777955
33396.0,1700.6154795379734
33397.0,2017.9079193981597
33398.0,2335.2003592583387
33399.0,2019.500799118523
33400.0,2020.2972389787028
33401.0,2021.0936788388863
33402.0,2654.882118699068
33403.0,2972.173558559247
33404.0,3922.4569984194313
33405.0,4239.74943827961
33406.0,4873.536878139796
33407.0,5190.829317999975
33408.0,5191.625757860158
33409.0,5508.918197720341
33410.0,6142.705637580522
33411.0,6143.502077440706
33412.0,6144.298517300886
33413.0,5828.598957161066
33414.0,5829.395397021246
33415.0,5830.1918368814295
33416.0,5830.988276741609
33417.0,5515.289716601794
33418.0,5199.590156461978
33419.0,5200.386596322158
33420.0,4884.687036182342
33421.0,4885.483476042522
33422.0,4569.784915902703
33423.0,4254.085355762883
33424.0,3621.8907956230687
33425.0,2673.2002354832475
33426.0,1724.5086753434298
33427.0,775.8181152036159
33428.0,143.6235550637939
33429.0,144.41999492397736
33430.0,-171.279565215842
33431.0,-486.97812535565754
33432.0,-1435.6686854954787
33433.0,-2384.3592456352962
33434.0,-3333.050805775112
33435.0,-3332.2543659149324
33436.0,-3647.9529260547497
33437.0,-3647.15648619457
33438.0,-3962.8560463343856
33439.0,-4278.555606474207
33440.0,-5227.2461666140225
33441.0,-5542.9447267538435
33442.0,-6175.14028689366
33443.0,-6174.343847033477
33444.0,-6173.547407173297
33445.0,-6172.7509673131135
33446.0,-6488.449527452933
33447.0,-6487.653087592749
33448.0,-6486.856647732569
33449.0,-6169.565207872387
33450.0,-6168.7687680122035
33451.0,-5534.9803281520235
33452.0,-5534.18388829184
33453.0,-5533.38744843166
33454.0,-5849.087008571476
33455.0,-5848.290568711296
33456.0,-5530.9981288511135
33457.0,-5530.201688990934
33458.0,-4896.41424913075
33459.0,-4579.121809270566
33460.0,-4261.830369410387
33461.0,-4261.0339295502035
33462.0,-4260.237489690024
33463.0,-3942.9450498298393
33464.0,-3309.1576099696595
33465.0,-2991.865170109477
33466.0,-2991.068730249297
33467.0,-2990.2722903891136
33468.0,-2672.979850528929
33469.0,-2355.68741066875
33470.0,-2038.3959708085658
33471.0,-2037.599530948386
33472.0,-1720.3070910882034
33473.0,-1086.5196512280236
33474.0,-769.2272113678391
33475.0,-768.4307715076557
33476.0,-451.13833164747484
33477.0,-133.8468917872924
33478.0,183.4455480728866
33479.0,817.2329879330719
33480.0,1134.5254277932509
33481.0,1451.8178676534335
33482.0,1769.1093075136123
33483.0,1453.4107473737968
33484.0,1770.7021872339792
33485.0,2087.994627094162
33486.0,2088.7910669543453
33487.0,2406.0835068145243
33488.0,2723.375946674707
33489.0,3040.6673865348857
33490.0,3041.463826395069
33491.0,3042.260266255249
33492.0,2726.5617061154335
33493.0,2727.358145975617
33494.0,3044.6495858357957
33495.0,3045.446025695979
33496.0,3046.242465556159
33497.0,2730.5439054163435
33498.0,2414.844345276524
33499.0,1782.6487851367056
33500.0,1150.4542249968908
33501.0,834.7546648570715
33502.0,835.5511047172549
33503.0,836.3475445774347
33504.0,837.1439844376182
33505.0,837.940424297798
33506.0,205.74586415797967
33507.0,206.54230401815948
33508.0,-425.6522561216552
33509.0,-424.8558162614718
33510.0,-424.05937640129196
33511.0,-106.76793654110952
33512.0,527.0205033190687
33513.0,211.32094317925294
33514.0,-420.8736169605654
33515.0,-736.573177100383
33516.0,-735.7767372401995
33517.0,-418.4842973800187
33518.0,-101.19285751983625
33519.0,-100.39641765965644
33520.0,-99.59997779947298
33521.0,-98.80353793929316
33522.0,-414.5020980791087
33523.0,-413.7056582189289
33524.0,-412.9092183587454
33525.0,-95.61777849856298
33526.0,-94.82133863838317
33527.0,222.47110122179947
33528.0,-93.2284589180199
33529.0,-92.43201905783644
33530.0,-724.6265791976566
33531.0,-723.8301393374732
33532.0,-723.0336994772933
33533.0,-405.7412596171089
33534.0,228.04618024307274
33535.0,545.3386201032517
33536.0,862.6300599634378
33537.0,546.931499823615
33538.0,547.7279396837985
33539.0,232.0283795439791
33540.0,-83.67118059583663
33541.0,233.621259264346
33542.0,867.4086991245276
33543.0,1184.7011389847103
33544.0,1185.49757884489
33545.0,869.7980187050744
33546.0,237.60345856525237
33547.0,554.895898425435
33548.0,555.6923382856148
33549.0,1189.4797781458
33550.0,1190.2762180059835
33551.0,874.5766578661642
33552.0,875.3730977263476
33553.0,243.17853758652564
33554.0,-72.5210225532901
33555.0,-388.21958269310926
33556.0,-387.4231428329258
33557.0,-386.62670297274235
33558.0,-385.83026311256253
33559.0,-701.5298232523801
33560.0,-1333.7243833922003
33561.0,-1649.4239435320178
33562.0,-1965.1235036718372
33563.0,-1964.3270638116537
33564.0,-1963.530623951474
33565.0,-2279.2291840912912
33566.0,-2594.928744231107
33567.0,-3227.1243043709273
33568.0,-3226.327864510744
33569.0,-3542.026424650565
33570.0,-3541.2299847903814
33571.0,-4173.425544930202
33572.0,-4489.124105070017
33573.0,-4488.3276652098375
33574.0,-3854.540225349654
33575.0,-3537.2477854894714
33576.0,-3219.956345629291
33577.0,-3535.654905769108
33578.0,-3851.3544659089275
33579.0,-4483.549026048744
33580.0,-4799.248586188565
33581.0,-4481.956146328381
33582.0,-3848.1687064681973
33583.0,-3530.8762666080183
33584.0,-3213.584826747834
33585.0,-3212.7883868876543
33586.0,-3528.4869470274716
33587.0,-3211.195507167291
33588.0,-2893.9030673071084
33589.0,-2260.1146274469284
33590.0,-1626.327187586745
33591.0,-1309.0347477265605
33592.0,-1308.2383078663806
33593.0,-1307.4418680061972
33594.0,-1306.6454281460174
33595.0,-672.8579882858339
33596.0,277.42545157434506
33597.0,1227.7088914345295
33598.0,2177.992331294714
33599.0,2495.284771154893
33600.0,2496.0812110150764
33601.0,2813.3736508752554
33602.0,3447.161090735437
33603.0,3764.4535305956197
33604.0,4398.240970455801
33605.0,5032.028410315983
33606.0,5349.320850176166
33607.0,5666.613290036348
33608.0,6300.40072989653
33609.0,6934.188169756711
33610.0,7251.48060961689
33611.0,7568.773049477077
33612.0,7253.073489337254
33613.0,7253.869929197437
33614.0,7571.16236905762
33615.0,7888.454808917802
33616.0,8205.746248777985
33617.0,8206.542688638165
33618.0,7890.844128498349
33619.0,7575.14456835853
33620.0,7259.44500821871
33621.0,7260.24144807889
33622.0,7577.5338879390765
33623.0,7578.33032779926
33624.0,7262.630767659437
33625.0,6630.436207519622
33626.0,5998.2406473798
33627.0,5366.046087239985
33628.0,5366.842527100165
33629.0,5367.638966960349
33630.0,5684.931406820528
33631.0,5369.231846680712
33632.0,4737.037286540894
33633.0,3788.346726401076
33634.0,2839.6561662612585
33635.0,2207.46060612144
33636.0,2208.2570459816234
33637.0,2525.5494858418024
33638.0,2526.345925701986
33639.0,2210.64636556217
33640.0,1261.955805422349
33641.0,629.7612452825306
33642.0,-2.4343148572879727
33643.0,-318.1328749971035
33644.0,-633.8324351369247
33645.0,-949.5319952767422
33646.0,-1265.2305554165614
33647.0,-1897.4261155563781
33648.0,-2213.1246756961955
33649.0,-2528.824235836015
33650.0,-2844.5237959758324
33651.0,-2843.7273561156526
33652.0,-2842.930916255469
33653.0,-2525.6384763952883
33654.0,-2841.338036535106
33655.0,-3157.037596674925
33656.0,-3472.7361568147426
33657.0,-3788.4357169545583
33658.0,-4104.1352770943795
33659.0,-4103.338837234196
33660.0,-4419.037397374015
33661.0,-4418.240957513832
33662.0,-3784.453517653652
33663.0,-3467.1610777934693
33664.0,-3149.869637933285
33665.0,-3149.0731980731052
33666.0,-3781.2677582129218
33667.0,-3780.471318352742
33668.0,-3463.1788784925593
33669.0,-3462.3824386323795
33670.0,-3145.0909987721952
33671.0,-2511.3025589120152
33672.0,-2510.506119051832
33673.0,-2193.213679191649
33674.0,-1875.9222393314685
33675.0,-1875.125799471285
33676.0,-1241.337359611105
33677.0,-607.5499197509216
33678.0,26.237520109258185
33679.0,660.02595996944
33680.0,660.8223998296198
33681.0,978.1138396898059
33682.0,662.4152795499867
33683.0,979.7067194101692
33684.0,1929.99015927035
33685.0,2563.778599130532
33686.0,2881.0710389907144
33687.0,2881.8674788508943
33688.0,2882.6639187110777
33689.0,2566.964358571262
33690.0,2567.760798431442
33691.0,2568.5572382916253
33692.0,2885.8496781518043
33693.0,3203.1411180119867
33694.0,3203.9375578721665
33695.0,3521.229997732349
33696.0,3838.522437592532
33697.0,3522.8228774527124
33698.0,3207.1233173128967
33699.0,2891.4247571730775
33700.0,2892.221197033261
33701.0,2576.5216368934416
33702.0,2260.822076753626
33703.0,2261.6185166138057
33704.0,2578.9109564739883
33705.0,2896.203396334171
33706.0,3213.49483619435
33707.0,2897.7962760545342
33708.0,2582.096715914715
33709.0,2582.8931557748983
33710.0,2583.689595635078
33711.0,2267.9900354952624
33712.0,1952.2904753554394
33713.0,1636.5919152156239
33714.0,1320.8923550758082
33715.0,1638.1847949359872
33716.0,1638.9812347961706
33717.0,1956.2726746563494
33718.0,1957.0691145165329
33719.0,1957.8655543767127
33720.0,1642.1669942368972
33721.0,1642.963434097077
33722.0,1327.2638739572612
33723.0,1011.5643138174455
33724.0,695.8657536776227
33725.0,696.6621935378062
33726.0,1013.9536333979886
33727.0,1014.750073258172
33728.0,1015.5465131183519
33729.0,1016.3429529785353
33730.0,1017.1393928387188
33731.0,1017.9358326988986
33732.0,1018.732272559082
33733.0,1336.024712419261
33734.0,1653.3171522794437
33735.0,1654.1135921396235
33736.0,1971.405031999806
33737.0,2288.6974718599886
33738.0,2289.493911720172
33739.0,2290.2903515803555
33740.0,2291.0867914405353
33741.0,2291.8832313007188
33742.0,2609.1756711608978
33743.0,2609.972111021081
33744.0,2610.768550881261
33745.0,2295.0689907414453
33746.0,2612.361430601628
33747.0,2929.653870461807
33748.0,3246.9453103219894
33749.0,3247.741750182169
33750.0,2932.0431900423537
33751.0,2616.3436299025343
33752.0,2300.6440697627186
33753.0,1984.9445096228956
33754.0,1985.740949483079
33755.0,1986.5373893432625
33756.0,1987.3338292034423
33757.0,1671.6352690636268
33758.0,1672.4317089238066
33759.0,1989.723148783989
33760.0,1990.5195886441688
33761.0,1991.3160285043523
33762.0,1675.6174683645331
33763.0,1043.4219082247182
33764.0,727.723348084899
33765.0,95.52778794508049
33766.0,-220.17077219473504
33767.0,-219.37433233455522
33768.0,-218.57789247437177
33769.0,-534.277452614193
33770.0,-849.9770127540105
33771.0,-1482.171572893827
33772.0,-1797.8711330336464
33773.0,-2430.065693173463
33774.0,-2429.269253313283
33775.0,-2428.4728134530997
33776.0,-2744.172373592921
33777.0,-3376.3669337327374
33778.0,-3692.0664938725567
33779.0,-3691.2700540123733
33780.0,-3690.47361415219
33781.0,-3373.181174292011
33782.0,-3372.3847344318274
33783.0,-3371.5882945716476
33784.0,-3687.2878547114633
33785.0,-3686.4914148512835
33786.0,-4002.190974991101
33787.0,-4001.3945351309176
33788.0,-4000.5980952707378
33789.0,-3999.8016554105543
33790.0,-3682.5092155503735
33791.0,-3681.71277569019
33792.0,-3364.420335830011
33793.0,-3363.6238959698276
33794.0,-3046.332456109647
33795.0,-3362.0310162494643
33796.0,-3361.234576389281
33797.0,-3360.438136529101
33798.0,-3359.6416966689176
33799.0,-2725.854256808738
33800.0,-2408.5618169485533
33801.0,-1774.7743770883735
33802.0,-1773.97793722819
33803.0,-1773.1814973680102
33804.0,-1455.8890575078276
33805.0,-1138.5966176476431
33806.0,-504.80917778746334
33807.0,445.4742620727193
33808.0,762.7667019328983
33809.0,1080.0581417930844
33810.0,1397.3505816532634
33811.0,1714.643021513446
33812.0,2348.4304613736313
33813.0,2982.2189012338094
33814.0,3299.510341093992
33815.0,3616.802780954171
33816.0,3617.5992208143543
33817.0,3618.395660674534
33818.0,3935.6881005347204
33819.0,3936.4845403949003
33820.0,4570.271980255082
33821.0,4887.5644201152645
33822.0,5204.855859975447
33823.0,5522.14829983563
33824.0,5522.944739695809
33825.0,5523.741179555993
33826.0,5524.537619416173
33827.0,5208.838059276357
33828.0,5209.63449913654
33829.0,5210.43093899672
33830.0,5211.227378856904
33831.0,4895.528818717081
33832.0,5212.820258577267
33833.0,5213.616698437447
33834.0,5214.41313829763
33835.0,5215.20957815781
33836.0,4899.511018017991
33837.0,4900.307457878174
33838.0,4584.607897738355
33839.0,4268.908337598539
33840.0,3636.7137774587172
33841.0,3321.0142173189015
33842.0,3321.8106571790813
33843.0,3006.112097039266
33844.0,2373.9165368994472
33845.0,2058.216976759628
33846.0,2059.0134166198113
33847.0,2059.809856479991
33848.0,1427.6152963401764
33849.0,795.4207362003544
33850.0,-153.26982393945946
33851.0,-785.4653840792816
33852.0,-1734.1559442190974
33853.0,-2049.8545043589147
33854.0,-2365.554064498734
33855.0,-2681.2536246385516
33856.0,-2996.953184778371
33857.0,-3629.1477449181875
33858.0,-4261.342305058008
33859.0,-4577.041865197825
33860.0,-4892.741425337645
33861.0,-4891.944985477461
33862.0,-5207.6435456172785
33863.0,-5206.847105757099
33864.0,-5522.546665896914
33865.0,-5521.750226036735
33866.0,-5520.953786176551
33867.0,-5520.157346316371
33868.0,-5202.864906456189
33869.0,-5202.068466596009
33870.0,-5201.272026735825
33871.0,-5200.475586875642
33872.0,-5516.175147015461
33873.0,-5198.882707155279
33874.0,-4881.591267295098
33875.0,-4564.298827434915
33876.0,-4247.006387574735
33877.0,-3929.714947714552
33878.0,-3928.9185078543687
33879.0,-3611.626067994188
33880.0,-3610.8296281340045
33881.0,-3293.5371882738254
33882.0,-3292.740748413642
33883.0,-2975.4493085534614
33884.0,-2658.1568686932787
33885.0,-2340.864428833098
33886.0,-1390.5809889729153
33887.0,-1073.2885491127308
33888.0,-755.997109252552
33889.0,-438.7046693923676
33890.0,-121.41222953218676
33891.0,-120.6157896720033
33892.0,-119.81934981182349
33893.0,-119.02290995164003
33894.0,-118.22647009145658
33895.0,199.06496976872222
33896.0,516.3574096289049
33897.0,517.1538494890847
33898.0,517.9502893492681
33899.0,835.2427292094471
33900.0,1152.5341690696332
33901.0,1153.330608929813
33902.0,837.6320487899939
33903.0,838.4284886501773
33904.0,522.728928510358
33905.0,207.02936837054222
33906.0,207.82580823072203
33907.0,208.6222480909055
33908.0,209.4186879510853
33909.0,210.21512781126876
33910.0,527.5075676714478
33911.0,528.3040075316312
33912.0,529.1004473918147
33913.0,529.8968872519945
33914.0,214.19732711217875
33915.0,-101.50123302764041
33916.0,-417.20079316745796
33917.0,-416.40435330727814
33918.0,-732.1039134470957
33919.0,-731.3074735869122
33920.0,-730.5110337267324
33921.0,-413.21859386654796
33922.0,-728.9181540063692
33923.0,-728.1217141461857
33924.0,-727.3252742860059
33925.0,-726.5288344258224
33926.0,-725.7323945656426
33927.0,-1041.4309547054581
33928.0,-1040.6345148452747
33929.0,-1356.3340749850959
33930.0,-1355.5376351249124
33931.0,-1354.7411952647326
33932.0,-1353.9447554045491
33933.0,-1353.1483155443693
33934.0,-1352.3518756841859
33935.0,-1351.5554358240024
33936.0,-1350.7589959638226
33937.0,-1349.9625561036391
33938.0,-1032.6701162434583
33939.0,-1031.8736763832749
33940.0,-714.5822365230961
33941.0,-80.79379666291061
33942.0,552.9936431972674
33943.0,870.28608305745
33944.0,871.0825229176335
33945.0,871.8789627778133
33946.0,872.6754026379967
33947.0,873.4718424981766
33948.0,874.26828235836
33949.0,1191.5597222185424
33950.0,1508.852162078725
33951.0,1509.648601938905
33952.0,1826.9410417990875
33953.0,1827.737481659271
33954.0,1828.5339215194508
33955.0,1829.3303613796343
33956.0,1830.126801239814
33957.0,1830.9232410999975
33958.0,1515.2236809601782
33959.0,883.0291208203598
33960.0,567.3295606805441
33961.0,251.63000054072472
33962.0,252.42644040090818
33963.0,569.7188802610872
33964.0,570.5153201212706
33965.0,887.8077599814496
33966.0,888.6041998416331
33967.0,572.9046397018137
33968.0,257.205079561998
33969.0,-58.493480577817536
33970.0,-57.69704071763772
33971.0,-373.39660085745527
33972.0,-372.60016099727545
33973.0,-55.307721137090994
33974.0,-54.51128127691118
33975.0,-53.71484141672772
33976.0,-685.9104015565463
33977.0,-1318.1049616963664
33978.0,-1633.8045218361822
33979.0,-1633.0080819760024
33980.0,-1948.7066421158197
33981.0,-2264.406202255639
33982.0,-2896.601762395456
33983.0,-3212.300322535277
33984.0,-3211.5038826750933
33985.0,-3527.203442814909
33986.0,-4159.398002954729
33987.0,-4475.097563094547
33988.0,-4790.797123234366
33989.0,-4790.000683374183
33990.0,-5105.699243514004
33991.0,-5737.89480365382
33992.0,-6370.089363793641
33993.0,-6685.788923933456
33994.0,-7001.487484073274
33995.0,-6684.196044213093
33996.0,-6050.407604352909
33997.0,-5733.116164492731
33998.0,-6048.814724632546
33999.0,-6048.018284772366
34000.0,-6363.717844912184
34001.0,-6362.921405052
34002.0,-6045.62896519182
34003.0,-5728.337525331637
34004.0,-5094.549085471457
34005.0,-4460.761645611274
34006.0,-4143.469205751093
34007.0,-4142.672765890909
34008.0,-3825.3813260307306
34009.0,-3508.088886170546
34010.0,-2874.3014463103627
34011.0,-2557.0090064501837
34012.0,-2239.7165665899993
34013.0,-1922.4241267298203
34014.0,-1921.6276868696368
34015.0,-1604.3362470094562
34016.0,-970.5478071492726
34017.0,-20.264367289088113
34018.0,613.5230725710899
34019.0,1247.3105124312751
34020.0,1881.0989522914533
34021.0,2198.3903921516358
34022.0,2199.1868320118156
34023.0,2199.983271871999
34024.0,2833.771711732181
34025.0,3467.5591515923625
34026.0,4101.347591452548
34027.0,4418.639031312727
34028.0,4419.43547117291
34029.0,4420.23191103309
34030.0,4737.524350893273
34031.0,5054.816790753452
34032.0,5372.108230613638
34033.0,5056.409670473815
34034.0,5057.206110333998
34035.0,5058.002550194182
34036.0,4742.302990054362
34037.0,4743.099429914546
34038.0,4427.3998697747265
34039.0,4744.692309634909
34040.0,4745.488749495089
34041.0,4429.789189355273
34042.0,4430.585629215457
34043.0,3798.3910690756347
34044.0,3482.691508935819
34045.0,3166.992948796
34046.0,3167.7893886561833
34047.0,3485.080828516362
34048.0,3485.8772683765455
34049.0,3170.1787082367264
34050.0,2537.9831480969115
34051.0,2222.283587957092
34052.0,1906.585027817273
34053.0,1590.8854676774572
34054.0,1275.1859075376378
34055.0,642.9913473978195
34056.0,327.2917872580001
34057.0,-304.9027728818164
34058.0,-1253.5933330216376
34059.0,-1569.2928931614533
34060.0,-1884.9914533012707
34061.0,-1884.1950134410909
34062.0,-2199.8945735809066
34063.0,-2515.5941337207278
34064.0,-3147.7886938605443
34065.0,-3779.9842540003647
34066.0,-4095.68281414018
34067.0,-4411.382374279998
34068.0,-4410.585934419818
34069.0,-4409.7894945596345
34070.0,-4408.993054699455
34071.0,-4091.70061483927
34072.0,-4090.9041749790904
34073.0,-3773.612735118908
34074.0,-3772.816295258728
34075.0,-3772.0198553985447
34076.0,-3771.223415538361
34077.0,-3453.9309756781804
34078.0,-3136.6385358179978
34079.0,-2819.347095957817
34080.0,-2818.5506560976337
34081.0,-2501.2582162374547
34082.0,-2500.4617763772712
34083.0,-2183.169336517087
34084.0,-1865.8768966569078
34085.0,-1548.5854567967235
34086.0,-1231.2930169365445
34087.0,-1546.9925770763602
34088.0,-1546.1961372161804
34089.0,-1545.399697355997
34090.0,-1544.6032574958172
34091.0,-1543.8068176356337
34092.0,-1543.0103777754503
34093.0,-1225.7179379152712
34094.0,-908.4254980550868
34095.0,-591.134058194908
34096.0,-590.3376183347245
34097.0,-589.5411784745447
34098.0,-588.7447386143613
34099.0,-587.9482987541815
34100.0,-270.655858893997
34101.0,46.636580966187466
34102.0,363.92802082636626
34103.0,681.2204606865489
34104.0,998.5129005467279
34105.0,999.3093404069114
34106.0,1000.1057802670912
34107.0,684.4062201272754
34108.0,1001.6986599874581
34109.0,1318.9900998476405
34110.0,1319.786539707824
34111.0,1320.5829795680038
34112.0,1004.8844194281846
34113.0,689.1848592883653
34114.0,689.9812991485487
34115.0,690.7777390087285
34116.0,691.574178868912
34117.0,692.3706187290954
34118.0,376.6710585892761
34119.0,60.972498449460545
34120.0,-254.72706169036064
34121.0,-570.4266218301782
34122.0,-569.6301819699984
34123.0,-568.8337421098149
34124.0,-568.0373022496315
34125.0,-250.74486238945065
34126.0,-249.9484225292672
34127.0,-565.6479826690884
34128.0,-881.3465428089039
34129.0,-1197.046102948725
34130.0,-1512.7456630885408
34131.0,-1511.949223228361
34132.0,-1511.1527833681776
34133.0,-1510.356343507994
34134.0,-1509.5599036478143
34135.0,-1508.7634637876308
34136.0,-1191.4710239274518
34137.0,-1190.6745840672684
34138.0,-1506.3741442070877
34139.0,-1189.081704346905
34140.0,-871.7892644867243
34141.0,-554.4978246265418
34142.0,-237.20538476635738
34143.0,-236.40894490617757
34144.0,-552.1085050459951
34145.0,-551.3120651858153
34146.0,82.47637467437016
34147.0,716.2638145345481
34148.0,1033.5562543947308
34149.0,1667.343694254916
34150.0,1668.1401341150959
34151.0,1985.4325739752785
34152.0,1986.2290138354583
34153.0,1987.0254536956418
34154.0,2304.3168935558206
34155.0,2621.609333416007
34156.0,2938.901773276186
34157.0,3256.1942131363685
34158.0,3256.990652996552
34159.0,3574.2820928567307
34160.0,3258.583532716915
34161.0,3259.379972577095
34162.0,3576.6714124372775
34163.0,3577.4678522974573
34164.0,3578.2642921576407
34165.0,3579.060732017824
34166.0,3263.362171878005
34167.0,3580.6536117381875
34168.0,3581.4500515983673
34169.0,3582.2464914585507
34170.0,3266.5479313187316
34171.0,3267.344371178915
34172.0,2951.6448110390957
34173.0,2635.94525089928
34174.0,2320.2456907594606
34175.0,2004.5471306196414
34176.0,2005.3435704798248
34177.0,1689.6440103400055
34178.0,1690.440450200189
34179.0,1691.2368900603688
34180.0,1692.0333299205522
34181.0,1376.3337697807328
34182.0,1060.6352096409137
34183.0,744.9356495010979
34184.0,112.74108936127959
34185.0,-519.454470778539
34186.0,-835.1530309183581
34187.0,-1150.8525910581757
34188.0,-1466.552151197995
34189.0,-1782.2507113378124
34190.0,-2097.950271477628
34191.0,-2413.6498316174493
34192.0,-3045.844391757266
34193.0,-3361.543951897085
34194.0,-3677.2435120369028
34195.0,-4309.438072176723
34196.0,-4625.137632316539
34197.0,-4624.341192456359
34198.0,-5256.535752596175
34199.0,-5255.739312735992
34200.0,-4938.446872875813
34201.0,-4937.6504330156295
34202.0,-4936.85399315545
34203.0,-4936.057553295266
34204.0,-4935.261113435086
34205.0,-4617.969673574902
34206.0,-4617.173233714719
34207.0,-4616.376793854539
34208.0,-4299.084353994356
34209.0,-3981.7919141341754
34210.0,-3664.500474273993
34211.0,-3030.712034413813
34212.0,-2713.4205945536287
34213.0,-2396.1281546934497
34214.0,-2078.8357148332652
34215.0,-1445.0482749730818
34216.0,-1444.251835112902
34217.0,-1443.4553952527185
34218.0,-1442.6589553925387
34219.0,-1125.366515532356
34220.0,-491.57907567217626
34221.0,142.2093641880092
34222.0,459.500804048188
34223.0,1093.2892439083698
34224.0,1410.580683768556
34225.0,1727.873123628735
34226.0,1728.6695634889184
34227.0,2045.9620033490974
34228.0,2363.25344320928
34229.0,2680.5458830694624
34230.0,2997.838322929645
34231.0,2998.6347627898285
34232.0,3315.9272026500075
34233.0,3633.21864251019
34234.0,3950.511082370369
34235.0,4584.298522230554
34236.0,5218.086962090732
34237.0,5535.3784019509185
34238.0,5536.174841811098
34239.0,5536.971281671282
34240.0,5537.767721531465
34241.0,5538.564161391645
34242.0,5855.856601251828
34243.0,6173.149041112007
34244.0,6490.440480972189
34245.0,6491.236920832369
34246.0,6175.538360692553
34247.0,5859.838800552738
34248.0,5860.6352404129175
34249.0,5544.935680273102
34250.0,5545.732120133282
34251.0,5230.033559993462
34252.0,4914.333999853643
34253.0,4598.634439713827
34254.0,3966.4398795740053
34255.0,3650.7403194341896
34256.0,3651.536759294373
34257.0,3335.838199154554
34258.0,3020.138639014738
34259.0,2387.943078874916
34260.0,1755.7485187351012
34261.0,807.0579585952801
34262.0,491.35839845546434
34263.0,492.15483831564416
34264.0,176.45627817582863
34265.0,493.74771803601107
34266.0,178.0491578961919
34267.0,-454.14640224362665
34268.0,-769.8449623834458
34269.0,-1085.5445225232634
34270.0,-1401.2440826630827
34271.0,-1716.9426428029
34272.0,-2032.6422029427158
34273.0,-2031.845763082536
34274.0,-2347.5453232223535
34275.0,-2663.244883362173
34276.0,-2345.9524435019903
34277.0,-2028.6600036418095
34278.0,-1394.872563781626
34279.0,-1077.580123921447
34280.0,-1393.2796840612627
34281.0,-1392.4832442010793
34282.0,-1391.6868043408995
34283.0,-1390.890364480716
34284.0,-1390.0939246205362
34285.0,-1072.8014847603536
34286.0,-755.5090449001727
34287.0,-754.7126050399893
34288.0,-753.9161651798095
34289.0,-436.62472531962703
34290.0,-119.33228545944257
34291.0,-118.53584559926276
34292.0,198.7565942609217
34293.0,199.55303412110152
34294.0,-116.14652601871603
34295.0,-115.35008615853621
34296.0,-114.55364629835276
34297.0,-113.7572064381693
34298.0,203.53523342201152
34299.0,520.826673282194
34300.0,521.6231131423738
34301.0,522.4195530025572
34302.0,523.215992862737
34303.0,207.5174327229215
34304.0,524.8088725831003
34305.0,525.6053124432838
34306.0,842.8977523034664
34307.0,843.6941921636462
34308.0,1160.9866320238289
34309.0,1161.7830718840087
34310.0,1162.5795117441921
34311.0,1479.8709516043746
34312.0,1480.667391464558
34313.0,1797.9598313247407
34314.0,1798.7562711849205
34315.0,1483.0567110451047
34316.0,1483.8531509052846
34317.0,1168.1545907654654
34318.0,1168.9510306256452
34319.0,1169.7474704858287
34320.0,1170.5439103460085
34321.0,1171.340350206192
34322.0,1172.1367900663754
34323.0,1172.9332299265552
34324.0,857.2336697867395
34325.0,541.5341096469201
34326.0,225.8355495071046
34327.0,-89.8640106327166
34328.0,-405.56357077253415
34329.0,-721.2621309123533
34330.0,-1036.9616910521709
34331.0,-1036.1652511919874
34332.0,-1351.8648113318068
34333.0,-1351.0683714716233
34334.0,-1350.2719316114435
34335.0,-1349.47549175126
34336.0,-1348.6790518910802
34337.0,-1347.8826120308968
34338.0,-1347.0861721707133
34339.0,-1029.7937323105343
34340.0,-1028.9972924503509
34341.0,-711.70485259017
34342.0,-710.9084127299866
34343.0,-710.1119728698068
34344.0,-392.82053300962434
34345.0,-392.0240931494445
34346.0,-74.73165328926007
34347.0,242.5607865709244
34348.0,559.8522264311032
34349.0,877.1446662912858
34350.0,877.9411061514656
34351.0,1195.2335460116483
34352.0,1512.5249858718307
34353.0,1829.8174257320134
34354.0,2147.109865592196
34355.0,2147.906305452376
34356.0,2465.1977453125583
34357.0,2465.994185172738
34358.0,2466.7906250329215
34359.0,2467.5870648931013
34360.0,2468.383504753285
34361.0,2785.6759446134674
34362.0,3419.4643844736493
34363.0,3736.7558243338317
34364.0,3737.5522641940115
34365.0,3421.853704054196
34366.0,3422.650143914376
34367.0,3423.4465837745593
34368.0,3424.243023634739
34369.0,3108.5434634949233
34370.0,3109.339903355103
34371.0,2793.6403432152874
34372.0,3110.93278307547
34373.0,3111.72922293565
34374.0,3112.5256627958333
34375.0,3113.322102656013
34376.0,3114.1185425161966
34377.0,3431.4109823763756
34378.0,3432.207422236559
34379.0,3116.5078620967433
34380.0,2800.808301956924
34381.0,2485.1087418171046
34382.0,2485.9051816772844
34383.0,2486.701621537468
34384.0,2171.0030613976487
34385.0,2171.799501257832
34386.0,1856.0999411180128
34387.0,1540.400380978197
34388.0,1224.701820838378
34389.0,909.0022606985585
34390.0,593.3027005587428
34391.0,-38.89185958107737
34392.0,-354.5914197208949
34393.0,-670.2899798607141
34394.0,-985.9895400005316
34395.0,-1301.6891001403474
34396.0,-1617.3876602801683
34397.0,-1933.087220419984
34398.0,-2565.2827805598045
34399.0,-2880.981340699622
34400.0,-3513.176900839442
34401.0,-3828.8754609792577
34402.0,-4461.071021119078
34403.0,-4460.274581258895
34404.0,-4775.973141398712
34405.0,-4775.176701538532
34406.0,-4457.885261678348
34407.0,-4773.583821818169
34408.0,-4772.787381957985
34409.0,-5088.486942097805
34410.0,-4771.194502237622
34411.0,-4770.398062377442
34412.0,-5086.097622517258
34413.0,-5085.301182657075
34414.0,-5084.504742796895
34415.0,-4767.212302936712
34416.0,-4449.9208630765315
34417.0,-4132.628423216349
34418.0,-3815.335983356168
34419.0,-3498.0445434959856
34420.0,-3180.752103635801
34421.0,-2863.459663775622
34422.0,-2546.168223915438
34423.0,-2545.371784055258
34424.0,-2228.0793441950755
34425.0,-1910.7869043348946
34426.0,-1593.494464474712
34427.0,-1592.6980246145322
34428.0,-1275.406584754348
34429.0,-958.1141448941653
34430.0,-640.8217050339845
34431.0,-323.53026517380204
34432.0,-322.7338253136222
34433.0,-5.441385453437761
34434.0,311.85105440674306
34435.0,629.1424942669255
34436.0,946.4349341271081
34437.0,1263.7273739872871
34438.0,1897.5148138474724
34439.0,2214.8072537076514
34440.0,2532.098693567834
34441.0,2849.3911334280165
34442.0,2850.1875732882
34443.0,3167.480013148379
34444.0,3168.2764530085624
34445.0,3485.568892868745
34446.0,3802.860332728924
34447.0,4120.1527725891065
34448.0,4120.949212449286
34449.0,4438.241652309473
34450.0,4439.038092169652
34451.0,4439.834532029836
34452.0,4757.125971890015
34453.0,4441.427411750199
34454.0,4125.72785161038
34455.0,4126.52429147056
34456.0,3810.824731330744
34457.0,3495.1261711909247
34458.0,3179.426611051109
34459.0,2863.7270509112896
34460.0,2548.02749077147
34461.0,2548.8239306316536
34462.0,2233.1253704918345
34463.0,1917.4258103520187
34464.0,1601.7262502121994
34465.0,1286.0276900723802
34466.0,970.3281299325608
34467.0,654.6285697927451
34468.0,338.93000965292595
34469.0,-293.2655504868926
34470.0,-292.46911062670915
34471.0,-608.1676707665283
34472.0,-923.8672309063459
34473.0,-1239.5667910461652
34474.0,-1555.2653511859826
34475.0,-1870.964911325802
34476.0,-1870.1684714656185
34477.0,-1869.3720316054387
34478.0,-1868.5755917452552
34479.0,-1867.7791518850718
34480.0,-2183.478712024893
34481.0,-2182.6822721647095
34482.0,-2498.381832304529
34483.0,-2497.5853924443454
34484.0,-2496.7889525841656
34485.0,-2495.992512723982
34486.0,-2495.1960728637987
34487.0,-2810.8946330036197
34488.0,-2810.098193143436
34489.0,-2809.3017532832564
34490.0,-2808.505313423073
34491.0,-2491.2138735628923
34492.0,-2173.9214337027097
34493.0,-1856.6289938425289
34494.0,-1855.8325539823454
34495.0,-1855.036114122162
34496.0,-1854.2396742619821
34497.0,-1853.4432344017987
34498.0,-1852.6467945416189
34499.0,-1535.3543546814362
34500.0,-1534.5579148212564
34501.0,-1217.2664749610722
34502.0,-899.9740351008895
34503.0,-582.6815952407087
34504.0,-265.39015538052627
34505.0,-264.59371552034645
34506.0,52.69872433983801
34507.0,53.495164200017825
34508.0,370.7876040602023
34509.0,371.5840439203821
34510.0,688.8754837805645
34511.0,689.671923640748
34512.0,690.4683635009278
34513.0,691.2648033611113
34514.0,692.0612432212911
34515.0,692.8576830814745
34516.0,1010.1501229416535
34517.0,1010.946562801837
34518.0,1328.239002662016
34519.0,1329.0354425221994
34520.0,1329.831882382383
34521.0,697.6363222425643
34522.0,381.9377621027488
34523.0,382.73420196292864
34524.0,383.5306418231121
34525.0,384.3270816832919
34526.0,68.62752154347436
34527.0,-563.5670385963422
34528.0,-879.2665987361634
34529.0,-1194.966158875979
34530.0,-1194.1697190157993
34531.0,-1193.3732791556158
34532.0,-1192.576839295436
34533.0,-1508.2753994352533
34534.0,-1507.4789595750735
34535.0,-2139.6745197148903
34536.0,-2455.374079854706
34537.0,-2771.072639994527
34538.0,-2770.2762001343435
34539.0,-2769.4797602741637
34540.0,-2452.1883204139795
34541.0,-2767.8868805538004
34542.0,-2767.090440693617
34543.0,-2766.2940008334335
34544.0,-2765.4975609732537
34545.0,-2448.2061211130695
34546.0,-2447.4096812528896
34547.0,-2130.117241392707
34548.0,-1812.8248015325262
34549.0,-1495.5323616723435
34550.0,-1494.7359218121637
34551.0,-1493.9394819519803
34552.0,-1493.1430420917968
34553.0,-1175.8516022316162
34554.0,-858.5591623714336
34555.0,-541.2667225112527
34556.0,-540.4702826510693
34557.0,-223.17884279089049
34558.0,94.11359706929397
34559.0,94.91003692947379
34560.0,412.20247678965825
34561.0,412.9989166498417
34562.0,730.2903565100205
34563.0,731.086796370204
34564.0,1048.379236230383
34565.0,1049.1756760905664
34566.0,1049.9721159507462
34567.0,1050.7685558109297
34568.0,1368.0609956711123
34569.0,1368.8574355312921
34570.0,1369.6538753914756
34571.0,1686.945315251658
34572.0,1687.7417551118415
34573.0,2005.0341949720205
34574.0,2322.326634832203
34575.0,2323.123074692383
34576.0,2640.4145145525654
34577.0,2641.210954412749
34578.0,2642.0073942729287
34579.0,2959.299834133115
34580.0,2960.0962739932947
34581.0,3277.3887138534774
34582.0,3278.185153713657
34583.0,2962.4855935738415
34584.0,2963.282033434025
34585.0,2647.582473294202
34586.0,2648.3789131543854
34587.0,2332.680353014566
34588.0,2333.4767928747497
34589.0,2017.7772327349303
34590.0,1702.0776725951146
34591.0,1386.3791124552918
34592.0,1070.679552315476
34593.0,754.9799921756603
34594.0,122.78543203584013
34595.0,-192.91412810397742
34596.0,-508.6126882437966
34597.0,-1140.8082483836133
34598.0,-1456.5068085234343
34599.0,-2088.702368663251
34600.0,-2404.4019288030704
34601.0,-3036.596488942887
34602.0,-3035.8000490827035
34603.0,-3351.4996092225247
34604.0,-3350.703169362341
34605.0,-3666.4017295021604
34606.0,-3665.605289641977
34607.0,-4297.800849781797
34608.0,-4613.499409921615
34609.0,-4612.702970061431
34610.0,-4928.402530201251
34611.0,-4611.110090341068
34612.0,-4610.313650480888
34613.0,-4609.517210620705
34614.0,-4925.216770760524
34615.0,-4924.420330900341
34616.0,-4923.623891040161
34617.0,-4606.331451179978
34618.0,-4605.535011319795
34619.0,-4288.243571459614
34620.0,-4287.447131599431
34621.0,-4286.650691739251
34622.0,-4285.854251879067
34623.0,-4285.0578120188875
34624.0,-4284.261372158704
34625.0,-3966.9689322985214
34626.0,-3966.1724924383416
34627.0,-3965.376052578158
34628.0,-3648.0836127179773
34629.0,-3647.287172857794
34630.0,-3646.490732997614
34631.0,-3329.1992931374316
34632.0,-3328.402853277252
34633.0,-3011.1104134170673
34634.0,-2377.322973556884
34635.0,-2376.526533696704
34636.0,-2059.2340938365214
34637.0,-1741.9416539763406
34638.0,-1424.649214116158
34639.0,-1423.8527742559781
34640.0,-1106.561334395794
34641.0,-789.2688945356149
34642.0,-471.97645467543043
34643.0,-154.685014815248
34644.0,479.10342504493383
34645.0,796.3948649051163
34646.0,797.1913047652961
34647.0,1114.4837446254787
34648.0,1431.7761844856577
34649.0,1749.0676243458438
34650.0,2066.3600642060264
34651.0,2067.1565040662063
34652.0,2384.448943926389
34653.0,2385.2453837865687
34654.0,2702.536823646751
34655.0,2703.333263506931
34656.0,2704.1297033671144
34657.0,2704.9261432272942
34658.0,3022.2185830874805
34659.0,3023.015022947664
34660.0,3023.811462807844
34661.0,2708.1119026680244
34662.0,2392.4133425282052
34663.0,2076.7137823883895
34664.0,2077.5102222485693
34665.0,2078.306662108753
34666.0,1762.6071019689334
34667.0,1446.9085418291143
34668.0,1131.2089816892985
34669.0,499.0144215494802
34670.0,183.31486140966263
34671.0,-132.38469873015856
34672.0,-131.5882588699751
34673.0,-447.28681900979427
34674.0,-446.4903791496108
34675.0,-762.1899392894284
34676.0,-761.3934994292485
34677.0,-1077.0930595690643
34678.0,-1392.7916197088853
34679.0,-1391.9951798487018
34680.0,-1391.198739988522
34681.0,-1390.4023001283385
34682.0,-1706.101860268158
34683.0,-1705.3054204079745
34684.0,-1704.508980547791
34685.0,-1703.7125406876112
34686.0,-1702.9161008274277
34687.0,-1702.119660967248
34688.0,-1384.8272211070653
34689.0,-1384.0307812468855
34690.0,-1383.234341386702
34691.0,-1382.4379015265185
34692.0,-1381.6414616663387
34693.0,-1380.8450218061553
34694.0,-1380.0485819459755
34695.0,-1062.7571420857912
34696.0,-1061.9607022256114
34697.0,-744.6682623654287
34698.0,-743.8718225052489
34699.0,-743.0753826450655
34700.0,-425.782942784881
34701.0,-424.9865029247012
34702.0,-424.19006306451774
34703.0,-106.89862320433895
34704.0,-106.10218334415549
34705.0,-105.30574348397568
34706.0,-104.50930362379222
34707.0,-103.7128637636124
34708.0,213.57957609657205
34709.0,214.3760159567555
34710.0,531.6684558169363
34711.0,532.4648956771198
34712.0,849.7563355372986
34713.0,850.552775397482
34714.0,1167.845215257661
34715.0,1485.1376551178437
34716.0,1485.9340949780271
34717.0,1486.730534838207
34718.0,1804.021974698393
34719.0,1804.8184145585728
34720.0,1805.6148544187563
34721.0,2122.9072942789353
34722.0,2123.7037341391188
34723.0,2124.5001739992986
34724.0,1808.8006138594828
34725.0,1809.5970537196663
34726.0,1493.8984935798435
34727.0,1178.1989334400278
34728.0,1178.9953733002076
34729.0,1179.791813160391
34730.0,1180.5882530205708
34731.0,1181.3846928807543
34732.0,865.6851327409386
34733.0,549.9865726011194
34734.0,234.28701246130186
34735.0,-81.41254767851933
34736.0,-80.61610781833588
34737.0,-396.31466795815504
34738.0,-712.0142280979726
34739.0,-1027.713788237792
34740.0,-1026.9173483776085
34741.0,-1026.120908517425
34742.0,-1025.3244686572452
34743.0,-1024.5280287970618
34744.0,-1023.731588936882
34745.0,-1022.9351490766985
34746.0,-1022.1387092165187
34747.0,-1021.3422693563352
34748.0,-1020.5458294961554
34749.0,-1019.749389635972
34750.0,-1018.9529497757885
34751.0,-1018.1565099156087
34752.0,-1017.3600700554252
34753.0,-700.0676301952462
34754.0,-382.7751903350618
34755.0,-65.48375047488298
34756.0,251.80868938530148
34757.0,569.1011292454859
34758.0,569.8975691056658
34759.0,887.1890089658482
34760.0,887.985448826028
34761.0,888.7818886862115
34762.0,1206.0743285463905
34763.0,1523.366768406573
34764.0,1524.163208266753
34765.0,1524.9596481269364
34766.0,1525.7560879871198
34767.0,1843.0475278473023
34768.0,2160.339967707485
34769.0,2477.632407567664
34770.0,3111.419847427849
34771.0,3428.712287288028
34772.0,3429.5087271482116
34773.0,3746.8011670083943
34774.0,3747.597606868574
34775.0,4064.8890467287565
34776.0,4382.1814865889355
34777.0,4382.977926449119
34778.0,4700.270366309302
34779.0,4701.066806169485
34780.0,4701.863246029665
34781.0,4702.659685889848
34782.0,5019.951125750031
34783.0,5337.24356561021
34784.0,5654.536005470392
34785.0,5655.332445330572
34786.0,5656.128885190756
34787.0,5656.9253250509355
34788.0,5657.721764911119
34789.0,5342.0222047713
34790.0,5342.818644631483
34791.0,4710.624084491668
34792.0,4711.420524351848
34793.0,4395.720964212029
34794.0,4080.0214040722094
34795.0,4080.817843932393
34796.0,4081.6142837925727
34797.0,4082.410723652756
34798.0,4083.2071635129396
34799.0,3767.5086033731204
34800.0,3768.305043233304
34801.0,3452.6054830934845
34802.0,2820.409922953666
34803.0,2504.711362813847
34804.0,2189.011802674031
34805.0,1873.3122425342117
34806.0,1241.1176823943933
34807.0,925.4181222545776
34808.0,609.7195621147584
34809.0,294.0200019749409
34810.0,294.8164418351207
34811.0,295.61288169530417
34812.0,-20.08667844451702
34813.0,-335.78523858433255
34814.0,-651.4847987241501
34815.0,-967.1843588639695
34816.0,-1282.8829190037868
34817.0,-1282.086479143607
34818.0,-1597.7860392834227
34819.0,-1596.989599423243
34820.0,-1912.6891595630605
34821.0,-2228.38871970288
34822.0,-2227.5922798426964
34823.0,-2226.795839982513
34824.0,-2225.999400122333
34825.0,-1908.7069602621505
34826.0,-1591.4145204019696
34827.0,-1590.6180805417862
34828.0,-1273.3256406816072
34829.0,-1272.5292008214237
34830.0,-1271.732760961244
34831.0,-1270.9363211010605
34832.0,-1270.139881240877
34833.0,-952.8484413806964
34834.0,-952.0520015205129
34835.0,-951.2555616603331
34836.0,-950.4591218001497
34837.0,-633.1666819399707
34838.0,-315.8742420797862
34839.0,1.4171977803962363
34840.0,318.70963764057706
34841.0,636.0020775007615
34842.0,1269.7895173609395
34843.0,1587.0819572211221
34844.0,1587.878397081302
34845.0,1905.169836941488
34846.0,1905.9662768016678
34847.0,2223.2587166618505
34848.0,2224.055156522034
34849.0,2541.347596382213
34850.0,2858.6390362423954
34851.0,3175.931476102578
34852.0,3493.2239159627607
34853.0,4127.011355822939
34854.0,4127.807795683122
34855.0,4445.100235543301
34856.0,4762.392675403487
34857.0,4763.189115263671
34858.0,5080.48055512385
34859.0,5081.276994984033
34860.0,5082.073434844213
34861.0,4766.374874704397
34862.0,4450.675314564574
34863.0,4451.471754424758
34864.0,4135.772194284942
34865.0,4136.568634145122
34866.0,4137.365074005305
34867.0,4138.161513865485
34868.0,4138.957953725669
34869.0,3823.2593935858495
34870.0,3824.055833446033
34871.0,3508.3562733062136
34872.0,3192.656713166398
34873.0,3193.4531530265813
34874.0,3194.249592886761
34875.0,2878.5500327469417
34876.0,2562.8514726071226
34877.0,2247.151912467307
34878.0,1931.4523523274875
34879.0,1615.7537921876683
34880.0,1616.5502320478518
34881.0,1617.3466719080316
34882.0,1618.143111768215
34883.0,1618.9395516283948
34884.0,1619.7359914885783
34885.0,1620.532431348758
34886.0,1304.8328712089424
34887.0,989.133311069123
34888.0,673.4347509293075
34889.0,357.73519078948993
34890.0,42.03563064966875
34891.0,42.8320705098522
34892.0,-272.86648962996696
34893.0,-588.5660497697845
34894.0,-587.7696099096047
34895.0,-586.9731700494212
34896.0,-586.1767301892414
34897.0,-268.88429032905697
34898.0,-268.0878504688735
34899.0,49.203589391305286
34900.0,50.00002925148874
34901.0,50.79646911166856
34902.0,-264.90209102814697
34903.0,-264.10565116796715
34904.0,-263.3092113077837
34905.0,53.98222855239874
34906.0,54.778668412578554
34907.0,372.071108272763
34908.0,689.3635481329438
34909.0,690.1599879931273
34910.0,1007.4514278533061
34911.0,1324.7438677134887
34912.0,1325.5403075736685
34913.0,1642.8327474338512
34914.0,1960.1241872940373
34915.0,1960.920627154217
34916.0,1961.7170670144005
34917.0,1962.5135068745803
34918.0,1963.3099467347638
34919.0,1964.1063865949436
34920.0,1964.902826455127
34921.0,2282.1952663153097
34922.0,2282.9917061754895
34923.0,2600.284146035672
34924.0,2601.080585895852
34925.0,2918.3720257560344
34926.0,2919.1684656162142
34927.0,2919.9649054763977
34928.0,2604.2663453365785
34929.0,2605.062785196762
34930.0,2289.3632250569462
34931.0,2290.159664917126
34932.0,1974.4601047773103
34933.0,1658.7615446374875
34934.0,1343.0619844976718
34935.0,1027.3624243578524
34936.0,1028.158864218036
34937.0,1028.9553040782157
34938.0,713.2567439384002
34939.0,714.0531837985836
34940.0,398.35362365876244
34941.0,82.6540635189449
34942.0,83.45050337912471
34943.0,-232.24805676069082
34944.0,-547.947616900512
34945.0,-863.6471770403277
34946.0,-1179.345737180145
34947.0,-1178.5492973199653
34948.0,-1494.248857459781
34949.0,-1493.4524175996012
34950.0,-1809.1519777394187
34951.0,-1808.355537879239
34952.0,-1807.5590980190555
34953.0,-1806.7626581588756
34954.0,-1805.9662182986922
34955.0,-1805.1697784385087
34956.0,-1487.877338578328
34957.0,-1803.5768987181455
34958.0,-1802.7804588579656
34959.0,-2118.4800189977814
34960.0,-2434.1785791376024
34961.0,-2433.382139277419
34962.0,-2116.0906994172346
34963.0,-2115.294259557055
34964.0,-1798.0018196968722
34965.0,-1480.7093798366914
34966.0,-1479.912939976508
34967.0,-1162.620500116329
34968.0,-845.3290602561447
34969.0,-844.5326203959648
34970.0,-527.2401805357822
34971.0,-526.4437406755987
34972.0,-209.15130081541793
34973.0,-208.35486095523447
34974.0,-207.55842109505465
34975.0,109.73301876512778
34976.0,427.0254586253086
34977.0,744.3178984854931
34978.0,1378.105338345671
34979.0,2011.8927782058563
34980.0,2329.185218066039
34981.0,2646.477657926218
34982.0,2963.7690977864004
34983.0,3281.061537646583
34984.0,3281.8579775067665
34985.0,3282.6544173669463
34986.0,3283.4508572271297
34987.0,3600.7432970873124
34988.0,3601.539736947492
34989.0,3602.3361768076757
34990.0,3919.6286166678547
34991.0,3920.425056528038
34992.0,3921.221496388218
34993.0,4238.5129362484
34994.0,4239.30937610858
34995.0,4240.105815968764
34996.0,3924.407255828948
34997.0,3925.203695689128
34998.0,3609.504135549312
34999.0,3293.804575409493
35000.0,2978.1050152696735
35001.0,2662.4064551298543
35002.0,2663.2028949900377
35003.0,2347.503334850222
35004.0,2348.299774710402
35005.0,2032.600214570586
35006.0,2033.396654430766
35007.0,1717.6980942909468
35008.0,1401.9985341511274
35009.0,1086.2989740113117
35010.0,770.6004138714925
35011.0,454.90085373167494
35012.0,139.2012935918574
35013.0,-176.49726654796177
35014.0,-808.6928266877785
35015.0,-1124.3913868275995
35016.0,-1756.5869469674162
35017.0,-2072.2865071072356
35018.0,-2387.985067247053
35019.0,-2703.6846273868723
35020.0,-2702.888187526689
35021.0,-3018.5877476665064
35022.0,-3017.7913078063266
35023.0,-3333.489867946142
35024.0,-3332.6934280859623
35025.0,-3648.39298822578
35026.0,-3964.092548365599
35027.0,-3963.2961085054158
35028.0,-4278.994668645233
35029.0,-4594.6942287850525
35030.0,-4593.897788924869
35031.0,-4909.59734906469
35032.0,-4592.304909204506
35033.0,-4591.508469344326
35034.0,-4274.216029484143
35035.0,-3956.9245896239627
35036.0,-3639.63214976378
35037.0,-3638.8357099035966
35038.0,-3638.0392700434168
35039.0,-3637.2428301832333
35040.0,-3319.9503903230525
35041.0,-3319.153950462869
35042.0,-3318.357510602689
35043.0,-3001.066070742507
35044.0,-2683.773630882326
35045.0,-2366.4811910221433
35046.0,-2049.189751161959
35047.0,-1415.401311301779
35048.0,-1098.1088714415964
35049.0,-780.8174315814158
35050.0,-463.52499172123316
35051.0,-146.23255186105234
35052.0,171.0588879991301
35053.0,488.35132785931455
35054.0,489.14776771949437
35055.0,806.4402075796788
35056.0,807.2366474398586
35057.0,808.0330873000421
35058.0,1125.324527160221
35059.0,1442.6169670204035
35060.0,1443.4134068805834
35061.0,1760.705846740766
35062.0,2077.997286600952
35063.0,2078.793726461132
35064.0,2396.0861663213145
35065.0,2396.8826061814943
35066.0,2397.679046041678
35067.0,2398.4754859018576
35068.0,2082.775925762042
35069.0,2083.5723656222253
35070.0,1767.8738054824025
35071.0,1452.1742453425868
35072.0,1452.9706852027666
35073.0,1137.271125062951
35074.0,1138.0675649231307
35075.0,1455.3600047833133
35076.0,1456.1564446434932
35077.0,1456.9528845036766
35078.0,1457.74932436386
35079.0,1142.0497642240407
35080.0,826.3512040842252
35081.0,510.651643944404
35082.0,194.95208380458644
35083.0,-120.74647633523273
35084.0,-436.4460364750503
35085.0,-752.1455966148696
35086.0,-751.3491567546862
35087.0,-750.5527168945027
35088.0,-1066.2512770343237
35089.0,-1065.4548371741403
35090.0,-1064.6583973139604
35091.0,-1063.861957453777
35092.0,-1379.5615175935964
35093.0,-1695.261077733414
35094.0,-2010.9606378732296
35095.0,-2326.6591980130506
35096.0,-2642.3587581528664
35097.0,-2641.5623182926865
35098.0,-2957.261878432504
35099.0,-2956.4654385723243
35100.0,-3272.16399871214
35101.0,-3271.36755885196
35102.0,-3270.5711189917765
35103.0,-2953.279679131594
35104.0,-2952.4832392714143
35105.0,-2951.686799411231
35106.0,-2634.39435955105
35107.0,-2633.5979196908665
35108.0,-2632.8014798306867
35109.0,-2315.509039970504
35110.0,-2314.7126001103206
35111.0,-2313.916160250141
35112.0,-2313.1197203899574
35113.0,-2312.3232805297775
35114.0,-1995.0318406695933
35115.0,-1677.7394008094143
35116.0,-1676.9429609492308
35117.0,-1359.65052108905
35118.0,-1042.3580812288674
35119.0,-1041.561641368684
35120.0,-724.2702015085033
35121.0,-406.97776164832067
35122.0,-89.68532178813985
35123.0,-88.88888192795639
35124.0,-88.09244206777657
35125.0,-87.29600220759312
35126.0,-402.9955623474143
35127.0,-402.19912248723085
35128.0,-84.9066826270464
35129.0,-84.11024276686658
35130.0,233.18119709331586
35131.0,233.97763695349568
35132.0,234.77407681367913
35133.0,235.57051667385895
35134.0,236.3669565340424
35135.0,237.16339639422586
35136.0,237.95983625440567
35137.0,-77.73872388540985
35138.0,-76.94228402523004
35139.0,-392.6418441650476
35140.0,-708.341404304867
35141.0,-1024.0399644446843
35142.0,-1023.2435245845045
35143.0,-1022.447084724321
35144.0,-1338.1466448641368
35145.0,-1337.350205003957
35146.0,-1336.5537651437735
35147.0,-1652.2533252835947
35148.0,-1651.4568854234112
35149.0,-1967.1564455632306
35150.0,-2282.855005703048
35151.0,-2598.5545658428637
35152.0,-2914.254125982685
35153.0,-3229.9526861225004
35154.0,-3545.6522462623216
35155.0,-3544.855806402138
35156.0,-3860.5553665419575
35157.0,-4176.253926681775
35158.0,-4175.457486821595
35159.0,-4174.661046961412
35160.0,-4490.360607101227
35161.0,-4489.5641672410475
35162.0,-4488.767727380864
35163.0,-4804.467287520685
35164.0,-4803.670847660502
35165.0,-5119.369407800321
35166.0,-5118.5729679401375
35167.0,-5117.776528079958
35168.0,-5433.476088219775
35169.0,-5116.183648359591
35170.0,-5115.387208499411
35171.0,-4798.0957686392285
35172.0,-4797.299328779049
35173.0,-4480.006888918864
35174.0,-4162.714449058685
35175.0,-3845.423009198501
35176.0,-3528.1305693383183
35177.0,-3210.8381294781375
35178.0,-3210.041689617954
35179.0,-2892.7502497577752
35180.0,-2575.457809897591
35181.0,-2574.661370037411
35182.0,-2257.3689301772283
35183.0,-1623.5814903170485
35184.0,-1306.289050456864
35185.0,-988.9966105966814
35186.0,-671.7051707365008
35187.0,-354.41273087631816
35188.0,-37.120291016137344
35189.0,280.1711488440451
35190.0,597.4635887042259
35191.0,914.7560285644104
35192.0,915.5524684245938
35193.0,1232.8439082847726
35194.0,1233.640348144956
35195.0,1234.436788005136
35196.0,1551.7292278653185
35197.0,1552.5256677254984
35198.0,1869.818107585681
35199.0,1870.6145474458608
35200.0,1871.4109873060443
35201.0,1872.2074271662277
35202.0,1873.0038670264075
35203.0,1873.800306886591
35204.0,1874.5967467467708
35205.0,1558.897186606955
35206.0,1559.693626467135
35207.0,1243.9940663273192
35208.0,1244.790506187499
35209.0,929.0919460476835
35210.0,613.3923859078659
35211.0,614.1888257680457
35212.0,298.48926562822817
35213.0,-17.209294511590997
35214.0,-16.412854651407542
35215.0,-332.11241479122873
35216.0,-647.8119749310445
35217.0,-647.015535070861
35218.0,-962.714095210682
35219.0,-1278.4136553504977
35220.0,-1594.113215490319
35221.0,-1909.8127756301346
35222.0,-2225.5113357699556
35223.0,-2541.2108959097714
35224.0,-2856.9104560495925
35225.0,-3172.609016189408
35226.0,-3171.8125763292246
35227.0,-3487.512136469046
35228.0,-3486.7156966088623
35229.0,-3485.9192567486825
35230.0,-3801.6188168884983
35231.0,-3800.8223770283184
35232.0,-4116.520937168136
35233.0,-4115.724497307952
35234.0,-4114.9280574477725
35235.0,-4430.627617587588
35236.0,-4429.831177727408
35237.0,-4429.034737867225
35238.0,-4428.238298007045
35239.0,-4427.441858146862
35240.0,-4110.149418286683
35241.0,-4109.352978426499
35242.0,-3792.061538566315
35243.0,-3791.265098706135
35244.0,-3473.9726588459525
35245.0,-3473.1762189857727
35246.0,-3155.8837791255883
35247.0,-3155.0873392654084
35248.0,-2837.795899405226
35249.0,-2520.503459545045
35250.0,-2203.2110196848625
35251.0,-2202.414579824679
35252.0,-1885.1231399644985
35253.0,-1567.8307001043158
35254.0,-1250.538260244135
35255.0,-933.2458203839524
35256.0,-615.9543805237718
35257.0,-298.6619406635891
35258.0,18.630499196595338
35259.0,19.426939056775154
35260.0,336.7183789169576
35261.0,337.5148187771374
35262.0,654.8072586373219
35263.0,655.6036984975017
35264.0,972.8961383576861
35265.0,1290.187578217865
35266.0,1290.9840180780484
35267.0,1608.276457938231
35268.0,1925.56889779841
35269.0,1926.3653376585935
35270.0,2243.656777518776
35271.0,2244.4532173789594
35272.0,2245.249657239139
35273.0,2246.0460970993227
35274.0,2563.3385369595017
35275.0,2564.134976819685
35276.0,2564.9314166798686
35277.0,2565.7278565400484
35278.0,2883.020296400231
35279.0,2883.816736260411
35280.0,2884.6131761205943
35281.0,2885.409615980774
35282.0,2569.7100558409584
35283.0,2570.506495701142
35284.0,2254.8069355613225
35285.0,2255.603375421506
35286.0,1939.904815281683
35287.0,1624.2052551418674
35288.0,1308.505695002048
35289.0,992.8071348622325
35290.0,993.6035747224123
35291.0,677.9040145825948
35292.0,678.7004544427782
35293.0,363.000894302957
35294.0,363.7973341631405
35295.0,48.09877402332131
35296.0,48.895213883504766
35297.0,-266.8043462563164
35298.0,-266.00790639613297
35299.0,-581.7074665359487
35300.0,-897.4060266757697
35301.0,-896.6095868155862
35302.0,-1212.3091469554056
35303.0,-1211.5127070952221
35304.0,-1527.2122672350433
35305.0,-1209.9198273748589
35306.0,-1209.123387514679
35307.0,-1208.3269476544956
35308.0,-891.034507794313
35309.0,-890.2380679341331
35310.0,-889.4416280739497
35311.0,-888.6451882137699
35312.0,-887.8487483535864
35313.0,-887.0523084934066
35314.0,-886.2558686332231
35315.0,-568.9644287730425
35316.0,-568.1679889128591
35317.0,-567.3715490526756
35318.0,-250.07910919249662
35319.0,67.21333066768784
35320.0,68.00977052786766
35321.0,385.3012103880501
35322.0,386.0976502482299
35323.0,703.3900901084144
35324.0,704.1865299685978
35325.0,704.9829698287776
35326.0,705.7794096889611
35327.0,706.5758495491409
35328.0,707.3722894093244
35329.0,1024.6647292695052
35330.0,1025.4611691296886
35331.0,1026.2576089898685
35332.0,1027.054048850052
35333.0,1027.8504887102354
35334.0,1345.1419285704142
35335.0,1345.9383684305976
35336.0,1346.7348082907774
35337.0,1664.02724815096
35338.0,1664.82368801114
35339.0,1665.6201278713233
35340.0,1666.4165677315068
35341.0,1350.7170075916874
35342.0,1351.513447451871
35343.0,1035.8148873120517
35344.0,1036.6113271722352
35345.0,720.911767032414
35346.0,721.7082068925974
35347.0,722.5046467527773
35348.0,723.3010866129607
35349.0,724.0975264731442
35350.0,724.893966333324
35351.0,409.19440619350644
35352.0,409.99084605368625
35353.0,94.29228591387073
35354.0,-221.40727422595046
35355.0,-537.1068343657662
35356.0,-852.8053945055872
35357.0,-1168.504954645403
35358.0,-1484.2045147852205
35359.0,-1799.9040749250398
35360.0,-2115.602635064857
35361.0,-2114.8061952046774
35362.0,-2114.009755344494
35363.0,-2429.7093154843133
35364.0,-2428.91287562413
35365.0,-2744.6124357639474
35366.0,-2743.8159959037675
35367.0,-3059.514556043583
35368.0,-3375.2141161834043
35369.0,-3374.417676323221
35370.0,-3373.621236463041
35371.0,-3372.8247966028575
35372.0,-3372.0283567426777
35373.0,-3371.2319168824943
35374.0,-3370.435477022311
35375.0,-3053.14303716213
35376.0,-3052.3465973019465
35377.0,-2735.0551574417677
35378.0,-2101.266717581584
35379.0,-1783.9752777214035
35380.0,-1466.6828378612208
35381.0,-1465.8863980010374
35382.0,-1148.5939581408566
35383.0,-1147.797518280673
35384.0,-1147.0010784204933
35385.0,-829.7086385603106
35386.0,-828.9121987001308
35387.0,-511.6207588399466
35388.0,-510.82431897976676
35389.0,-193.53187911958412
35390.0,123.76056074060034
35391.0,441.05200060077914
35392.0,758.3444404609636
35393.0,1075.6368803211444
35394.0,1392.9283201813269
35395.0,1393.7247600415067
35396.0,1394.5211999016901
35397.0,1395.31763976187
35398.0,1396.1140796220534
35399.0,1396.9105194822369
35400.0,1397.7069593424167
35401.0,1398.5033992026001
35402.0,1715.7958390627791
35403.0,2033.0882789229618
35404.0,2033.8847187831416
35405.0,2351.1761586433277
35406.0,2351.972598503511
35407.0,2352.769038363691
35408.0,2353.5654782238744
35409.0,2354.361918084054
35410.0,2038.663357944235
35411.0,2039.4597978044148
35412.0,1723.7602376645991
35413.0,1724.556677524779
35414.0,1408.8571173849632
35415.0,1409.6535572451467
35416.0,1410.4499971053265
35417.0,1094.751436965511
35418.0,1095.5478768256908
35419.0,779.8483166858732
35420.0,780.644756546053
35421.0,464.9451964062355
35422.0,149.24663626641996
35423.0,-166.45292387340123
35424.0,-482.15248401321696
35425.0,-797.851044153038
35426.0,-1113.5506042928537
35427.0,-1745.746164432674
35428.0,-2377.9407245724906
35429.0,-2693.6402847123118
35430.0,-3009.3388448521273
35431.0,-3325.038404991945
35432.0,-3640.737965131764
35433.0,-3639.9415252715808
35434.0,-3639.145085411401
35435.0,-3954.8436455512183
35436.0,-3954.0472056910385
35437.0,-4269.746765830854
35438.0,-4268.950325970674
35439.0,-4584.649886110492
35440.0,-4900.3484462503075
35441.0,-5216.048006390129
35442.0,-5215.251566529945
35443.0,-5530.951126669765
35444.0,-5530.154686809581
35445.0,-5212.862246949402
35446.0,-5212.065807089219
35447.0,-4894.773367229034
35448.0,-4577.481927368855
35449.0,-4576.685487508672
35450.0,-4259.393047648491
35451.0,-4258.596607788308
35452.0,-4257.800167928128
35453.0,-4257.003728067944
35454.0,-4256.207288207765
35455.0,-4255.410848347581
35456.0,-4254.614408487398
35457.0,-3937.3219686272187
35458.0,-3620.0305287670344
35459.0,-3302.7380889068554
35460.0,-3301.941649046672
35461.0,-2984.649209186491
35462.0,-2667.3577693263087
35463.0,-2666.561329466129
35464.0,-2349.2688896059444
35465.0,-2348.472449745761
35466.0,-2031.180009885582
35467.0,-2030.3835700253985
35468.0,-2029.5871301652187
35469.0,-2028.7906903050352
35470.0,-2027.9942504448554
35471.0,-1710.7028105846712
35472.0,-1709.9063707244877
35473.0,-1709.109930864308
35474.0,-1391.8174910041253
35475.0,-1074.5250511439444
35476.0,-1073.728611283761
35477.0,-756.436171423582
35478.0,-439.1447315633977
35479.0,-438.3482917032179
35480.0,-437.55185184303446
35481.0,-436.755411982851
35482.0,-435.9589721226712
35483.0,-751.6575322624885
35484.0,-1067.357092402308
35485.0,-1383.0566525421254
35486.0,-1382.2602126819456
35487.0,-1381.4637728217622
35488.0,-1380.6673329615787
35489.0,-1379.870893101399
35490.0,-1379.0744532412155
35491.0,-1378.2780133810356
35492.0,-1693.9775735208514
35493.0,-2009.6761336606723
35494.0,-2325.375693800488
35495.0,-2641.0752539403093
35496.0,-2956.773814080125
35497.0,-3272.4733742199423
35498.0,-3588.1729343597617
35499.0,-3903.871494499579
35500.0,-3903.0750546393992
35501.0,-4218.774614779215
35502.0,-4217.978174919035
35503.0,-4217.181735058852
35504.0,-4216.385295198672
35505.0,-4215.588855338488
35506.0,-4214.792415478305
35507.0,-4213.995975618125
35508.0,-4213.199535757942
35509.0,-4212.403095897762
35510.0,-4211.606656037578
35511.0,-4210.810216177399
35512.0,-4210.013776317215
35513.0,-4209.217336457032
35514.0,-4208.420896596852
35515.0,-4207.624456736668
35516.0,-3890.3320168764894
35517.0,-3889.535577016306
35518.0,-3572.2441371561254
35519.0,-3254.9516972959427
35520.0,-3254.155257435763
35521.0,-2936.8628175755784
35522.0,-2936.066377715395
35523.0,-2935.269937855215
35524.0,-2934.4734979950317
35525.0,-2933.677058134852
35526.0,-2932.8806182746684
35527.0,-3248.5801784144896
35528.0,-3247.783738554306
35529.0,-2930.4912986941217
35530.0,-2929.694858833942
35531.0,-2612.4034189737595
35532.0,-2295.1109791135787
35533.0,-1977.818539253396
35534.0,-1977.0220993932162
35535.0,-1659.730659533032
35536.0,-1658.9342196728521
35537.0,-1658.1377798126687
35538.0,-1973.836339952486
35539.0,-1973.0399000923062
35540.0,-1972.2434602321227
35541.0,-1971.447020371943
35542.0,-1970.6505805117595
35543.0,-1969.8541406515797
35544.0,-1652.5627007913954
35545.0,-1335.2702609312164
35546.0,-1334.473821071033
35547.0,-1333.6773812108495
35548.0,-1332.8809413506697
35549.0,-1332.0845014904862
35550.0,-1647.7840616303056
35551.0,-1646.9876217701221
35552.0,-1962.6861819099431
35553.0,-1961.8897420497597
35554.0,-2277.5893021895754
35555.0,-2593.2888623293966
35556.0,-2592.492422469213
35557.0,-2908.1909826090323
35558.0,-2907.394542748849
35559.0,-3223.09410288867
35560.0,-3222.2976630284866
35561.0,-3537.997223168306
35562.0,-3853.6957833081233
35563.0,-4169.395343447939
35564.0,-4485.09490358776
35565.0,-4800.793463727576
35566.0,-5116.493023867397
35567.0,-5432.192584007213
35568.0,-5747.891144147034
35569.0,-6063.590704286849
35570.0,-6062.794264426666
35571.0,-6378.493824566485
35572.0,-6377.697384706302
35573.0,-6376.900944846122
35574.0,-6059.608504985939
35575.0,-6058.81206512576
35576.0,-5741.519625265577
35577.0,-5740.723185405397
35578.0,-5739.926745545214
35579.0,-5739.13030568503
35580.0,-5738.33386582485
35581.0,-5737.537425964667
35582.0,-5736.740986104487
35583.0,-5735.944546244304
35584.0,-5418.653106384123
35585.0,-5101.36066652394
35586.0,-4784.06822666376
35587.0,-4466.776786803577
35588.0,-4149.484346943393
35589.0,-3832.1919070832137
35590.0,-3514.9004672230294
35591.0,-3514.1040273628496
35592.0,-3196.811587502667
35593.0,-3196.015147642487
35594.0,-3195.2187077823037
35595.0,-3194.42226792212
35596.0,-3193.6258280619404
35597.0,-2876.333388201756
35598.0,-2875.536948341576
35599.0,-2558.2455084813937
35600.0,-2557.449068621214
35601.0,-2240.1566287610294
35602.0,-1922.8641889008504
35603.0,-1922.067749040667
35604.0,-1604.7763091804827
35605.0,-1287.4838693203037
35606.0,-1286.6874294601203
35607.0,-1285.8909895999404
35608.0,-1285.094549739757
35609.0,-1284.2981098795772
35610.0,-1283.5016700193937
35611.0,-1282.7052301592103
35612.0,-1281.9087902990304
35613.0,-1281.112350438847
35614.0,-963.8199105786662
35615.0,-963.0234707184827
35616.0,-962.2270308583029
35617.0,-644.9345909981203
35618.0,-644.1381511379404
35619.0,-959.8377112777562
35620.0,-959.0412714175727
35621.0,-1274.740831557394
35622.0,-1906.9353916972104
35623.0,-2222.63495183703
35624.0,-2538.3345119768474
35625.0,-2854.0330721166665
35626.0,-3169.732632256484
35627.0,-3485.4321923963034
35628.0,-3484.63575253612
35629.0,-3483.8393126759365
35630.0,-3799.5378728157575
35631.0,-4115.237432955573
35632.0,-4430.936993095394
35633.0,-4746.63555323521
35634.0,-5062.335113375031
35635.0,-5694.529673514848
35636.0,-6010.229233654663
35637.0,-6642.423793794484
35638.0,-6958.123353934299
35639.0,-7273.8229140741205
35640.0,-7273.026474213937
35641.0,-7272.230034353757
35642.0,-7587.929594493574
35643.0,-7587.133154633394
35644.0,-7269.8407147732105
35645.0,-7269.044274913027
35646.0,-7584.743835052847
35647.0,-7583.947395192664
35648.0,-7583.150955332484
35649.0,-7582.354515472301
35650.0,-7581.558075612121
35651.0,-7580.761635751937
35652.0,-7263.469195891757
35653.0,-7262.672756031574
35654.0,-7261.8763161713905
35655.0,-6944.58387631121
35656.0,-6627.291436451027
35657.0,-6626.494996590847
35658.0,-6309.203556730663
35659.0,-5991.911116870484
35660.0,-5674.618677010301
35661.0,-5673.822237150118
35662.0,-5673.025797289938
35663.0,-5672.229357429755
35664.0,-5671.432917569575
35665.0,-5670.636477709391
35666.0,-5669.8400378492115
35667.0,-5352.548597989027
35668.0,-5351.752158128847
35669.0,-5034.459718268665
35670.0,-4717.16727840848
35671.0,-4399.8758385483015
35672.0,-4082.583398688117
35673.0,-3765.290958827938
35674.0,-3447.999518967754
35675.0,-3447.203079107574
35676.0,-3446.4066392473906
35677.0,-3445.610199387207
35678.0,-3444.8137595270273
35679.0,-3444.017319666844
35680.0,-3443.220879806664
35681.0,-3442.4244399464806
35682.0,-3441.6280000863007
35683.0,-3124.335560226118
35684.0,-3123.5391203659383
35685.0,-3122.742680505755
35686.0,-2805.4502406455704
35687.0,-2804.6538007853906
35688.0,-2487.362360925208
35689.0,-2803.0609210650273
35690.0,-2802.264481204844
35691.0,-3117.964041344665
35692.0,-3117.1676014844816
35693.0,-3432.867161624301
35694.0,-3748.5657217641183
35695.0,-4064.265281903934
35696.0,-4063.468842043754
35697.0,-4379.168402183572
35698.0,-4378.371962323392
35699.0,-4377.5755224632085
35700.0,-4376.779082603029
35701.0,-4375.982642742845
35702.0,-4691.681202882661
35703.0,-5007.380763022482
35704.0,-5323.080323162298
35705.0,-5638.778883302119
35706.0,-5954.478443441934
35707.0,-5953.6820035817545
35708.0,-6269.38156372157
35709.0,-6268.5851238613905
35710.0,-6267.788684001207
35711.0,-6266.992244141024
35712.0,-5949.699804280845
35713.0,-5948.903364420661
35714.0,-5631.610924560482
35715.0,-5630.814484700299
35716.0,-5630.018044840119
35717.0,-5629.221604979935
35718.0,-5628.425165119752
35719.0,-5627.628725259572
35720.0,-5943.328285399388
35721.0,-5942.531845539208
35722.0,-5941.735405679025
35723.0,-5624.442965818846
35724.0,-5307.151525958661
35725.0,-5306.3550860984815
35726.0,-4989.062646238299
35727.0,-4671.770206378114
35728.0,-4354.478766517936
35729.0,-4037.186326657751
35730.0,-3719.893886797572
35731.0,-3719.0974469373887
35732.0,-3718.301007077209
35733.0,-3717.5045672170254
35734.0,-3716.7081273568456
35735.0,-3715.911687496662
35736.0,-3715.1152476364787
35737.0,-3714.318807776299
35738.0,-3397.0273679161146
35739.0,-3396.230928055935
35740.0,-3078.938488195752
35741.0,-2761.6460483355713
35742.0,-2444.354608475389
35743.0,-2127.0621686152044
35744.0,-2126.2657287550246
35745.0,-1808.973288894842
35746.0,-1808.1768490346622
35747.0,-2123.876409174478
35748.0,-2123.079969314298
35749.0,-2122.2835294541146
35750.0,-2437.983089593936
35751.0,-2437.1866497337523
35752.0,-2436.390209873569
35753.0,-2435.593770013389
35754.0,-2434.7973301532056
35755.0,-2117.504890293025
35756.0,-2433.2044504328423
35757.0,-2432.4080105726625
35758.0,-2748.106570712478
35759.0,-3063.8061308522956
35760.0,-3379.505690992115
35761.0,-3695.2042511319323
35762.0,-4010.9038112717517
35763.0,-4643.098371411568
35764.0,-4958.797931551389
35765.0,-5274.497491691205
35766.0,-5273.701051831025
35767.0,-5589.399611970843
35768.0,-5905.099172110658
35769.0,-5904.302732250479
35770.0,-5903.506292390295
35771.0,-6219.2058525301145
35772.0,-6218.409412669931
35773.0,-6217.612972809751
35774.0,-6533.311532949569
35775.0,-6532.515093089389
35776.0,-6848.2146532292045
35777.0,-6847.418213369021
35778.0,-7163.117773508842
35779.0,-7162.321333648659
35780.0,-7161.524893788479
35781.0,-7160.7284539282955
35782.0,-7159.932014068116
35783.0,-6842.639574207931
35784.0,-6525.347134347749
35785.0,-6208.055694487568
35786.0,-5890.763254627385
35787.0,-5889.9668147672055
35788.0,-5889.170374907022
35789.0,-5888.373935046842
35790.0,-5887.577495186659
35791.0,-5886.781055326479
35792.0,-5569.488615466296
35793.0,-5568.692175606113
35794.0,-5251.400735745932
35795.0,-4934.10829588575
35796.0,-4616.815856025569
35797.0,-4299.524416165386
35798.0,-3665.7359763052063
35799.0,-3664.939536445023
35800.0,-3347.6480965848386
35801.0,-3346.851656724659
35802.0,-3346.0552168644754
35803.0,-3345.2587770042956
35804.0,-3344.462337144112
35805.0,-3027.169897283933
35806.0,-2709.8774574237486
35807.0,-2392.58601756357
35808.0,-2075.2935777033854
35809.0,-1758.0011378432027
35810.0,-1124.213697983023
35811.0,-806.9212581228385
35812.0,-489.6288182626595
35813.0,-172.33737840247522
35814.0,144.95506145770378
35815.0,145.75150131788723
35816.0,463.04394117806805
35817.0,463.8403810382515
35818.0,464.63682089843496
35819.0,465.4332607586148
35820.0,466.22970061879823
35821.0,467.02614047897805
35822.0,784.3175803391605
35823.0,785.1140201993403
35824.0,1102.4064600595248
35825.0,1103.2028999197082
35826.0,1103.999339779888
35827.0,1104.7957796400715
35828.0,1105.5922195002513
35829.0,1106.3886593604348
35830.0,790.6890992206136
35831.0,474.99053908079804
35832.0,159.29097894097686
35833.0,-156.40858119883887
35834.0,-472.1071413386562
35835.0,-787.8067014784756
35836.0,-787.0102616182921
35837.0,-1102.7098217581133
35838.0,-1101.9133818979299
35839.0,-1101.11694203775
35840.0,-1100.3205021775666
35841.0,-1099.5240623173868
35842.0,-1415.2236224572025
35843.0,-1414.427182597019
35844.0,-1730.12574273684
35845.0,-2045.8253028766558
35846.0,-2045.028863016476
35847.0,-2360.7284231562935
35848.0,-2043.4359832961127
35849.0,-2042.6395434359292
35850.0,-2041.8431035757458
35851.0,-1724.5506637155668
35852.0,-1723.7542238553833
35853.0,-1406.4627839952027
35854.0,-1405.6663441350192
35855.0,-1088.3739042748402
35856.0,-1087.5774644146568
35857.0,-1086.781024554477
35858.0,-1085.9845846942935
35859.0,-1085.18814483411
35860.0,-1084.3917049739302
35861.0,-1083.5952651137468
35862.0,-1082.798825253567
35863.0,-1082.0023853933835
35864.0,-1081.2059455332037
35865.0,-763.9135056730192
35866.0,-763.1170658128358
35867.0,-445.8246259526568
35868.0,-128.53318609247253
35869.0,188.75925376770647
35870.0,506.0516936278909
35871.0,823.3431334880697
35872.0,1140.6355733482542
35873.0,1141.432013208434
35874.0,1142.2284530686175
35875.0,1143.024892928801
35876.0,1143.8213327889807
35877.0,1461.1137726491652
35878.0,1461.910212509345
35879.0,2095.6976523695266
35880.0,2412.9900922297056
35881.0,2730.2815320898917
35882.0,3364.06997195007
35883.0,3681.3614118102523
35884.0,3998.6538516704386
35885.0,4315.946291530618
35886.0,4316.742731390801
35887.0,4317.539171250981
35888.0,4318.335611111164
35889.0,4319.132050971344
35890.0,4003.4324908315284
35891.0,4320.724930691711
35892.0,4321.521370551891
35893.0,4322.317810412074
35894.0,4639.610250272253
35895.0,4640.406690132437
35896.0,4641.203129992617
35897.0,4641.9995698528
35898.0,4326.300009712981
35899.0,4010.600449573165
35900.0,3694.9008894333456
35901.0,3062.7063292935272
35902.0,2747.0067691537115
35903.0,2431.3082090138887
35904.0,2115.608648874073
35905.0,1799.9090887342536
35906.0,1800.705528594437
35907.0,1485.0069684546215
35908.0,1169.3074083148003
35909.0,1170.1038481749838
35910.0,1170.9002880351636
35911.0,855.2007278953461
35912.0,855.9971677555259
35913.0,540.2986076157104
35914.0,224.59904747588917
35915.0,-91.10051266392657
35916.0,-90.30407280374311
35917.0,-406.0026329435641
35918.0,-405.20619308338064
35919.0,-404.4097532232008
35920.0,-403.61331336301737
35921.0,-402.81687350283755
35922.0,-85.5254336426533
35923.0,-84.72899378247348
35924.0,232.56344607770916
35925.0,233.3598859378926
35926.0,550.6523257980734
35927.0,551.4487656582569
35928.0,552.2452055184367
35929.0,236.54564537861916
35930.0,237.34208523879897
35931.0,238.13852509898243
35932.0,238.93496495916588
35933.0,239.7314048193457
35934.0,240.52784467952915
35935.0,557.82028453971
35936.0,558.6167243998934
35937.0,875.9081642600722
35938.0,1193.2006041202567
35939.0,1193.9970439804365
35940.0,1511.289483840621
35941.0,1512.0859237008044
35942.0,1512.8823635609842
35943.0,1513.6788034211677
35944.0,1514.4752432813475
35945.0,1515.271683141531
35946.0,1516.0681230017108
35947.0,1833.3595628618932
35948.0,1834.1560027220767
35949.0,2151.4484425822557
35950.0,2468.7408824424383
35951.0,2469.537322302618
35952.0,2786.828762162804
35953.0,3104.121202022983
35954.0,3104.9176418831667
35955.0,3105.7140817433465
35956.0,2790.0145216035307
35957.0,2790.810961463714
35958.0,2791.607401323894
35959.0,2475.908841184075
35960.0,2476.7052810442547
35961.0,2161.005720904439
35962.0,2161.8021607646187
35963.0,1846.102600624803
35964.0,1846.8990404849828
35965.0,1847.6954803451663
35966.0,1848.4919202053497
35967.0,1849.2883600655296
35968.0,1533.589799925714
35969.0,1217.8902397858928
35970.0,902.1906796460753
35971.0,586.4921195062561
35972.0,-45.703440633560604
35973.0,-361.40200077337795
35974.0,-677.1015609131973
35975.0,-676.3051210530139
35976.0,-992.004681192835
35977.0,-991.2082413326516
35978.0,-1306.907801472471
35979.0,-1306.1113616122875
35980.0,-1305.3149217521077
35981.0,-1304.5184818919242
35982.0,-1303.7220420317408
35983.0,-1619.4206021715618
35984.0,-1618.6241623113783
35985.0,-1934.3237224511977
35986.0,-2250.0232825910152
35987.0,-2565.7218427308344
35988.0,-2564.925402870651
35989.0,-2247.6339630104685
35990.0,-2246.8375231502887
35991.0,-1929.5450832901042
35992.0,-1928.7486434299244
35993.0,-1611.4562035697418
35994.0,-1610.659763709562
35995.0,-1293.3683238493777
35996.0,-1292.5718839891979
35997.0,-1291.7754441290144
35998.0,-974.4830042688318
35999.0,-973.686564408652
36000.0,-1289.3861245484677
36001.0,-1288.589684688288
36002.0,-971.2972448281052
36003.0,-970.5008049679254
36004.0,-653.208365107741
36005.0,-335.915925247562
36006.0,-18.624485387377717
36007.0,298.6679544728049
36008.0,615.9603943329857
36009.0,933.2518341931682
36010.0,1250.544274053349
36011.0,1251.3407139135325
36012.0,1568.6331537737133
36013.0,1569.4295936338967
36014.0,1886.7210334940792
36015.0,1887.517473354259
36016.0,2204.8099132144416
36017.0,2522.1023530746206
36018.0,2839.3937929348067
36019.0,3156.6862327949857
36020.0,3473.9786726551683
36021.0,4107.76611251535
36022.0,4425.058552375533
36023.0,4742.350992235715
36024.0,4743.147432095895
36025.0,5060.4388719560775
36026.0,5061.235311816257
36027.0,4745.536751676442
36028.0,4746.333191536622
36029.0,4747.129631396805
36030.0,4747.926071256985
36031.0,4748.722511117168
36032.0,4749.518950977352
36033.0,4750.315390837532
36034.0,4751.111830697715
36035.0,4751.908270557895
36036.0,4436.208710418079
36037.0,4437.005150278259
36038.0,4121.305590138443
36039.0,3805.606029998624
36040.0,3489.9074698588047
36041.0,3174.207909718989
36042.0,2858.5083495791696
36043.0,2542.8097894393504
36044.0,2543.6062292995302
36045.0,2227.9066691597145
36046.0,2228.7031090198943
36047.0,2229.499548880078
36048.0,2230.2959887402612
36049.0,2231.092428600441
36050.0,1915.3928684606253
36051.0,1916.1893083208051
36052.0,1916.9857481809886
36053.0,1601.2871880411694
36054.0,1602.0836279013529
36055.0,1286.3840677615353
36056.0,970.6845076217141
36057.0,654.9859474818986
36058.0,655.7823873420784
36059.0,340.0828272022609
36060.0,340.8792670624407
36061.0,341.67570692262416
36062.0,342.472146782804
36063.0,343.26858664298743
36064.0,660.5610265031719
36065.0,661.3574663633517
36066.0,662.1539062235352
36067.0,346.454346083714
36068.0,347.2507859438974
36069.0,348.04722580407724
36070.0,32.34766566426151
36071.0,33.14410552444133
36072.0,33.940545384624784
36073.0,34.73698524480824
36074.0,352.02942510498724
36075.0,352.8258649651707
36076.0,670.1183048253515
36077.0,987.409744685534
36078.0,988.2061845457138
36079.0,1305.4986244058982
36080.0,1622.7910642660827
36081.0,1623.5875041262625
36082.0,1624.383943986446
36083.0,1625.1803838466258
36084.0,1625.9768237068092
36085.0,1943.268263566988
36086.0,1944.0647034271715
36087.0,2261.3571432873505
36088.0,2578.649583147533
36089.0,2895.941023007719
36090.0,2896.737462867899
36091.0,3214.0299027280817
36092.0,3214.8263425882615
36093.0,3215.622782448445
36094.0,3216.4192223086247
36095.0,3217.215662168808
36096.0,2901.5161020289925
36097.0,2902.3125418891723
36098.0,2586.613981749353
36099.0,2587.410421609533
36100.0,2271.710861469717
36101.0,2272.507301329897
36102.0,2273.3037411900805
36103.0,2274.1001810502603
36104.0,2274.8966209104437
36105.0,1959.197060770628
36106.0,1959.9935006308078
36107.0,1644.2949404909923
36108.0,1328.5953803511711
36109.0,1012.8958202113536
36110.0,697.1972600715344
36111.0,381.49769993171685
36112.0,65.79813979189748
36113.0,66.59457965208094
36114.0,-249.1039804877364
36115.0,-248.3075406275566
36116.0,-247.51110076737314
36117.0,-246.71466090719332
36118.0,-245.91822104700987
36119.0,-245.12178118683005
36120.0,-244.3253413266466
36121.0,-560.0249014664623
36122.0,-559.2284616062825
36123.0,-558.432021746099
36124.0,-874.1315818859202
36125.0,-873.3351420257368
36126.0,-1189.0347021655562
36127.0,-1188.2382623053727
36128.0,-1187.4418224451929
36129.0,-1186.6453825850094
36130.0,-1185.848942724826
36131.0,-1185.0525028646462
36132.0,-1184.2560630044627
36133.0,-1183.459623144283
36134.0,-1182.6631832840994
36135.0,-1498.3617434239204
36136.0,-1497.565303563737
36137.0,-1496.7688637035535
36138.0,-1812.4684238433729
36139.0,-1811.6719839831894
36140.0,-1810.8755441230096
36141.0,-1810.0791042628261
36142.0,-1809.2826644026463
36143.0,-1808.4862245424629
36144.0,-1491.1937846822839
36145.0,-1173.9023448220996
36146.0,-856.609904961917
36147.0,-539.3174651017362
36148.0,-538.5210252415527
36149.0,-221.2285853813737
36150.0,-220.43214552119025
36151.0,96.85929433899037
36152.0,97.65573419917382
36153.0,98.45217405935364
36154.0,99.24861391953709
36155.0,100.04505377972055
36156.0,417.33749363989955
36157.0,418.133933500083
36158.0,735.4263733602638
36159.0,1052.7178132204463
36160.0,1053.514253080626
36161.0,1370.8066929408105
36162.0,1688.099132800995
36163.0,1688.8955726611748
36164.0,1689.6920125213583
36165.0,1690.488452381538
36166.0,1374.7888922417205
36167.0,1059.0893321018993
36168.0,1059.8857719620828
36169.0,744.1872118222636
36170.0,428.4876516824461
36171.0,429.28409154262954
36172.0,430.08053140280936
36173.0,114.38097126299363
36174.0,115.17741112317344
36175.0,-200.5211490166439
36176.0,-199.7247091564641
36177.0,-515.4242692962798
36178.0,-831.1238294360974
36179.0,-1146.8233895759167
36180.0,-1462.521949715734
36181.0,-1778.2215098555534
36182.0,-2093.921069995371
36183.0,-2409.61963013519
36184.0,-2408.8231902750067
36185.0,-2408.026750414827
36186.0,-2407.2303105546434
36187.0,-2406.43387069446
36188.0,-2405.63743083428
36189.0,-2404.8409909740967
36190.0,-2720.540551113918
36191.0,-2719.7441112537344
36192.0,-3035.443671393554
36193.0,-3351.142231533371
36194.0,-3350.3457916731913
36195.0,-3666.045351813007
36196.0,-3665.2489119528236
36197.0,-3664.452472092644
36198.0,-3663.6560322324603
36199.0,-3662.8595923722805
36200.0,-3662.063152512097
36201.0,-3344.770712651918
36202.0,-3343.9742727917346
36203.0,-3343.177832931551
36204.0,-3342.3813930713713
36205.0,-3341.584953211188
36206.0,-3340.788513351008
36207.0,-3339.9920734908246
36208.0,-3339.195633630645
36209.0,-3338.3991937704614
36210.0,-3337.6027539102815
36211.0,-3336.806314050098
36212.0,-3336.0098741899146
36213.0,-3018.718434329734
36214.0,-3017.9219944695506
36215.0,-2700.6295546093716
36216.0,-2383.337114749187
36217.0,-2382.5406748890073
36218.0,-2065.249235028825
36219.0,-1747.9567951686404
36220.0,-1430.6643553084614
36221.0,-1429.867915448278
36222.0,-1429.071475588098
36223.0,-1111.7800357279139
36224.0,-1110.983595867734
36225.0,-793.6911560075514
36226.0,-792.8947161473716
36227.0,-475.6022762871871
36228.0,-158.30983642700448
36229.0,-157.51339656682467
36230.0,159.7780432933596
36231.0,160.5744831535394
36232.0,161.37092301372286
36233.0,162.16736287390268
36234.0,162.96380273408613
36235.0,-152.73475740573485
36236.0,-151.9383175455514
36237.0,-467.63787768536713
36238.0,-466.8414378251873
36239.0,-466.04499796500386
36240.0,-781.744558104825
36241.0,-780.9481182446416
36242.0,-780.1516783844618
36243.0,-1095.8512385242775
36244.0,-1095.054798664094
36245.0,-1094.2583588039142
36246.0,-1409.9569189437316
36247.0,-1409.1604790835518
36248.0,-1724.8600392233675
36249.0,-1724.0635993631877
36250.0,-2039.7631595030052
36251.0,-2355.4617196428244
36252.0,-2671.161279782642
36253.0,-2986.8608399224577
36254.0,-3302.5594000622787
36255.0,-3618.2589602020944
36256.0,-3617.4625203419146
36257.0,-3616.666080481731
36258.0,-3932.3656406215523
36259.0,-3931.569200761369
36260.0,-3930.772760901189
36261.0,-3929.9763210410056
36262.0,-3929.179881180822
36263.0,-4244.878441320641
36264.0,-4244.082001460458
36265.0,-4559.781561600279
36266.0,-4558.985121740096
36267.0,-4874.684681879915
36268.0,-4873.8882420197315
36269.0,-4873.091802159548
36270.0,-4872.295362299368
36271.0,-4871.498922439185
36272.0,-4870.702482579005
36273.0,-4869.9060427188215
36274.0,-4869.109602858642
36275.0,-4868.313162998458
36276.0,-4867.516723138278
36277.0,-4866.720283278095
36278.0,-4865.9238434179115
36279.0,-4865.127403557732
36280.0,-4547.834963697549
36281.0,-4547.038523837369
36282.0,-4229.746083977185
36283.0,-4228.949644117005
36284.0,-3911.6582042568225
36285.0,-3910.861764396639
36286.0,-3593.569324536458
36287.0,-3592.7728846762748
36288.0,-3275.4804448160958
36289.0,-3274.6840049559123
36290.0,-2957.3925650957317
36291.0,-2956.5961252355482
36292.0,-2639.3036853753692
36293.0,-2638.507245515186
36294.0,-2321.2148056550013
36295.0,-2320.4183657948215
36296.0,-2319.621925934638
36297.0,-2318.8254860744582
36298.0,-2001.5340462142758
36299.0,-2000.737606354096
36300.0,-1683.4451664939115
36301.0,-1682.6487266337317
36302.0,-1365.356286773549
36303.0,-1364.5598469133656
36304.0,-1363.7634070531858
36305.0,-1362.9669671930023
36306.0,-1362.1705273328225
36307.0,-1361.374087472639
36308.0,-1360.5776476124593
36309.0,-1676.277207752275
36310.0,-1991.9767678920925
36311.0,-1991.1803280319127
36312.0,-1990.3838881717293
36313.0,-1989.5874483115495
36314.0,-1988.791008451366
36315.0,-1987.9945685911862
36316.0,-1987.1981287310027
36317.0,-2302.896688870822
36318.0,-2302.1002490106384
36319.0,-2617.799809150456
36320.0,-2617.003369290276
36321.0,-2616.2069294300927
36322.0,-2931.906489569912
36323.0,-2931.1100497097286
36324.0,-2930.313609849549
36325.0,-3246.012169989366
36326.0,-3245.2157301291827
36327.0,-3244.419290269003
36328.0,-3243.6228504088194
36329.0,-3242.8264105486396
36330.0,-3242.029970688456
36331.0,-3241.2335308282763
36332.0,-3556.933090968092
36333.0,-3556.1366511079123
36334.0,-3555.340211247729
36335.0,-3871.0397713875464
36336.0,-3870.2433315273665
36337.0,-3869.446891667183
36338.0,-3552.1544518070023
36339.0,-3551.358011946819
36340.0,-3550.561572086639
36341.0,-3549.7651322264555
36342.0,-3548.9686923662757
36343.0,-3231.676252506093
36344.0,-2914.384812645909
36345.0,-2913.588372785729
36346.0,-2596.2959329255464
36347.0,-2595.4994930653666
36348.0,-2594.703053205183
36349.0,-2277.4106133450023
36350.0,-2276.614173484819
36351.0,-1959.3227336246364
36352.0,-1642.0302937644556
36353.0,-1641.233853904272
36354.0,-1323.941414044093
36355.0,-1006.6499741839089
36356.0,-1005.853534323729
36357.0,-688.5610944635464
36358.0,-371.2686546033656
36359.0,-53.976214743182936
36360.0,-53.17977488299948
36361.0,-52.383335022819665
36362.0,264.9081048373646
36363.0,265.7045446975444
36364.0,266.50098455772786
36365.0,267.2974244179077
36366.0,268.09386427809113
36367.0,268.8903041382746
36368.0,269.6867439984544
36369.0,270.48318385863786
36370.0,271.2796237188177
36371.0,272.07606357900113
36372.0,272.87250343918095
36373.0,273.6689432993644
36374.0,-42.02961684045658
36375.0,-41.23317698027313
36376.0,-356.93273712008886
36377.0,-356.13629725990904
36378.0,-671.8358573997266
36379.0,-671.0394175395468
36380.0,-986.7389776793625
36381.0,-1302.4375378191835
36382.0,-1301.641097959
36383.0,-1617.3406580988194
36384.0,-1616.544218238636
36385.0,-1932.2437783784535
36386.0,-1931.4473385182737
36387.0,-1930.6508986580902
36388.0,-2246.3494587979094
36389.0,-2245.553018937726
36390.0,-2561.252579077547
36391.0,-2560.4561392173637
36392.0,-2876.1556993571794
36393.0,-2875.3592594969996
36394.0,-3191.057819636817
36395.0,-3190.261379776637
36396.0,-3505.960939916453
36397.0,-3505.164500056273
36398.0,-3504.3680601960896
36399.0,-3503.5716203359098
36400.0,-3502.7751804757263
36401.0,-3501.978740615543
36402.0,-3817.678300755364
36403.0,-3816.8818608951806
36404.0,-3816.0854210350008
36405.0,-3815.2889811748173
36406.0,-4130.9875413146365
36407.0,-4130.191101454453
36408.0,-4129.39466159427
36409.0,-4128.59822173409
36410.0,-4127.801781873906
36411.0,-4127.0053420137265
36412.0,-4126.208902153543
36413.0,-3808.917462293364
36414.0,-3491.6250224331798
36415.0,-3490.828582573
36416.0,-3173.5361427128173
36417.0,-3172.739702852634
36418.0,-2855.4482629924532
36419.0,-2854.65182313227
36420.0,-2537.359383272091
36421.0,-2536.5629434119073
36422.0,-2219.2705035517265
36423.0,-2218.474063691543
36424.0,-1901.1826238313643
36425.0,-1583.8901839711798
36426.0,-1266.5977441109972
36427.0,-949.3063042508165
36428.0,-632.0138643906339
36429.0,-314.7214245304531
36430.0,2.571015329729562
36431.0,3.3674551899093785
36432.0,4.163895050092833
36433.0,321.4553349102771
36434.0,322.2517747704569
36435.0,323.04821463064036
36436.0,640.3406544908194
36437.0,641.1370943510028
36438.0,641.9335342111826
36439.0,959.2259740713671
36440.0,960.0224139315469
36441.0,960.8188537917304
36442.0,961.6152936519138
36443.0,962.4117335120936
36444.0,963.2081733722771
36445.0,964.0046132324569
36446.0,964.8010530926404
36447.0,965.5974929528202
36448.0,649.8979328130026
36449.0,650.6943726731824
36450.0,651.4908125333659
36451.0,652.2872523935494
36452.0,336.58769225373
36453.0,337.38413211391344
36454.0,338.18057197409325
36455.0,338.9770118342767
36456.0,339.7734516944565
36457.0,340.56989155464
36458.0,24.871331414822635
36459.0,25.66777127500245
36460.0,26.464211135185906
36461.0,27.260650995365722
36462.0,-288.43890914445
36463.0,-287.6424692842702
36464.0,-603.3420294240877
36465.0,-602.5455895639079
36466.0,-601.7491497037245
36467.0,-600.952709843541
36468.0,-600.1562699833612
36469.0,-282.86383012317674
36470.0,-282.0673902629969
36471.0,-281.27095040281347
36472.0,-280.47451054263365
36473.0,-596.1740706824512
36474.0,-595.3776308222677
36475.0,-594.5811909620879
36476.0,-593.7847511019045
36477.0,-909.4843112417238
36478.0,-908.6878713815404
36479.0,-591.3954315213614
36480.0,-590.5989916611779
36481.0,-273.3065518009971
36482.0,-272.51011194081366
36483.0,44.78232791936898
36484.0,45.5787677795488
36485.0,362.87020763973305
36486.0,363.66664749991287
36487.0,680.9590873600955
36488.0,681.7555272202753
36489.0,999.0479670804598
36490.0,999.8444069406396
36491.0,1317.135846800822
36492.0,1317.9322866610055
36493.0,1635.2247265211863
36494.0,1952.5171663813708
36495.0,1953.3136062415506
36496.0,2270.605046101733
36497.0,2587.897485961912
36498.0,2905.1899258220947
36499.0,3222.4813656822807
36500.0,3539.7738055424597
36501.0,3540.570245402643
36502.0,3857.862685262822
36503.0,3858.6591251230057
36504.0,3859.4555649831855
36505.0,3860.252004843369
36506.0,3861.0484447035487
36507.0,3861.844884563732
36508.0,3862.6413244239156
36509.0,3863.4377642840955
36510.0,3864.234204144279
36511.0,3865.0306440044587
36512.0,3865.827083864642
36513.0,3866.623523724822
36514.0,3867.4199635850055
36515.0,3551.7204034451897
36516.0,3552.5168433053695
36517.0,3236.817283165554
36518.0,2921.118723025731
36519.0,2921.9151628859145
36520.0,2606.215602746095
36521.0,2290.5160426062794
36522.0,2291.312482466459
36523.0,2292.1089223266426
36524.0,2292.905362186826
36525.0,2293.701802047006
36526.0,2294.4982419071894
36527.0,1978.7996817673702
36528.0,1979.5961216275537
36529.0,1980.3925614877335
36530.0,1664.693001347916
36531.0,1348.9934412080947
36532.0,1349.7898810682782
36533.0,1034.0913209284627
36534.0,1034.8877607886425
36535.0,719.1882006488249
36536.0,719.9846405090047
36537.0,1037.2770803691892
36538.0,1038.073520229369
36539.0,1355.3649600895515
36540.0,1356.161399949735
36541.0,1356.9578398099147
36542.0,1674.2502796700992
36543.0,1675.046719530279
36544.0,1675.8431593904625
36545.0,1676.6395992506423
36546.0,1360.9400391108247
36547.0,1361.7364789710045
36548.0,1362.532918831188
36549.0,1363.3293586913715
36550.0,1364.1257985515513
36551.0,1364.9222384117347
36552.0,1682.2146782719155
36553.0,1999.5071181321
36554.0,2000.3035579922798
36555.0,2317.5949978524623
36556.0,2318.3914377126457
36557.0,2635.6838775728247
36558.0,2636.480317433008
36559.0,2637.276757293188
36560.0,2954.5691971533706
36561.0,2955.3656370135504
36562.0,2956.162076873734
36563.0,3273.4535167339163
36564.0,3590.745956594099
36565.0,3591.5423964542824
36566.0,3908.8348363144614
36567.0,3909.631276174645
36568.0,4226.922716034824
36569.0,4227.719155895007
36570.0,4228.515595755187
36571.0,4545.808035615373
36572.0,4546.604475475553
36573.0,4547.4009153357365
36574.0,4548.19735519592
36575.0,4232.497795056097
36576.0,4233.29423491628
36577.0,4234.09067477646
36578.0,4234.887114636644
36579.0,4235.6835544968235
36580.0,4236.479994357007
36581.0,4237.27643421719
36582.0,3921.5778740773712
36583.0,3922.3743139375547
36584.0,3923.1707537977345
36585.0,3607.471193657919
36586.0,3608.2676335180986
36587.0,3292.568073378283
36588.0,2976.86951323846
36589.0,2661.1699530986443
36590.0,2028.9753929588296
36591.0,1713.2758328190084
36592.0,1714.0722726791919
36593.0,1398.3727125393707
36594.0,1399.1691523995542
36595.0,1399.965592259734
36596.0,1400.7620321199174
36597.0,1401.5584719801009
36598.0,1402.3549118402807
36599.0,1086.6563517004652
36600.0,1087.452791560645
36601.0,771.7532314208274
36602.0,456.05367128100806
36603.0,140.35511114119072
36604.0,-175.34444899862865
36605.0,-174.5480091384452
36606.0,-490.24756927826274
36607.0,-489.4511294180829
36608.0,-488.6546895578995
36609.0,-487.85824969771966
36610.0,-487.0618098375362
36611.0,-486.2653699773564
36612.0,-485.46893011717293
36613.0,-484.6724902569931
36614.0,-483.87605039680966
36615.0,-483.0796105366262
36616.0,-482.2831706764464
36617.0,-481.48673081626293
36618.0,-480.6902909560831
36619.0,-163.39785109589866
36620.0,-162.60141123571884
36621.0,154.6910286244638
36622.0,471.98246848464805
36623.0,472.77890834482787
36624.0,790.0713482050105
36625.0,1107.3637880651913
36626.0,1108.1602279253748
36627.0,1108.9566677855546
36628.0,1426.248107645737
36629.0,1427.0445475059169
36630.0,1427.8409873661003
36631.0,1428.6374272262838
36632.0,1429.4338670864636
36633.0,1746.726306946648
36634.0,2064.018746806829
36635.0,2381.3101866670113
36636.0,2698.6026265271903
36637.0,3015.895066387373
36638.0,3016.6915062475528
36639.0,3333.982946107739
36640.0,3334.7793859679223
36641.0,3652.0718258281013
36642.0,3652.8682656882847
36643.0,3653.6647055484646
36644.0,3337.965145408649
36645.0,3338.7615852688286
36646.0,3339.558025129012
36647.0,3340.3544649891955
36648.0,3341.1509048493754
36649.0,3341.947344709559
36650.0,3342.7437845697386
36651.0,3343.540224429922
36652.0,3027.8416642900993
36653.0,3028.6381041502827
36654.0,2712.9385440104634
36655.0,2713.734983870647
36656.0,2398.035423730831
36657.0,2082.336863591012
36658.0,2083.1333034511954
36659.0,1767.4337433113742
36660.0,1768.2301831715577
36661.0,1452.5306230317365
36662.0,1453.32706289192
36663.0,1137.6285027521044
36664.0,1138.4249426122842
36665.0,822.7253824724667
36666.0,823.5218223326465
36667.0,507.82226219283075
36668.0,508.61870205301057
36669.0,192.92014191319322
36670.0,193.71658177337304
36671.0,-121.9829783664427
36672.0,-121.18653850625924
36673.0,-436.8860986460804
36674.0,-436.089658785897
36675.0,-751.7892189257163
36676.0,-750.9927790655329
36677.0,-750.1963392053531
36678.0,-749.3998993451696
36679.0,-1065.0984594849906
36680.0,-1064.3020196248071
36681.0,-1063.5055797646237
36682.0,-1062.7091399044439
36683.0,-1061.9127000442604
36684.0,-1061.1162601840806
36685.0,-1060.3198203238971
36686.0,-1376.0193804637165
36687.0,-1375.222940603533
36688.0,-1374.4265007433496
36689.0,-1373.6300608831698
36690.0,-1372.8336210229863
36691.0,-1055.5411811628073
36692.0,-738.2497413026231
36693.0,-737.4533014424433
36694.0,-420.1608615822606
36695.0,-419.3644217220808
36696.0,-102.07198186189635
36697.0,-101.27554200171289
36698.0,-100.47910214153308
36699.0,216.81333771864956
36700.0,217.60977757882938
36701.0,218.40621743901283
36702.0,219.20265729919265
36703.0,219.9990971593761
36704.0,537.2905370195604
36705.0,538.0869768797402
36706.0,538.8834167399236
36707.0,856.1758566001026
36708.0,856.9722964602861
36709.0,857.7687363204659
36710.0,858.5651761806494
36711.0,542.86561604083
36712.0,543.6620559010134
36713.0,544.4584957611969
36714.0,861.7509356213759
36715.0,862.5473754815594
36716.0,863.3438153417392
36717.0,864.1402552019226
36718.0,548.4406950621033
36719.0,549.2371349222867
36720.0,550.0335747824665
36721.0,234.33501464264918
36722.0,235.13145450283264
36723.0,235.92789436301246
36724.0,-79.77166577680327
36725.0,-78.97522591662346
36726.0,-394.674786056441
36727.0,-393.8783461962612
36728.0,-709.5779063360769
36729.0,-708.7814664758935
36730.0,-1024.4800266157145
36731.0,-1023.683586755531
36732.0,-1339.3831468953504
36733.0,-1338.586707035167
36734.0,-1654.286267174988
36735.0,-1653.4898273148046
36736.0,-1652.6933874546248
36737.0,-1651.8969475944414
36738.0,-1967.595507734257
36739.0,-1966.799067874077
36740.0,-1966.0026280138936
36741.0,-1965.2061881537138
36742.0,-2280.9057482935314
36743.0,-2280.1093084333515
36744.0,-2279.312868573168
36745.0,-2595.012428712984
36746.0,-2594.215988852804
36747.0,-2593.4195489926205
36748.0,-2592.6231091324407
36749.0,-2591.8266692722573
36750.0,-2591.0302294120775
36751.0,-2590.233789551894
36752.0,-2589.437349691714
36753.0,-2588.6409098315307
36754.0,-2587.8444699713473
36755.0,-2587.0480301111675
36756.0,-2269.755590250985
36757.0,-2268.959150390805
36758.0,-1951.6667105306205
36759.0,-1950.8702706704407
36760.0,-1950.0738308102573
36761.0,-1632.7823909500785
36762.0,-1631.985951089895
36763.0,-1314.6935112297106
36764.0,-1313.8970713695307
36765.0,-996.6046315093481
36766.0,-995.8081916491683
36767.0,-678.516751788984
36768.0,-361.22431192880504
36769.0,-43.93187206862058
36770.0,273.36056779156206
36771.0,590.6520076517427
36772.0,907.9444475119253
36773.0,908.7408873721051
36774.0,1226.0333272322896
36775.0,1226.8297670924694
36776.0,1227.6262069526529
36777.0,1544.9176468128317
36778.0,1545.7140866730151
36779.0,1863.0065265331996
36780.0,1863.8029663933794
36781.0,1864.5994062535628
36782.0,1865.3958461137427
36783.0,1866.1922859739261
36784.0,1866.988725834106
36785.0,1551.2891656942884
36786.0,1552.0856055544718
36787.0,1552.8820454146517
36788.0,1237.1834852748361
36789.0,1237.979925135016
36790.0,1238.7763649951994
36791.0,923.0768048553782
36792.0,923.8732447155617
36793.0,608.1736845757423
36794.0,608.9701244359258
36795.0,293.2715642961084
36796.0,294.0680041562882
36797.0,-21.631555983527505
36798.0,-20.83511612334769
36799.0,-336.53467626316524
36800.0,-652.2342364029846
36801.0,-651.4377965428012
36802.0,-967.1363566826221
36803.0,-966.3399168224387
36804.0,-965.5434769622552
36805.0,-1281.2430371020746
36806.0,-1596.9425972418921
36807.0,-1596.1461573817123
36808.0,-1911.8447175215279
36809.0,-2227.544277661349
36810.0,-2226.7478378011656
36811.0,-2225.951397940982
36812.0,-2225.1549580808023
36813.0,-2224.358518220619
36814.0,-2223.562078360439
36815.0,-2222.7656385002556
36816.0,-2221.969198640076
36817.0,-2221.1727587798923
36818.0,-2220.3763189197125
36819.0,-2219.579879059529
36820.0,-2535.279439199345
36821.0,-2534.482999339165
36822.0,-2533.6865594789815
36823.0,-2532.8901196188017
36824.0,-2215.597679758619
36825.0,-2214.8012398984392
36826.0,-2214.004800038256
36827.0,-2213.208360178076
36828.0,-1895.9159203178915
36829.0,-1895.119480457708
36830.0,-1577.8280405975293
36831.0,-1577.0316007373458
36832.0,-1259.739160877165
36833.0,-1258.9427210169815
36834.0,-941.6502811568025
36835.0,-940.8538412966191
36836.0,-623.5624014364348
36837.0,-306.2699615762558
36838.0,-305.47352171607236
36839.0,11.818918144108466
36840.0,12.61535800429192
36841.0,329.9077978644709
36842.0,330.7042377246544
36843.0,331.5006775848342
36844.0,648.7921174450184
36845.0,649.5885573052019
36846.0,966.8809971653809
36847.0,967.6774370255644
36848.0,1284.9698768857452
36849.0,1285.7663167459286
36850.0,1286.5627566061085
36851.0,1287.359196466292
36852.0,1288.1556363264754
36853.0,1288.9520761866552
36854.0,1289.7485160468386
36855.0,974.0489559070174
36856.0,974.8453957672009
36857.0,975.6418356273807
36858.0,659.942275487565
36859.0,660.7387153477448
36860.0,661.5351552079283
36861.0,345.8365950681109
36862.0,30.13703492829154
36863.0,30.933474788474996
36864.0,-284.7660853513462
36865.0,-283.96964549116274
36866.0,-599.6692056309821
36867.0,-598.8727657707987
36868.0,-914.5713259106196
36869.0,-913.7748860504362
36870.0,-912.9784461902527
36871.0,-1228.678006330072
36872.0,-1227.8815664698886
36873.0,-1227.0851266097088
36874.0,-1226.2886867495254
36875.0,-1225.4922468893456
36876.0,-1541.191807029163
36877.0,-1540.3953671689796
36878.0,-1539.5989273087998
36879.0,-1538.8024874486164
36880.0,-1854.5010475884355
36881.0,-1853.704607728252
36882.0,-1852.9081678680723
36883.0,-1852.1117280078888
36884.0,-2167.81128814771
36885.0,-2167.0148482875265
36886.0,-2166.218408427343
36887.0,-1848.9259685671623
36888.0,-1848.1295287069788
36889.0,-1847.333088846799
36890.0,-1530.0416489866166
36891.0,-1529.2452091264367
36892.0,-1528.4487692662533
36893.0,-1527.6523294060698
36894.0,-1526.85588954589
36895.0,-1526.0594496857066
36896.0,-1525.2630098255268
36897.0,-1207.9705699653423
36898.0,-1207.1741301051625
36899.0,-889.8816902449798
36900.0,-889.0852503848
36901.0,-571.7938105246158
36902.0,-570.9973706644323
36903.0,-253.7049308042533
36904.0,-252.90849094406985
36905.0,64.38394891611097
36906.0,65.18038877629442
36907.0,65.97682863647424
36908.0,383.2692684966569
36909.0,384.0657083568367
36910.0,384.86214821702015
36911.0,702.1535880772044
36912.0,1019.4460279373834
36913.0,1020.2424677975669
36914.0,1337.5349076577477
36915.0,1654.8263475179301
36916.0,1655.62278737811
36917.0,1972.9152272382944
36918.0,1973.7116670984778
36919.0,1974.5081069586577
36920.0,1975.3045468188411
36921.0,1976.100986679021
36922.0,1976.8974265392044
36923.0,1977.6938663993842
36924.0,1978.4903062595677
36925.0,1979.2867461197475
36926.0,1980.083185979931
36927.0,1980.8796258401144
36928.0,1981.6760657002942
36929.0,1982.4725055604777
36930.0,1983.2689454206575
36931.0,1667.56938528084
36932.0,1668.3658251410197
36933.0,1669.1622650012032
36934.0,1669.9587048613867
36935.0,1670.7551447215665
36936.0,1355.056584581751
36937.0,1355.8530244419308
36938.0,1040.1534643021132
36939.0,724.4539041622938
36940.0,725.2503440224773
36941.0,726.0467838826571
36942.0,726.8432237428406
36943.0,411.1446636030232
36944.0,411.94110346320304
36945.0,412.7375433233865
36946.0,413.5339831835663
36947.0,414.33042304374976
36948.0,415.1268629039296
36949.0,415.92330276411303
36950.0,416.71974262429285
36951.0,101.02018248447712
36952.0,101.81662234466057
36953.0,102.61306220484039
36954.0,103.40950206502384
36955.0,104.20594192520366
36956.0,421.4983817853863
36957.0,422.2948216455661
36958.0,423.09126150574957
36959.0,740.3827013659338
36960.0,741.1791412261136
36961.0,741.9755810862971
36962.0,742.7720209464769
36963.0,743.5684608066604
36964.0,744.3649006668402
36965.0,1061.6573405270228
36966.0,1062.4537803872026
36967.0,1379.746220247387
36968.0,1380.5426601075706
36969.0,1697.8340999677494
36970.0,2015.1265398279338
36971.0,2332.4189796881146
36972.0,2649.710419548297
36973.0,2967.002859408476
36974.0,2967.7992992686595
36975.0,3285.091739128842
36976.0,3602.3831789890246
36977.0,3603.179618849208
36978.0,3920.472058709387
36979.0,3921.2684985695705
36980.0,3922.0649384297503
36981.0,3922.861378289934
36982.0,4240.153818150113
36983.0,4240.950258010296
36984.0,4241.74669787048
36985.0,4242.5431377306595
36986.0,4559.834577590842
36987.0,4560.631017451022
36988.0,4877.923457311208
36989.0,4878.719897171388
36990.0,4879.516337031571
36991.0,4880.312776891751
36992.0,4564.613216751932
36993.0,4565.409656612115
36994.0,4566.206096472295
36995.0,4250.5075363324795
36996.0,4251.303976192659
36997.0,3935.6044160528436
36998.0,3936.4008559130234
36999.0,3937.197295773207
37000.0,3937.9937356333903
37001.0,3938.79017549357
37002.0,3623.0906153537544
37003.0,3307.3920552139316
37004.0,3308.188495074115
37005.0,2992.4889349342957
37006.0,2676.78937479448
37007.0,2677.5858146546598
37008.0,2361.8872545148442
37009.0,2362.6836943750277
37010.0,2046.9841342352065
37011.0,2047.78057409539
37012.0,2048.57701395557
37013.0,1732.8774538157522
37014.0,1733.673893675932
37015.0,1734.4703335361155
37016.0,1735.2667733962953
37017.0,1419.5682132564798
37018.0,1420.3646531166632
37019.0,1421.161092976843
37020.0,1421.9575328370265
37021.0,1106.2579726972053
37022.0,1107.0544125573888
37023.0,1107.8508524175686
37024.0,1108.647292277752
37025.0,1109.4437321379355
37026.0,793.7441719981161
37027.0,794.5406118582996
37028.0,1111.8330517184786
37029.0,1112.629491578662
37030.0,1429.9219314388429
37031.0,1430.7183712990263
37032.0,1748.0098111592051
37033.0,1748.8062510193886
37034.0,2066.098690879573
37035.0,2066.895130739753
37036.0,2067.6915705999363
37037.0,2068.488010460116
37038.0,2069.2844503202996
37039.0,2386.5768901804804
37040.0,2387.373330040664
37041.0,2704.6647699008463
37042.0,3021.9572097610253
37043.0,3339.249649621208
37044.0,3656.5410894813904
37045.0,3973.833529341573
37046.0,3974.629969201753
37047.0,4291.9224090619355
37048.0,4292.718848922115
37049.0,4293.515288782299
37050.0,4294.311728642482
37051.0,4611.603168502661
37052.0,4612.399608362844
37053.0,4929.692048223027
37054.0,4930.4884880832105
37055.0,4931.28492794339
37056.0,4932.081367803574
37057.0,5249.373807663753
37058.0,4933.674247523937
37059.0,4934.4706873841205
37060.0,4935.2671272443
37061.0,4936.063567104484
37062.0,4620.364006964661
37063.0,4621.160446824844
37064.0,4621.956886685024
37065.0,4622.7533265452075
37066.0,4623.549766405391
37067.0,4307.851206265572
37068.0,4308.647646125755
37069.0,3992.948085985936
37070.0,3993.7445258461194
37071.0,3994.540965706299
37072.0,3995.3374055664826
37073.0,3679.6378454266633
37074.0,3680.4342852868467
37075.0,3681.23072514703
37076.0,3682.02716500721
37077.0,3682.8236048673934
37078.0,3683.6200447275733
37079.0,3367.921484587754
37080.0,3368.717924447934
37081.0,3053.018364308118
37082.0,3053.8148041683016
37083.0,2738.1152440284823
37084.0,2738.9116838886657
37085.0,2739.7081237488455
37086.0,2740.504563609029
37087.0,2741.301003469209
37088.0,2742.0974433293923
37089.0,2742.893883189572
37090.0,2743.6903230497555
37091.0,2744.486762909939
37092.0,2428.78820277012
37093.0,2429.5846426303033
37094.0,2430.381082490483
37095.0,2431.1775223506665
37096.0,2431.9739622108464
37097.0,2432.77040207103
37098.0,2750.0618419312086
37099.0,2750.858281791392
37100.0,2751.6547216515755
37101.0,3068.9471615117545
37102.0,3069.743601371938
37103.0,3070.540041232118
37104.0,3071.3364810923013
37105.0,3388.6289209524803
37106.0,3389.4253608126637
37107.0,3390.221800672847
37108.0,3707.5132405330296
37109.0,3708.309680393213
37110.0,4025.602120253392
37111.0,4342.894560113575
37112.0,4343.6909999737545
37113.0,4660.982439833937
37114.0,4661.778879694117
37115.0,4979.071319554303
37116.0,4979.8677594144865
37117.0,4980.664199274666
37118.0,5297.956639134849
37119.0,5298.753078995029
37120.0,5299.549518855212
37121.0,5616.841958715391
37122.0,5617.638398575575
37123.0,5301.938838435759
37124.0,5302.735278295939
37125.0,5303.531718156122
37126.0,5304.328158016302
37127.0,5305.1245978764855
37128.0,5305.921037736665
37129.0,5306.717477596849
37130.0,5307.513917457029
37131.0,4991.814357317213
37132.0,4676.1147971773935
37133.0,4360.416237037574
37134.0,4044.7166768977586
37135.0,4045.5131167579384
37136.0,3729.8135566181227
37137.0,3414.1149964783
37138.0,3098.415436338484
37139.0,3099.211876198664
37140.0,3100.0083160588474
37141.0,3100.804755919031
37142.0,2785.1051957792115
37143.0,2785.901635639395
37144.0,2786.6980754995748
37145.0,2470.9995153597592
37146.0,2155.299955219938
37147.0,1839.6003950801205
37148.0,1523.901834940305
37149.0,1524.6982748004848
37150.0,1525.4947146606683
37151.0,1526.291154520848
37152.0,1527.0875943810315
37153.0,1527.8840342412113
37154.0,1528.6804741013948
37155.0,1529.4769139615746
37156.0,1530.273353821758
37157.0,1531.0697936819415
37158.0,1215.3702335421203
37159.0,1216.1666734023038
37160.0,900.4671132624844
37161.0,901.2635531226679
37162.0,902.0599929828477
37163.0,902.8564328430311
37164.0,903.6528727032146
37165.0,1220.9453125633936
37166.0,1221.741752423577
37167.0,1222.5381922837569
37168.0,1223.3346321439403
37169.0,1540.6270720041211
37170.0,1541.4235118643046
37171.0,1542.2199517244844
37172.0,1543.0163915846679
37173.0,1543.8128314448513
37174.0,1861.1042713050301
37175.0,1861.9007111652136
37176.0,2179.1931510253944
37177.0,2179.989590885578
37178.0,2497.2820307457587
37179.0,2814.573470605941
37180.0,2815.369910466121
37181.0,3132.6623503263036
37182.0,3133.458790186487
37183.0,3134.255230046667
37184.0,3451.5476699068495
37185.0,3452.3441097670293
37186.0,3769.6355496272154
37187.0,3770.431989487395
37188.0,3771.2284293475786
37189.0,4088.5208692077613
37190.0,4089.317309067941
37191.0,4090.1137489281246
37192.0,4090.9101887883044
37193.0,4091.706628648488
37194.0,4092.5030685086676
37195.0,4093.299508368851
37196.0,4094.095948229031
37197.0,4094.8923880892144
37198.0,4095.688827949398
37199.0,3779.9892678095785
37200.0,3780.785707669762
37201.0,3465.087147529939
37202.0,3465.8835873901226
37203.0,3150.184027250303
37204.0,3150.9804671104866
37205.0,2835.280906970671
37206.0,2836.0773468308507
37207.0,2520.378786691035
37208.0,2521.175226551215
37209.0,2205.4756664113975
37210.0,2206.2721062715773
37211.0,1890.5725461317597
37212.0,1891.3689859919396
37213.0,1575.670425852124
37214.0,1259.9708657123065
37215.0,944.2713055724871
37216.0,628.5727454326698
37217.0,629.3691852928496
37218.0,630.165625153033
37219.0,630.9620650132129
37220.0,631.7585048733963
37221.0,632.5549447335761
37222.0,633.3513845937596
37223.0,634.147824453943
37224.0,318.44826431412366
37225.0,319.2447041743071
37226.0,320.04114403448693
37227.0,4.341583894669384
37228.0,5.1380237548492005
37229.0,-310.56153638496653
37230.0,-309.7650965247831
37231.0,-308.96865666460326
37232.0,-308.1722168044198
37233.0,-307.37577694424
37234.0,9.916662915942652
37235.0,10.713102776122469
37236.0,11.509542636305923
37237.0,328.80198249648674
37238.0,329.5984223566702
37239.0,330.39486221685365
37240.0,331.19130207703347
37241.0,648.4837419372161
37242.0,649.2801817973959
37243.0,650.0766216575794
37244.0,967.36806151776
37245.0,968.1645013779435
37246.0,1285.4569412381225
37247.0,1286.253381098306
37248.0,1603.5458209584904
37249.0,1920.8372608186692
37250.0,2238.1297006788536
37251.0,2238.9261405390334
37252.0,2556.218580399218
37253.0,2557.0150202593977
37254.0,2557.811460119581
37255.0,2558.6078999797646
37256.0,2559.4043398399444
37257.0,2560.200779700128
37258.0,2877.4922195603067
37259.0,2878.28865942049
37260.0,2879.08509928067
37261.0,2879.8815391408534
37262.0,2880.6779790010332
37263.0,3197.970418861216
37264.0,3198.7668587213993
37265.0,2883.06729858158
37266.0,2883.8637384417634
37267.0,2884.6601783019432
37268.0,2568.9616181621277
37269.0,2569.7580580223075
37270.0,2254.05849788249
37271.0,2254.8549377426734
37272.0,1939.1553776028522
37273.0,1939.9518174630357
37274.0,1624.2532573232165
37275.0,1625.0496971834
37276.0,1625.8461370435798
37277.0,1310.1465769037623
37278.0,994.4470167639429
37279.0,995.2434566241263
37280.0,679.544896484309
37281.0,680.3413363444888
37282.0,364.6417762046731
37283.0,365.4382160648529
37284.0,49.738655925035346
37285.0,-265.960904214784
37286.0,-265.16446435460057
37287.0,-264.36802449442075
37288.0,-580.0665846342381
37289.0,-579.2701447740546
37290.0,-894.969704913874
37291.0,-894.1732650536906
37292.0,-893.3768251935107
37293.0,-892.5803853333273
37294.0,-891.7839454731475
37295.0,-890.987505612964
37296.0,-890.1910657527806
37297.0,-889.3946258926007
37298.0,-888.5981860324173
37299.0,-1204.2977461722385
37300.0,-1203.501306312055
37301.0,-1202.7048664518752
37302.0,-1201.9084265916918
37303.0,-1201.111986731512
37304.0,-1200.3155468713285
37305.0,-1199.519107011145
37306.0,-882.2266671509642
37307.0,-881.4302272907807
37308.0,-564.1377874306017
37309.0,-563.3413475704183
37310.0,-246.04990771023768
37311.0,-245.25346785005422
37312.0,72.03897201012842
37313.0,72.83541187030823
37314.0,73.63185173049169
37315.0,74.4282915906715
37316.0,391.72073145085596
37317.0,392.5171713110358
37318.0,709.8096111712184
37319.0,1027.101051031399
37320.0,1027.8974908915825
37321.0,1028.693930751766
37322.0,1029.4903706119458
37323.0,1346.7828104721284
37324.0,1347.5792503323082
37325.0,1348.3756901924917
37326.0,1349.1721300526715
37327.0,1033.4725699128558
37328.0,1034.2690097730356
37329.0,1035.065449633219
37330.0,1035.8618894934025
37331.0,1036.6583293535823
37332.0,720.959769213765
37333.0,721.7562090739448
37334.0,722.5526489341282
37335.0,723.349088794308
37336.0,407.6495286544923
37337.0,408.44596851467577
37338.0,92.74640837485458
37339.0,93.54284823503804
37340.0,-222.15671190478133
37341.0,-221.36027204459788
37342.0,-537.0588321844189
37343.0,-536.2623923242354
37344.0,-851.9619524640548
37345.0,-851.1655126038713
37346.0,-850.3690727436879
37347.0,-1166.068632883509
37348.0,-1165.2721930233256
37349.0,-1164.4757531631458
37350.0,-1163.6793133029623
37351.0,-1479.3778734427815
37352.0,-1478.581433582598
37353.0,-1477.7849937224146
37354.0,-1476.9885538622348
37355.0,-1792.6881140020523
37356.0,-1791.8916741418725
37357.0,-2107.5912342816882
37358.0,-2106.7947944215084
37359.0,-2105.998354561325
37360.0,-2105.201914701145
37361.0,-2104.4054748409617
37362.0,-2420.104034980779
37363.0,-2419.307595120599
37364.0,-2418.5111552604158
37365.0,-2101.219715400235
37366.0,-2100.4232755400517
37367.0,-2099.626835679872
37368.0,-2098.8303958196884
37369.0,-2098.0339559595086
37370.0,-2097.237516099325
37371.0,-2096.4410762391417
37372.0,-2095.644636378962
37373.0,-1778.3521965187792
37374.0,-1777.5557566585994
37375.0,-1776.759316798416
37376.0,-1459.4668769382351
37377.0,-1458.6704370780517
37378.0,-1141.3789972178693
37379.0,-1140.5825573576894
37380.0,-823.290117497505
37381.0,-822.4936776373252
37382.0,-505.2012377771425
37383.0,-187.9097979169619
37384.0,129.38264194322073
37385.0,130.17908180340055
37386.0,447.471521663585
37387.0,448.26796152376846
37388.0,765.5604013839475
37389.0,1082.8518412441317
37390.0,1083.6482811043115
37391.0,1400.9407209644942
37392.0,1401.737160824674
37393.0,1719.0296006848585
37394.0,1719.826040545042
37395.0,2037.1174804052207
37396.0,2037.9139202654042
37397.0,2038.710360125584
37398.0,2039.5067999857674
37399.0,2040.3032398459472
37400.0,2041.0996797061307
37401.0,2041.8961195663105
37402.0,1726.197559426495
37403.0,1726.9939992866784
37404.0,1727.7904391468583
37405.0,1728.5868790070417
37406.0,1729.3833188672215
37407.0,1413.683758727404
37408.0,1414.4801985875838
37409.0,1098.780638447768
37410.0,1099.5770783079479
37411.0,783.8785181681305
37412.0,784.674958028314
37413.0,468.9753978884946
37414.0,469.7718377486781
37415.0,154.0722776088569
37416.0,154.86871746904035
37417.0,155.66515732922016
37418.0,-160.03440281059557
37419.0,-159.2379629504121
37420.0,-158.4415230902323
37421.0,-157.64508323004884
37422.0,-473.3436433698698
37423.0,-472.54720350968637
37424.0,-471.75076364950655
37425.0,-787.4503237893223
37426.0,-786.6538839291425
37427.0,-785.857444068959
37428.0,-785.0610042087756
37429.0,-784.2645643485957
37430.0,-783.4681244884123
37431.0,-782.6716846282325
37432.0,-1098.37124476805
37433.0,-1097.5748049078702
37434.0,-1096.7783650476867
37435.0,-1095.981925187507
37436.0,-1411.6804853273225
37437.0,-1410.884045467139
37438.0,-1410.0876056069592
37439.0,-1409.2911657467757
37440.0,-1091.999725886597
37441.0,-1091.2032860264135
37442.0,-1090.4068461662337
37443.0,-1089.6104063060502
37444.0,-772.3179664458657
37445.0,-771.5215265856859
37446.0,-454.2290867255033
37447.0,-453.4326468653235
37448.0,-136.14120700513922
37449.0,-135.3447671449594
37450.0,181.94767271522323
37451.0,182.74411257540305
37452.0,500.0365524355875
37453.0,500.83299229577096
37454.0,818.12543215595
37455.0,1135.4168720161342
37456.0,1136.213311876314
37457.0,1137.0097517364975
37458.0,1454.3021915966765
37459.0,1455.09863145686
37460.0,1772.3910713170444
37461.0,1773.1875111772242
37462.0,1773.9839510374077
37463.0,2091.2753908975865
37464.0,2092.07183075777
37465.0,2092.8682706179497
37466.0,2093.664710478133
37467.0,2094.461150338313
37468.0,2095.2575901984965
37469.0,2096.05403005868
37470.0,2096.8504699188597
37471.0,2097.646909779043
37472.0,2098.443349639223
37473.0,2099.2397894994065
37474.0,2100.0362293595863
37475.0,2100.8326692197697
37476.0,1785.1341090799506
37477.0,1785.930548940134
37478.0,1470.2309888003165
37479.0,1471.0274286604963
37480.0,1155.3278685206806
37481.0,1156.1243083808604
37482.0,1156.9207482410438
37483.0,1157.7171881012237
37484.0,842.0186279614063
37485.0,842.8150678215898
37486.0,843.6115076817696
37487.0,844.407947541953
37488.0,845.2043874021329
37489.0,529.5048272623171
37490.0,530.3012671224969
37491.0,531.0977069826804
37492.0,531.8941468428602
37493.0,216.19458670304266
37494.0,216.99102656322611
37495.0,217.78746642340593
37496.0,218.58390628358939
37497.0,219.3803461437692
37498.0,220.17678600395266
37499.0,537.4692258641335
37500.0,538.2656657243169
37501.0,539.0621055845004
37502.0,539.8585454446802
37503.0,540.6549853048637
37504.0,541.4514251650435
37505.0,225.75186502522592
37506.0,226.54830488540574
37507.0,227.3447447455892
37508.0,544.63718460577
37509.0,545.4336244659535
37510.0,546.2300643261369
37511.0,863.5225041863159
37512.0,864.3189440464994
37513.0,1181.61038390668
37514.0,1182.4068237668635
37515.0,1499.6992636270425
37516.0,1500.495703487226
37517.0,1817.7881433474067
37518.0,1818.5845832075902
37519.0,1819.3810230677736
37520.0,1820.1774629279535
37521.0,2137.468902788136
37522.0,2138.2653426483157
37523.0,2455.5577825085
37524.0,2772.850222368681
37525.0,3090.1416622288634
37526.0,3407.434102089046
37527.0,3408.230541949226
37528.0,3725.5229818094085
37529.0,4042.814421669591
37530.0,4043.6108615297744
37531.0,4044.4073013899542
37532.0,4045.2037412501377
37533.0,4046.0001811103175
37534.0,4046.796620970501
37535.0,4047.5930608306844
37536.0,4048.389500690864
37537.0,4365.681940551047
37538.0,4366.478380411227
37539.0,4367.27482027141
37540.0,4684.567260131589
37541.0,4685.363699991773
37542.0,4686.160139851956
37543.0,4686.956579712136
37544.0,4371.25701957232
37545.0,4372.0534594325
37546.0,4056.353899292684
37547.0,4057.150339152864
37548.0,3741.451779013045
37549.0,3742.2482188732247
37550.0,3743.044658733408
37551.0,3743.8410985935916
37552.0,3744.6375384537714
